1.0,1,63.0,382.0,771.0,1251.0,1845.0,2606.0,3567.0,4783.0,6245.0,7970.0,10031.0,12534.0,15549.0,19093.0,23134.0,27557.0,32178.0,36750.0,41047.0,44845.0,48068.0,51398.0,51561.0
1.0,2,57.0,125.0,206.0,308.0,436.0,596.0,799.0,1057.0,1381.0,1791.0,2309.0,2965.0,3791.0,4825.0,6106.0,7676.0,9580.0,11862.0,14546.0,17623.0,21055.0,24758.0,28612.0
1.0,3,57.0,122.0,203.0,303.0,430.0,592.0,795.0,1055.0,1387.0,1806.0,2342.0,3020.0,3878.0,4951.0,6283.0,7909.0,9874.0,12214.0,14946.0,18059.0,21506.0,25212.0,29053.0
1.0,4,63.0,339.0,664.0,1080.0,1594.0,2261.0,3099.0,4155.0,5489.0,7140.0,9192.0,11716.0,14762.0,18361.0,22455.0,26924.0,31582.0,36163.0,40448.0,44208.0,47376.0,50313.0,50469.0
2.0,1,16.0,90.0,191.0,321.0,487.0,703.0,978.0,1326.0,1741.0,2225.0,2797.0,3493.0,4331.0,5316.0,6439.0,7668.0,8952.0,10223.0,11417.0,12472.0,13369.0,14293.0,14339.0
2.0,2,13.0,29.0,49.0,76.0,110.0,153.0,209.0,281.0,372.0,488.0,634.0,820.0,1053.0,1345.0,1705.0,2143.0,2672.0,3307.0,4052.0,4907.0,5861.0,6890.0,7962.0
2.0,3,13.0,28.0,48.0,74.0,108.0,152.0,208.0,281.0,373.0,492.0,643.0,835.0,1077.0,1380.0,1754.0,2208.0,2754.0,3404.0,4163.0,5028.0,5987.0,7016.0,8084.0
2.0,4,16.0,81.0,165.0,278.0,422.0,611.0,851.0,1153.0,1531.0,1994.0,2564.0,3266.0,4112.0,5112.0,6250.0,7492.0,8787.0,10060.0,11251.0,12295.0,13177.0,13992.0,14036.0
3.0,1,41.0,246.0,507.0,837.0,1252.0,1786.0,2463.0,3319.0,4346.0,5551.0,6983.0,8723.0,10818.0,13282.0,16091.0,19165.0,22377.0,25555.0,28541.0,31182.0,33422.0,35736.0,35850.0
3.0,2,36.0,80.0,133.0,202.0,290.0,400.0,541.0,720.0,946.0,1233.0,1596.0,2056.0,2635.0,3359.0,4254.0,5347.0,6671.0,8257.0,10123.0,12261.0,14647.0,17220.0,19900.0
3.0,3,36.0,78.0,132.0,199.0,286.0,397.0,538.0,718.0,950.0,1243.0,1618.0,2094.0,2695.0,3446.0,4377.0,5509.0,6875.0,8502.0,10400.0,12564.0,14960.0,17536.0,20206.0
3.0,4,41.0,219.0,437.0,724.0,1082.0,1551.0,2141.0,2885.0,3822.0,4974.0,6400.0,8154.0,10272.0,12773.0,15619.0,18725.0,21963.0,25147.0,28126.0,30739.0,32942.0,34982.0,35091.0
4.0,1,25.0,151.0,296.0,468.0,674.0,935.0,1263.0,1678.0,2181.0,2780.0,3501.0,4377.0,5431.0,6673.0,8086.0,9634.0,11252.0,12850.0,14355.0,15684.0,16811.0,17976.0,18035.0
4.0,2,24.0,50.0,81.0,118.0,165.0,222.0,294.0,384.0,496.0,638.0,816.0,1042.0,1327.0,1684.0,2128.0,2676.0,3342.0,4140.0,5080.0,6157.0,7357.0,8653.0,10003.0
4.0,3,24.0,49.0,80.0,116.0,163.0,220.0,292.0,383.0,498.0,643.0,828.0,1062.0,1357.0,1728.0,2190.0,2757.0,3445.0,4264.0,5220.0,6309.0,7515.0,8812.0,10157.0
4.0,4,25.0,134.0,254.0,403.0,581.0,810.0,1096.0,1457.0,1916.0,2489.0,3207.0,4090.0,5156.0,6416.0,7849.0,9413.0,11043.0,12645.0,14145.0,15461.0,16569.0,17597.0,17653.0
5.0,1,28.0,165.0,350.0,591.0,898.0,1298.0,1807.0,2450.0,3219.0,4114.0,5173.0,6460.0,8009.0,9831.0,11908.0,14181.0,16557.0,18907.0,21116.0,23068.0,24724.0,26435.0,26520.0
5.0,2,23.0,53.0,90.0,139.0,202.0,283.0,386.0,519.0,687.0,901.0,1172.0,1516.0,1948.0,2488.0,3154.0,3964.0,4943.0,6116.0,7496.0,9077.0,10841.0,12744.0,14726.0
5.0,3,23.0,52.0,89.0,137.0,200.0,281.0,385.0,518.0,690.0,909.0,1189.0,1544.0,1992.0,2553.0,3245.0,4084.0,5094.0,6297.0,7701.0,9301.0,11073.0,12978.0,14953.0
5.0,4,28.0,147.0,303.0,512.0,778.0,1129.0,1572.0,2131.0,2832.0,3687.0,4742.0,6039.0,7605.0,9455.0,11559.0,13856.0,16250.0,18605.0,20808.0,22741.0,24369.0,25877.0,25959.0
6.0,1,14.0,80.0,163.0,268.0,399.0,568.0,782.0,1053.0,1378.0,1759.0,2213.0,2765.0,3429.0,4210.0,5100.0,6075.0,7093.0,8100.0,9047.0,9884.0,10595.0,11328.0,11364.0
6.0,2,12.0,26.0,43.0,65.0,93.0,128.0,173.0,230.0,301.0,392.0,507.0,653.0,836.0,1065.0,1348.0,1695.0,2114.0,2617.0,3209.0,3886.0,4643.0,5459.0,6308.0
6.0,3,12.0,26.0,43.0,64.0,92.0,127.0,172.0,229.0,302.0,395.0,514.0,664.0,855.0,1093.0,1387.0,1746.0,2179.0,2695.0,3297.0,3982.0,4742.0,5559.0,6405.0
6.0,4,14.0,71.0,140.0,231.0,345.0,493.0,680.0,915.0,1212.0,1576.0,2028.0,2585.0,3256.0,4049.0,4951.0,5935.0,6962.0,7971.0,8916.0,9743.0,10442.0,11089.0,11123.0
7.0,1,28.0,178.0,340.0,524.0,739.0,1007.0,1341.0,1764.0,2279.0,2902.0,3657.0,4576.0,5681.0,6981.0,8463.0,10085.0,11780.0,13458.0,15034.0,16426.0,17610.0,18830.0,18890.0
7.0,2,29.0,61.0,95.0,137.0,187.0,248.0,324.0,418.0,535.0,682.0,866.0,1098.0,1391.0,1760.0,2221.0,2793.0,3491.0,4328.0,5313.0,6441.0,7700.0,9058.0,10472.0
7.0,3,29.0,59.0,94.0,135.0,185.0,247.0,322.0,418.0,537.0,688.0,878.0,1119.0,1424.0,1807.0,2286.0,2878.0,3599.0,4457.0,5459.0,6601.0,7866.0,9225.0,10634.0
7.0,4,28.0,157.0,291.0,450.0,636.0,871.0,1162.0,1530.0,2001.0,2597.0,3350.0,4276.0,5393.0,6713.0,8215.0,9853.0,11562.0,13243.0,14815.0,16193.0,17356.0,18432.0,18490.0
8.0,1,32.0,190.0,403.0,681.0,1037.0,1500.0,2090.0,2835.0,3726.0,4762.0,5987.0,7476.0,9269.0,11377.0,13780.0,16410.0,19160.0,21879.0,24434.0,26694.0,28612.0,30590.0,30688.0
8.0,2,26.0,60.0,103.0,160.0,233.0,326.0,445.0,599.0,793.0,1041.0,1355.0,1753.0,2254.0,2879.0,3650.0,4588.0,5720.0,7078.0,8674.0,10504.0,12546.0,14747.0,17040.0
8.0,3,26.0,59.0,102.0,157.0,230.0,324.0,443.0,598.0,797.0,1050.0,1374.0,1785.0,2305.0,2954.0,3755.0,4726.0,5895.0,7287.0,8911.0,10763.0,12814.0,15017.0,17303.0
8.0,4,32.0,169.0,348.0,590.0,898.0,1304.0,1818.0,2466.0,3277.0,4268.0,5488.0,6989.0,8801.0,10941.0,13377.0,16034.0,18806.0,21530.0,24078.0,26315.0,28200.0,29944.0,30039.0
9.0,1,32.0,189.0,396.0,662.0,999.0,1435.0,1989.0,2690.0,3528.0,4508.0,5670.0,7081.0,8780.0,10779.0,13057.0,15550.0,18156.0,20734.0,23156.0,25298.0,27115.0,28992.0,29085.0
9.0,2,27.0,61.0,103.0,158.0,228.0,316.0,430.0,576.0,759.0,994.0,1290.0,1665.0,2137.0,2727.0,3455.0,4343.0,5417.0,6704.0,8217.0,9951.0,11886.0,13974.0,16147.0
9.0,3,27.0,59.0,102.0,155.0,225.0,314.0,428.0,575.0,763.0,1002.0,1308.0,1695.0,2186.0,2798.0,3555.0,4475.0,5582.0,6902.0,8442.0,10197.0,12140.0,14230.0,16396.0
9.0,4,32.0,168.0,342.0,573.0,864.0,1247.0,1730.0,2338.0,3103.0,4040.0,5196.0,6620.0,8337.0,10366.0,12674.0,15193.0,17820.0,20403.0,22819.0,24938.0,26725.0,28380.0,28469.0
10.0,1,16.0,95.0,199.0,332.0,501.0,720.0,998.0,1350.0,1771.0,2263.0,2846.0,3554.0,4408.0,5411.0,6554.0,7806.0,9114.0,10407.0,11624.0,12699.0,13611.0,14553.0,14599.0
10.0,2,14.0,31.0,52.0,80.0,115.0,159.0,216.0,289.0,382.0,499.0,648.0,836.0,1073.0,1369.0,1735.0,2181.0,2720.0,3365.0,4125.0,4996.0,5967.0,7015.0,8106.0
10.0,3,14.0,30.0,51.0,78.0,113.0,158.0,215.0,289.0,383.0,503.0,657.0,851.0,1098.0,1405.0,1785.0,2247.0,2803.0,3465.0,4238.0,5119.0,6095.0,7143.0,8231.0
10.0,4,16.0,84.0,172.0,287.0,434.0,626.0,868.0,1174.0,1558.0,2028.0,2608.0,3323.0,4185.0,5204.0,6362.0,7626.0,8945.0,10241.0,11454.0,12518.0,13415.0,14246.0,14290.0
11.0,1,99.0,595.0,1212.0,1982.0,2941.0,4171.0,5729.0,7699.0,10066.0,12850.0,16169.0,20201.0,25056.0,30766.0,37274.0,44398.0,51843.0,59207.0,66127.0,72244.0,77438.0,82798.0,83063.0
11.0,2,88.0,193.0,321.0,483.0,688.0,945.0,1272.0,1687.0,2209.0,2872.0,3710.0,4771.0,6105.0,7777.0,9844.0,12376.0,15443.0,19119.0,23442.0,28398.0,33926.0,39890.0,46099.0
11.0,3,88.0,189.0,317.0,476.0,679.0,939.0,1265.0,1684.0,2218.0,2896.0,3762.0,4858.0,6245.0,7980.0,10130.0,12752.0,15916.0,19686.0,24085.0,29099.0,34653.0,40621.0,46809.0
11.0,4,99.0,528.0,1045.0,1712.0,2541.0,3621.0,4979.0,6690.0,8849.0,11513.0,14817.0,18883.0,23790.0,29586.0,36181.0,43378.0,50883.0,58261.0,65164.0,71218.0,76324.0,81051.0,81305.0
12.0,1,36.0,217.0,449.0,746.0,1119.0,1601.0,2214.0,2988.0,3915.0,5001.0,6291.0,7857.0,9744.0,11963.0,14492.0,17260.0,20153.0,23015.0,25704.0,28081.0,30099.0,32182.0,32286.0
12.0,2,31.0,70.0,118.0,179.0,257.0,356.0,483.0,644.0,848.0,1107.0,1435.0,1850.0,2372.0,3026.0,3833.0,4818.0,6010.0,7438.0,9118.0,11044.0,13192.0,15510.0,17923.0
12.0,3,31.0,68.0,116.0,176.0,254.0,354.0,480.0,643.0,852.0,1116.0,1455.0,1884.0,2427.0,3105.0,3944.0,4964.0,6194.0,7659.0,9368.0,11316.0,13475.0,15794.0,18199.0
12.0,4,36.0,193.0,388.0,645.0,968.0,1391.0,1925.0,2597.0,3443.0,4481.0,5766.0,7345.0,9252.0,11505.0,14067.0,16864.0,19780.0,22648.0,25329.0,27682.0,29666.0,31503.0,31603.0
13.0,1,17.0,101.0,216.0,367.0,560.0,812.0,1134.0,1539.0,2024.0,2588.0,3253.0,4062.0,5036.0,6182.0,7487.0,8916.0,10410.0,11887.0,13276.0,14502.0,15545.0,16620.0,16673.0
13.0,2,14.0,32.0,55.0,86.0,125.0,176.0,241.0,324.0,430.0,565.0,735.0,952.0,1224.0,1565.0,1984.0,2493.0,3109.0,3846.0,4714.0,5708.0,6817.0,8013.0,9259.0
13.0,3,14.0,31.0,54.0,84.0,124.0,174.0,239.0,323.0,432.0,569.0,746.0,969.0,1252.0,1605.0,2041.0,2569.0,3204.0,3960.0,4843.0,5848.0,6962.0,8160.0,9401.0
13.0,4,17.0,90.0,187.0,318.0,485.0,706.0,986.0,1339.0,1781.0,2319.0,2982.0,3798.0,4782.0,5945.0,7268.0,8712.0,10217.0,11697.0,13083.0,14297.0,15321.0,16270.0,16321.0
14.0,1,33.0,205.0,400.0,630.0,907.0,1256.0,1695.0,2251.0,2923.0,3725.0,4692.0,5866.0,7280.0,8943.0,10839.0,12914.0,15082.0,17228.0,19242.0,21025.0,22538.0,24098.0,24175.0
14.0,2,32.0,68.0,109.0,160.0,222.0,299.0,395.0,516.0,666.0,856.0,1095.0,1398.0,1778.0,2257.0,2852.0,3586.0,4479.0,5550.0,6809.0,8253.0,9863.0,11599.0,13408.0
14.0,3,32.0,66.0,108.0,157.0,219.0,297.0,393.0,515.0,669.0,864.0,1111.0,1424.0,1820.0,2316.0,2935.0,3695.0,4617.0,5715.0,6996.0,8457.0,10074.0,11812.0,13615.0
14.0,4,33.0,181.0,343.0,543.0,782.0,1089.0,1471.0,1953.0,2567.0,3336.0,4298.0,5482.0,6911.0,8600.0,10520.0,12617.0,14803.0,16952.0,18962.0,20727.0,22213.0,23589.0,23663.0
15.0,1,38.0,229.0,465.0,758.0,1121.0,1588.0,2178.0,2924.0,3821.0,4877.0,6137.0,7668.0,9511.0,11679.0,14150.0,16854.0,19681.0,22478.0,25105.0,27428.0,29399.0,31435.0,31535.0
15.0,2,34.0,75.0,124.0,185.0,264.0,361.0,485.0,643.0,841.0,1093.0,1410.0,1812.0,2318.0,2952.0,3736.0,4697.0,5862.0,7257.0,8899.0,10781.0,12879.0,15144.0,17501.0
15.0,3,34.0,73.0,122.0,183.0,260.0,359.0,483.0,642.0,845.0,1102.0,1430.0,1845.0,2371.0,3029.0,3845.0,4840.0,6041.0,7473.0,9143.0,11047.0,13155.0,15422.0,17771.0
15.0,4,38.0,203.0,400.0,654.0,969.0,1378.0,1892.0,2540.0,3359.0,4369.0,5624.0,7168.0,9030.0,11231.0,13735.0,16467.0,19317.0,22119.0,24739.0,27038.0,28976.0,30772.0,30867.0
16.0,1,19.0,120.0,233.0,367.0,528.0,730.0,985.0,1307.0,1696.0,2162.0,2724.0,3406.0,4227.0,5192.0,6293.0,7498.0,8757.0,10002.0,11173.0,12207.0,13086.0,13992.0,14037.0
16.0,2,19.0,40.0,64.0,93.0,130.0,174.0,230.0,300.0,387.0,498.0,636.0,812.0,1033.0,1310.0,1655.0,2081.0,2600.0,3222.0,3953.0,4791.0,5726.0,6735.0,7785.0
16.0,3,19.0,39.0,63.0,92.0,128.0,173.0,229.0,299.0,389.0,502.0,645.0,827.0,1056.0,1345.0,1704.0,2145.0,2680.0,3318.0,4062.0,4910.0,5849.0,6858.0,7905.0
16.0,4,19.0,106.0,200.0,316.0,455.0,633.0,854.0,1134.0,1490.0,1936.0,2495.0,3183.0,4012.0,4993.0,6108.0,7326.0,8594.0,9842.0,11010.0,12034.0,12897.0,13697.0,13740.0
17.0,1,5.0,32.0,59.0,85.0,114.0,149.0,191.0,245.0,312.0,396.0,500.0,627.0,779.0,959.0,1163.0,1387.0,1620.0,1851.0,2069.0,2260.0,2424.0,2592.0,2600.0
17.0,2,5.0,11.0,16.0,23.0,31.0,40.0,50.0,63.0,79.0,98.0,122.0,153.0,191.0,240.0,302.0,380.0,476.0,592.0,727.0,883.0,1056.0,1244.0,1439.0
17.0,3,5.0,10.0,16.0,23.0,30.0,39.0,50.0,63.0,79.0,99.0,124.0,156.0,196.0,247.0,311.0,392.0,491.0,609.0,748.0,905.0,1079.0,1267.0,1461.0
17.0,4,5.0,28.0,50.0,73.0,98.0,129.0,165.0,212.0,273.0,354.0,458.0,585.0,739.0,922.0,1128.0,1355.0,1590.0,1822.0,2039.0,2228.0,2389.0,2538.0,2545.0
18.0,1,28.0,169.0,342.0,558.0,825.0,1169.0,1603.0,2152.0,2812.0,3589.0,4516.0,5643.0,6999.0,8594.0,10412.0,12403.0,14482.0,16540.0,18474.0,20183.0,21634.0,23132.0,23205.0
18.0,2,25.0,55.0,91.0,136.0,194.0,266.0,357.0,473.0,619.0,804.0,1037.0,1333.0,1706.0,2172.0,2749.0,3456.0,4313.0,5340.0,6548.0,7932.0,9477.0,11143.0,12878.0
18.0,3,25.0,53.0,90.0,134.0,191.0,264.0,355.0,472.0,621.0,811.0,1052.0,1358.0,1745.0,2229.0,2829.0,3561.0,4445.0,5499.0,6728.0,8128.0,9680.0,11348.0,13076.0
18.0,4,28.0,150.0,295.0,482.0,713.0,1014.0,1393.0,1870.0,2472.0,3215.0,4138.0,5275.0,6645.0,8265.0,10107.0,12118.0,14214.0,16276.0,18205.0,19896.0,21323.0,22644.0,22714.0
19.0,1,9.0,53.0,116.0,200.0,308.0,450.0,631.0,859.0,1132.0,1448.0,1820.0,2272.0,2816.0,3456.0,4186.0,4985.0,5819.0,6645.0,7421.0,8107.0,8689.0,9290.0,9319.0
19.0,2,8.0,17.0,30.0,47.0,68.0,96.0,133.0,179.0,239.0,314.0,410.0,532.0,685.0,876.0,1111.0,1396.0,1740.0,2152.0,2637.0,3192.0,3812.0,4481.0,5177.0
19.0,3,8.0,17.0,30.0,46.0,68.0,96.0,132.0,179.0,240.0,317.0,416.0,542.0,700.0,899.0,1143.0,1438.0,1793.0,2216.0,2709.0,3271.0,3893.0,4563.0,5256.0
19.0,4,9.0,48.0,100.0,173.0,267.0,391.0,549.0,748.0,996.0,1298.0,1668.0,2124.0,2674.0,3324.0,4064.0,4871.0,5712.0,6539.0,7312.0,7992.0,8564.0,9094.0,9122.0
20.0,1,30.0,174.0,377.0,647.0,995.0,1451.0,2031.0,2765.0,3641.0,4655.0,5852.0,7306.0,9056.0,11115.0,13461.0,16029.0,18714.0,21368.0,23863.0,26069.0,27941.0,29874.0,29970.0
20.0,2,24.0,55.0,96.0,150.0,220.0,311.0,427.0,577.0,767.0,1011.0,1319.0,1710.0,2201.0,2815.0,3570.0,4487.0,5592.0,6918.0,8476.0,10263.0,12256.0,14406.0,16645.0
20.0,3,24.0,54.0,95.0,148.0,218.0,309.0,425.0,576.0,771.0,1019.0,1337.0,1741.0,2251.0,2887.0,3673.0,4622.0,5763.0,7122.0,8708.0,10516.0,12518.0,14670.0,16901.0
20.0,4,30.0,156.0,327.0,561.0,863.0,1262.0,1768.0,2406.0,3204.0,4173.0,5365.0,6831.0,8599.0,10689.0,13067.0,15661.0,18368.0,21027.0,23516.0,25699.0,27540.0,29244.0,29336.0
21.0,1,27.0,171.0,307.0,445.0,593.0,768.0,982.0,1253.0,1591.0,2017.0,2549.0,3196.0,3974.0,4889.0,5932.0,7074.0,8267.0,9448.0,10557.0,11537.0,12370.0,13229.0,13271.0
21.0,2,30.0,60.0,90.0,124.0,164.0,209.0,264.0,330.0,410.0,508.0,631.0,785.0,980.0,1227.0,1541.0,1939.0,2430.0,3020.0,3712.0,4507.0,5393.0,6349.0,7344.0
21.0,3,30.0,58.0,88.0,122.0,161.0,208.0,262.0,329.0,411.0,513.0,640.0,800.0,1003.0,1261.0,1587.0,1999.0,2506.0,3111.0,3815.0,4619.0,5509.0,6466.0,7458.0
21.0,4,27.0,149.0,261.0,380.0,508.0,662.0,848.0,1084.0,1394.0,1803.0,2333.0,2984.0,3771.0,4700.0,5757.0,6910.0,8113.0,9296.0,10402.0,11373.0,12191.0,12949.0,12989.0
22.0,1,14.0,78.0,165.0,279.0,425.0,615.0,857.0,1163.0,1528.0,1953.0,2455.0,3066.0,3801.0,4665.0,5650.0,6728.0,7855.0,8970.0,10018.0,10944.0,11730.0,12541.0,12581.0
22.0,2,11.0,25.0,42.0,66.0,95.0,134.0,183.0,246.0,325.0,427.0,556.0,719.0,924.0,1181.0,1497.0,1881.0,2345.0,2902.0,3557.0,4307.0,5144.0,6046.0,6986.0
22.0,3,11.0,24.0,42.0,65.0,94.0,133.0,182.0,245.0,327.0,431.0,563.0,732.0,945.0,1211.0,1540.0,1938.0,2417.0,2988.0,3654.0,4413.0,5254.0,6157.0,7094.0
22.0,4,14.0,70.0,143.0,242.0,368.0,535.0,746.0,1011.0,1344.0,1751.0,2251.0,2866.0,3609.0,4486.0,5484.0,6574.0,7710.0,8827.0,9872.0,10788.0,11561.0,12276.0,12315.0
23.0,1,44.0,263.0,535.0,871.0,1289.0,1824.0,2501.0,3358.0,4388.0,5601.0,7048.0,8807.0,10924.0,13414.0,16252.0,19358.0,22606.0,25816.0,28834.0,31502.0,33768.0,36104.0,36220.0
23.0,2,40.0,87.0,143.0,214.0,304.0,416.0,558.0,739.0,967.0,1256.0,1620.0,2082.0,2663.0,3391.0,4292.0,5395.0,6733.0,8336.0,10221.0,12382.0,14793.0,17394.0,20101.0
23.0,3,40.0,84.0,141.0,211.0,300.0,413.0,556.0,738.0,971.0,1266.0,1643.0,2120.0,2724.0,3479.0,4416.0,5559.0,6939.0,8583.0,10501.0,12688.0,15110.0,17712.0,20411.0
23.0,4,44.0,234.0,460.0,752.0,1113.0,1583.0,2174.0,2918.0,3857.0,5018.0,6459.0,8232.0,10372.0,12899.0,15776.0,18914.0,22187.0,25404.0,28414.0,31055.0,33282.0,35342.0,35453.0
24.0,1,19.0,116.0,229.0,362.0,525.0,730.0,988.0,1315.0,1709.0,2180.0,2745.0,3431.0,4258.0,5231.0,6339.0,7552.0,8820.0,10074.0,11253.0,12294.0,13179.0,14091.0,14136.0
24.0,2,19.0,39.0,63.0,92.0,128.0,173.0,229.0,299.0,388.0,499.0,639.0,817.0,1040.0,1321.0,1670.0,2099.0,2622.0,3248.0,3984.0,4828.0,5769.0,6785.0,7842.0
24.0,3,19.0,38.0,62.0,90.0,126.0,172.0,228.0,299.0,389.0,503.0,648.0,832.0,1064.0,1356.0,1718.0,2163.0,2702.0,3344.0,4093.0,4947.0,5893.0,6909.0,7963.0
24.0,4,19.0,103.0,196.0,312.0,452.0,632.0,858.0,1141.0,1502.0,1952.0,2515.0,3207.0,4043.0,5030.0,6153.0,7379.0,8657.0,9913.0,11089.0,12120.0,12989.0,13794.0,13837.0
25.0,1,25.0,152.0,310.0,508.0,755.0,1072.0,1473.0,1981.0,2591.0,3308.0,4162.0,5200.0,6450.0,7919.0,9595.0,11428.0,13344.0,15240.0,17021.0,18595.0,19932.0,21312.0,21380.0
25.0,2,22.0,49.0,82.0,123.0,176.0,242.0,326.0,433.0,567.0,738.0,954.0,1227.0,1571.0,2002.0,2534.0,3186.0,3975.0,4922.0,6034.0,7310.0,8733.0,10268.0,11866.0
25.0,3,22.0,48.0,80.0,121.0,173.0,240.0,324.0,432.0,570.0,744.0,967.0,1250.0,1607.0,2054.0,2608.0,3283.0,4097.0,5068.0,6200.0,7490.0,8920.0,10456.0,12049.0
25.0,4,25.0,135.0,267.0,439.0,652.0,930.0,1281.0,1722.0,2278.0,2964.0,3814.0,4861.0,6124.0,7616.0,9314.0,11166.0,13097.0,14996.0,16773.0,18331.0,19646.0,20863.0,20928.0
26.0,1,19.0,111.0,240.0,409.0,628.0,913.0,1276.0,1736.0,2284.0,2920.0,3671.0,4583.0,5682.0,6974.0,8447.0,10058.0,11742.0,13409.0,14974.0,16359.0,17535.0,18747.0,18806.0
26.0,2,16.0,36.0,62.0,96.0,140.0,197.0,270.0,364.0,483.0,636.0,829.0,1074.0,1382.0,1766.0,2239.0,2814.0,3508.0,4340.0,5318.0,6440.0,7691.0,9040.0,10445.0
26.0,3,16.0,35.0,61.0,94.0,138.0,196.0,269.0,364.0,486.0,641.0,840.0,1093.0,1413.0,1812.0,2304.0,2899.0,3615.0,4469.0,5464.0,6598.0,7855.0,9206.0,10605.0
26.0,4,19.0,99.0,208.0,355.0,544.0,794.0,1111.0,1510.0,2009.0,2617.0,3365.0,4285.0,5395.0,6707.0,8199.0,9827.0,11525.0,13195.0,14756.0,16126.0,17282.0,18352.0,18409.0
27.0,1,3.0,18.0,42.0,75.0,119.0,177.0,251.0,345.0,456.0,584.0,734.0,916.0,1135.0,1393.0,1686.0,2008.0,2344.0,2676.0,2988.0,3264.0,3499.0,3740.0,3752.0
27.0,2,2.0,6.0,10.0,17.0,25.0,36.0,51.0,70.0,94.0,124.0,164.0,213.0,276.0,353.0,448.0,564.0,702.0,868.0,1063.0,1287.0,1536.0,1805.0,2085.0
27.0,3,2.0,6.0,10.0,17.0,25.0,36.0,51.0,69.0,94.0,125.0,166.0,217.0,282.0,362.0,461.0,581.0,723.0,894.0,1092.0,1318.0,1569.0,1838.0,2117.0
27.0,4,3.0,16.0,36.0,65.0,103.0,154.0,219.0,300.0,402.0,524.0,673.0,857.0,1078.0,1339.0,1637.0,1962.0,2300.0,2634.0,2945.0,3218.0,3448.0,3662.0,3673.0
28.0,1,51.0,316.0,619.0,975.0,1404.0,1945.0,2625.0,3486.0,4527.0,5771.0,7269.0,9088.0,11279.0,13855.0,16792.0,20007.0,23366.0,26689.0,29812.0,32572.0,34916.0,37335.0,37455.0
28.0,2,50.0,106.0,169.0,248.0,345.0,463.0,612.0,799.0,1032.0,1327.0,1697.0,2166.0,2756.0,3497.0,4419.0,5556.0,6940.0,8599.0,10549.0,12786.0,15280.0,17971.0,20773.0
28.0,3,50.0,103.0,167.0,244.0,340.0,460.0,609.0,798.0,1037.0,1338.0,1721.0,2206.0,2820.0,3589.0,4548.0,5725.0,7153.0,8855.0,10840.0,13102.0,15608.0,18301.0,21094.0
28.0,4,51.0,279.0,531.0,840.0,1210.0,1685.0,2278.0,3026.0,3977.0,5168.0,6658.0,8494.0,10707.0,13323.0,16299.0,19547.0,22933.0,26263.0,29377.0,32109.0,34413.0,36546.0,36661.0
29.0,1,25.0,150.0,302.0,491.0,723.0,1021.0,1398.0,1874.0,2447.0,3123.0,3931.0,4912.0,6093.0,7482.0,9066.0,10799.0,12611.0,14401.0,16085.0,17575.0,18838.0,20141.0,20208.0
29.0,2,22.0,49.0,80.0,120.0,171.0,233.0,313.0,414.0,541.0,702.0,905.0,1162.0,1485.0,1891.0,2392.0,3008.0,3754.0,4648.0,5700.0,6906.0,8251.0,9702.0,11214.0
29.0,3,22.0,47.0,79.0,119.0,168.0,232.0,311.0,413.0,543.0,708.0,918.0,1183.0,1519.0,1940.0,2462.0,3099.0,3869.0,4786.0,5856.0,7077.0,8428.0,9880.0,11386.0
29.0,4,25.0,133.0,260.0,423.0,625.0,886.0,1214.0,1628.0,2151.0,2798.0,3602.0,4591.0,5785.0,7195.0,8800.0,10551.0,12377.0,14171.0,15851.0,17325.0,18567.0,19716.0,19780.0
30.0,1,34.0,201.0,413.0,680.0,1015.0,1446.0,1993.0,2685.0,3514.0,4488.0,5646.0,7053.0,8747.0,10739.0,13010.0,15496.0,18093.0,20663.0,23078.0,25212.0,27025.0,28896.0,28988.0
30.0,2,29.0,65.0,109.0,164.0,235.0,325.0,438.0,583.0,766.0,998.0,1291.0,1663.0,2130.0,2715.0,3438.0,4323.0,5393.0,6676.0,8184.0,9913.0,11842.0,13924.0,16090.0
30.0,3,29.0,63.0,107.0,162.0,232.0,322.0,436.0,582.0,769.0,1006.0,1309.0,1693.0,2179.0,2786.0,3538.0,4454.0,5558.0,6874.0,8408.0,10158.0,12096.0,14179.0,16338.0
30.0,4,34.0,179.0,356.0,588.0,878.0,1256.0,1733.0,2333.0,3090.0,4021.0,5174.0,6593.0,8305.0,10328.0,12629.0,15140.0,17758.0,20334.0,22741.0,24854.0,26636.0,28286.0,28375.0
31.0,1,15.0,92.0,193.0,322.0,486.0,698.0,967.0,1307.0,1714.0,2190.0,2754.0,3440.0,4266.0,5237.0,6343.0,7555.0,8821.0,10074.0,11250.0,12291.0,13174.0,14085.0,14130.0
31.0,2,14.0,30.0,51.0,77.0,111.0,155.0,210.0,281.0,370.0,484.0,627.0,810.0,1039.0,1325.0,1679.0,2110.0,2632.0,3257.0,3992.0,4835.0,5775.0,6789.0,7845.0
31.0,3,14.0,29.0,50.0,76.0,110.0,154.0,209.0,280.0,371.0,488.0,636.0,824.0,1062.0,1360.0,1727.0,2174.0,2712.0,3354.0,4101.0,4955.0,5899.0,6914.0,7966.0
31.0,4,15.0,82.0,167.0,279.0,421.0,606.0,841.0,1136.0,1507.0,1962.0,2524.0,3216.0,4050.0,5036.0,6157.0,7382.0,8658.0,9913.0,11086.0,12117.0,12985.0,13788.0,13831.0
32.0,1,103.0,714.0,1138.0,1416.0,1576.0,1668.0,1722.0,1800.0,1980.0,2422.0,3133.0,3996.0,5036.0,6259.0,7653.0,9178.0,10773.0,12351.0,13833.0,15142.0,16256.0,17403.0,17460.0
32.0,2,142.0,262.0,365.0,465.0,561.0,651.0,738.0,823.0,904.0,986.0,1073.0,1178.0,1315.0,1514.0,1818.0,2297.0,2954.0,3742.0,4667.0,5729.0,6913.0,8190.0,9520.0
32.0,3,142.0,253.0,358.0,455.0,551.0,645.0,733.0,821.0,909.0,997.0,1093.0,1205.0,1353.0,1563.0,1881.0,2378.0,3056.0,3863.0,4805.0,5879.0,7069.0,8347.0,9672.0
32.0,4,103.0,617.0,953.0,1190.0,1325.0,1409.0,1456.0,1522.0,1701.0,2135.0,2843.0,3714.0,4765.0,6007.0,7419.0,8960.0,10568.0,12148.0,13626.0,14922.0,16017.0,17028.0,17083.0
33.0,1,36.0,217.0,429.0,682.0,988.0,1377.0,1866.0,2486.0,3234.0,4123.0,5192.0,6490.0,8053.0,9890.0,11986.0,14279.0,16676.0,19047.0,21274.0,23246.0,24917.0,26642.0,26727.0
33.0,2,33.0,72.0,116.0,171.0,239.0,323.0,429.0,563.0,730.0,941.0,1206.0,1542.0,1966.0,2497.0,3156.0,3969.0,4956.0,6140.0,7531.0,9127.0,10907.0,12827.0,14825.0
33.0,3,33.0,70.0,114.0,168.0,236.0,321.0,427.0,562.0,733.0,949.0,1223.0,1571.0,2011.0,2562.0,3249.0,4090.0,5109.0,6322.0,7738.0,9353.0,11141.0,13062.0,15054.0
33.0,4,36.0,192.0,368.0,587.0,852.0,1194.0,1620.0,2158.0,2841.0,3693.0,4756.0,6066.0,7645.0,9511.0,11634.0,13951.0,16367.0,18743.0,20964.0,22915.0,24558.0,26080.0,26161.0
34.0,1,50.0,302.0,602.0,963.0,1406.0,1969.0,2678.0,3576.0,4659.0,5943.0,7482.0,9352.0,11603.0,14250.0,17268.0,20571.0,24023.0,27436.0,30645.0,33482.0,35891.0,38376.0,38498.0
34.0,2,46.0,99.0,162.0,240.0,337.0,458.0,610.0,802.0,1043.0,1348.0,1732.0,2219.0,2831.0,3599.0,4551.0,5722.0,7144.0,8849.0,10853.0,13151.0,15715.0,18480.0,21358.0
34.0,3,46.0,97.0,160.0,236.0,333.0,455.0,607.0,801.0,1048.0,1360.0,1757.0,2260.0,2896.0,3693.0,4684.0,5896.0,7364.0,9112.0,11151.0,13476.0,16052.0,18819.0,21687.0
34.0,4,50.0,268.0,517.0,831.0,1213.0,1707.0,2326.0,3106.0,4094.0,5323.0,6855.0,8741.0,11015.0,13703.0,16761.0,20098.0,23578.0,26998.0,30198.0,33006.0,35375.0,37565.0,37683.0
35.0,1,0.0,0.0,0.0,0.0,0.0,0.0,0.0,0.0,0.0,0.0,0.0,0.0,0.0,0.0,0.0,0.0,0.0,0.0,0.0,0.0,0.0,0.0,0.0
35.0,2,0.0,0.0,0.0,0.0,0.0,0.0,0.0,0.0,0.0,0.0,0.0,0.0,0.0,0.0,0.0,0.0,0.0,0.0,0.0,0.0,0.0,0.0,0.0
35.0,3,0.0,0.0,0.0,0.0,0.0,0.0,0.0,0.0,0.0,0.0,0.0,0.0,0.0,0.0,0.0,0.0,0.0,0.0,0.0,0.0,0.0,0.0,0.0
35.0,4,0.0,0.0,0.0,0.0,0.0,0.0,0.0,0.0,0.0,0.0,0.0,0.0,0.0,0.0,0.0,0.0,0.0,0.0,0.0,0.0,0.0,0.0,0.0
36.0,1,17.0,97.0,215.0,377.0,590.0,869.0,1225.0,1676.0,2212.0,2830.0,3556.0,4438.0,5501.0,6750.0,8174.0,9733.0,11362.0,12973.0,14488.0,15827.0,16963.0,18136.0,18193.0
36.0,2,13.0,30.0,54.0,86.0,127.0,182.0,252.0,343.0,459.0,608.0,796.0,1035.0,1336.0,1711.0,2171.0,2728.0,3399.0,4204.0,5150.0,6234.0,7444.0,8749.0,10107.0
36.0,3,13.0,30.0,53.0,84.0,126.0,181.0,251.0,343.0,461.0,613.0,807.0,1054.0,1366.0,1755.0,2233.0,2810.0,3503.0,4328.0,5290.0,6388.0,7603.0,8909.0,10262.0
36.0,4,17.0,87.0,187.0,328.0,512.0,756.0,1067.0,1458.0,1947.0,2537.0,3260.0,4150.0,5224.0,6492.0,7935.0,9510.0,11152.0,12766.0,14277.0,15602.0,16719.0,17753.0,17809.0
37.0,1,8.0,45.0,90.0,145.0,212.0,299.0,408.0,546.0,713.0,909.0,1144.0,1430.0,1774.0,2178.0,2639.0,3144.0,3671.0,4192.0,4682.0,5116.0,5484.0,5863.0,5882.0
37.0,2,7.0,15.0,24.0,36.0,51.0,69.0,92.0,121.0,158.0,205.0,264.0,339.0,433.0,550.0,696.0,875.0,1093.0,1353.0,1659.0,2010.0,2402.0,2824.0,3264.0
37.0,3,7.0,14.0,24.0,35.0,50.0,68.0,92.0,121.0,159.0,207.0,268.0,345.0,443.0,565.0,717.0,902.0,1126.0,1393.0,1705.0,2060.0,2453.0,2876.0,3314.0
37.0,4,8.0,40.0,77.0,125.0,184.0,259.0,355.0,475.0,626.0,815.0,1049.0,1337.0,1684.0,2095.0,2562.0,3072.0,3603.0,4125.0,4614.0,5043.0,5405.0,5739.0,5758.0
38.0,1,39.0,246.0,469.0,718.0,1010.0,1372.0,1823.0,2395.0,3092.0,3935.0,4961.0,6207.0,7708.0,9472.0,11484.0,13685.0,15986.0,18262.0,20401.0,22291.0,23897.0,25553.0,25635.0
38.0,2,41.0,84.0,132.0,189.0,258.0,341.0,443.0,571.0,729.0,928.0,1177.0,1492.0,1888.0,2388.0,3012.0,3787.0,4735.0,5871.0,7207.0,8739.0,10448.0,12291.0,14210.0
38.0,3,41.0,82.0,129.0,185.0,254.0,338.0,441.0,570.0,733.0,936.0,1194.0,1520.0,1932.0,2451.0,3100.0,3904.0,4882.0,6047.0,7406.0,8956.0,10672.0,12517.0,14429.0
38.0,4,39.0,217.0,401.0,617.0,869.0,1187.0,1580.0,2077.0,2714.0,3522.0,4543.0,5800.0,7317.0,9108.0,11146.0,13370.0,15689.0,17970.0,20103.0,21974.0,23552.0,25013.0,25092.0
39.0,1,35.0,208.0,429.0,709.0,1061.0,1514.0,2090.0,2817.0,3690.0,4713.0,5929.0,7405.0,9184.0,11275.0,13660.0,16269.0,18997.0,21694.0,24228.0,26470.0,28373.0,30335.0,30433.0
39.0,2,31.0,68.0,113.0,171.0,245.0,339.0,458.0,610.0,802.0,1046.0,1355.0,1746.0,2237.0,2852.0,3612.0,4540.0,5664.0,7010.0,8594.0,10409.0,12435.0,14619.0,16894.0
39.0,3,31.0,66.0,111.0,169.0,242.0,337.0,456.0,609.0,806.0,1055.0,1374.0,1777.0,2288.0,2926.0,3716.0,4678.0,5837.0,7218.0,8829.0,10666.0,12701.0,14887.0,17154.0
39.0,4,35.0,185.0,370.0,613.0,917.0,1315.0,1817.0,2449.0,3245.0,4223.0,5433.0,6923.0,8720.0,10843.0,13259.0,15896.0,18645.0,21348.0,23876.0,26094.0,27965.0,29695.0,29789.0
40.0,1,77.0,459.0,938.0,1537.0,2284.0,3245.0,4463.0,6003.0,7851.0,10024.0,12613.0,15757.0,19543.0,23996.0,29071.0,34626.0,40432.0,46175.0,51571.0,56342.0,60393.0,64572.0,64778.0
40.0,2,68.0,149.0,248.0,373.0,533.0,733.0,987.0,1311.0,1719.0,2237.0,2891.0,3719.0,4761.0,6066.0,7680.0,9655.0,12046.0,14913.0,18284.0,22149.0,26460.0,31111.0,35953.0
40.0,3,68.0,145.0,244.0,368.0,526.0,728.0,982.0,1309.0,1726.0,2255.0,2931.0,3787.0,4870.0,6224.0,7903.0,9948.0,12416.0,15356.0,18786.0,22696.0,27027.0,31682.0,36507.0
40.0,4,77.0,408.0,808.0,1328.0,1975.0,2818.0,3879.0,5216.0,6903.0,8982.0,11558.0,14729.0,18555.0,23076.0,28219.0,33831.0,39683.0,45437.0,50819.0,55542.0,59524.0,63210.0,63408.0
41.0,1,65.0,387.0,786.0,1281.0,1897.0,2686.0,3685.0,4948.0,6466.0,8254.0,10386.0,12977.0,16096.0,19765.0,23947.0,28523.0,33306.0,38038.0,42484.0,46415.0,49751.0,53196.0,53364.0
41.0,2,58.0,126.0,209.0,313.0,446.0,611.0,821.0,1088.0,1423.0,1849.0,2386.0,3067.0,3923.0,4996.0,6323.0,7949.0,9920.0,12282.0,15059.0,18244.0,21795.0,25627.0,29615.0
41.0,3,58.0,123.0,206.0,309.0,440.0,607.0,817.0,1086.0,1429.0,1864.0,2420.0,3123.0,4013.0,5126.0,6507.0,8190.0,10224.0,12646.0,15472.0,18694.0,22262.0,26097.0,30072.0
41.0,4,65.0,344.0,677.0,1107.0,1639.0,2332.0,3202.0,4299.0,5684.0,7395.0,9518.0,12130.0,15282.0,19006.0,23244.0,27868.0,32690.0,37431.0,41864.0,45756.0,49035.0,52073.0,52235.0
42.0,1,20.0,121.0,252.0,420.0,632.0,906.0,1254.0,1694.0,2222.0,2838.0,3569.0,4458.0,5529.0,6787.0,8221.0,9791.0,11433.0,13056.0,14582.0,15930.0,17075.0,18256.0,18315.0
42.0,2,18.0,39.0,66.0,101.0,145.0,201.0,273.0,364.0,480.0,627.0,813.0,1049.0,1346.0,1717.0,2175.0,2734.0,3410.0,4221.0,5174.0,6266.0,7484.0,8799.0,10168.0
42.0,3,18.0,38.0,65.0,99.0,143.0,200.0,271.0,364.0,482.0,632.0,825.0,1068.0,1377.0,1762.0,2238.0,2817.0,3515.0,4346.0,5316.0,6421.0,7645.0,8960.0,10324.0
42.0,4,20.0,108.0,218.0,363.0,547.0,787.0,1091.0,1473.0,1954.0,2543.0,3271.0,4168.0,5249.0,6527.0,7980.0,9567.0,11221.0,12847.0,14370.0,15704.0,16829.0,17871.0,17927.0
43.0,1,15.0,88.0,184.0,310.0,471.0,679.0,943.0,1278.0,1678.0,2144.0,2696.0,3367.0,4174.0,5123.0,6206.0,7391.0,8629.0,9854.0,11005.0,12022.0,12887.0,13778.0,13821.0
43.0,2,12.0,28.0,47.0,73.0,106.0,148.0,202.0,271.0,359.0,470.0,611.0,790.0,1015.0,1296.0,1643.0,2065.0,2575.0,3187.0,3906.0,4730.0,5650.0,6641.0,7674.0
43.0,3,12.0,27.0,47.0,72.0,105.0,147.0,201.0,271.0,360.0,474.0,620.0,805.0,1038.0,1330.0,1690.0,2128.0,2654.0,3281.0,4013.0,4846.0,5771.0,6763.0,7792.0
43.0,4,15.0,78.0,160.0,269.0,407.0,590.0,821.0,1111.0,1476.0,1922.0,2471.0,3147.0,3963.0,4927.0,6024.0,7221.0,8469.0,9697.0,10845.0,11851.0,12701.0,13487.0,13529.0
44.0,1,11.0,67.0,144.0,246.0,378.0,549.0,768.0,1044.0,1374.0,1757.0,2209.0,2758.0,3419.0,4197.0,5083.0,6053.0,7066.0,8069.0,9011.0,9845.0,10552.0,11281.0,11317.0
44.0,2,10.0,22.0,37.0,58.0,84.0,119.0,163.0,219.0,291.0,383.0,499.0,646.0,832.0,1063.0,1348.0,1694.0,2111.0,2612.0,3201.0,3876.0,4628.0,5440.0,6286.0
44.0,3,10.0,21.0,37.0,57.0,83.0,118.0,162.0,219.0,292.0,386.0,506.0,658.0,850.0,1090.0,1387.0,1745.0,2176.0,2689.0,3288.0,3971.0,4727.0,5540.0,6382.0
44.0,4,11.0,60.0,125.0,214.0,327.0,478.0,669.0,909.0,1209.0,1575.0,2025.0,2579.0,3247.0,4036.0,4934.0,5914.0,6936.0,7940.0,8880.0,9705.0,10400.0,11043.0,11078.0
45.0,1,42.0,258.0,514.0,823.0,1200.0,1680.0,2285.0,3050.0,3972.0,5067.0,6380.0,7974.0,9893.0,12151.0,14724.0,17541.0,20485.0,23396.0,26132.0,28551.0,30605.0,32724.0,32828.0
45.0,2,39.0,85.0,138.0,205.0,288.0,391.0,521.0,685.0,890.0,1150.0,1478.0,1892.0,2414.0,3069.0,3880.0,4879.0,6092.0,7545.0,9254.0,11214.0,13400.0,15758.0,18212.0
45.0,3,39.0,83.0,136.0,202.0,284.0,388.0,518.0,684.0,894.0,1160.0,1499.0,1927.0,2470.0,3149.0,3994.0,5027.0,6279.0,7769.0,9509.0,11491.0,13687.0,16047.0,18493.0
45.0,4,42.0,229.0,442.0,710.0,1036.0,1457.0,1984.0,2648.0,3491.0,4539.0,5845.0,7453.0,9393.0,11684.0,14292.0,17138.0,20105.0,23022.0,25751.0,28145.0,30165.0,32033.0,32133.0
46.0,1,29.0,172.0,344.0,553.0,810.0,1138.0,1551.0,2073.0,2703.0,3448.0,4341.0,5425.0,6730.0,8265.0,10015.0,11931.0,13933.0,15912.0,17772.0,19417.0,20814.0,22255.0,22326.0
46.0,2,27.0,57.0,93.0,138.0,194.0,264.0,352.0,463.0,603.0,780.0,1003.0,1286.0,1642.0,2088.0,2641.0,3321.0,4145.0,5133.0,6296.0,7628.0,9115.0,10718.0,12388.0
46.0,3,27.0,55.0,91.0,136.0,191.0,262.0,350.0,462.0,606.0,787.0,1018.0,1310.0,1680.0,2143.0,2718.0,3422.0,4273.0,5286.0,6469.0,7817.0,9310.0,10915.0,12579.0
46.0,4,29.0,153.0,296.0,478.0,700.0,987.0,1347.0,1801.0,2375.0,3089.0,3977.0,5070.0,6390.0,7948.0,9721.0,11657.0,13675.0,15657.0,17513.0,19141.0,20515.0,21785.0,21854.0
47.0,1,79.0,484.0,956.0,1521.0,2206.0,3075.0,4170.0,5554.0,7227.0,9215.0,11604.0,14506.0,18000.0,22109.0,26793.0,31919.0,37277.0,42577.0,47557.0,51960.0,55698.0,59555.0,59744.0
47.0,2,75.0,161.0,260.0,382.0,535.0,723.0,960.0,1258.0,1631.0,2103.0,2697.0,3449.0,4394.0,5582.0,7057.0,8873.0,11080.0,13726.0,16837.0,20404.0,24382.0,28674.0,33141.0
47.0,3,75.0,156.0,256.0,376.0,528.0,718.0,955.0,1256.0,1638.0,2121.0,2735.0,3512.0,4496.0,5729.0,7263.0,9143.0,11421.0,14134.0,17300.0,20908.0,24905.0,29200.0,33653.0
47.0,4,79.0,428.0,821.0,1311.0,1903.0,2666.0,3620.0,4823.0,6349.0,8253.0,10631.0,13557.0,17089.0,21260.0,26006.0,31185.0,36586.0,41896.0,46864.0,51222.0,54896.0,58298.0,58479.0
48.0,1,43.0,258.0,524.0,856.0,1269.0,1799.0,2469.0,3317.0,4336.0,5535.0,6965.0,8702.0,10793.0,13253.0,16056.0,19125.0,22333.0,25504.0,28485.0,31120.0,33358.0,35667.0,35782.0
48.0,2,38.0,84.0,139.0,209.0,298.0,408.0,549.0,728.0,953.0,1238.0,1599.0,2056.0,2630.0,3350.0,4240.0,5331.0,6652.0,8235.0,10098.0,12232.0,14614.0,17183.0,19858.0
48.0,3,38.0,82.0,137.0,206.0,294.0,405.0,546.0,726.0,957.0,1249.0,1621.0,2093.0,2690.0,3437.0,4363.0,5492.0,6856.0,8480.0,10375.0,12535.0,14927.0,17498.0,20164.0
48.0,4,43.0,229.0,452.0,740.0,1097.0,1561.0,2146.0,2882.0,3812.0,4959.0,6382.0,8134.0,10248.0,12745.0,15586.0,18686.0,21919.0,25097.0,28070.0,30678.0,32878.0,34914.0,35024.0
49.0,1,9.0,55.0,109.0,176.0,257.0,362.0,493.0,660.0,860.0,1097.0,1381.0,1726.0,2142.0,2630.0,3187.0,3796.0,4433.0,5063.0,5655.0,6177.0,6621.0,7080.0,7102.0
49.0,2,8.0,18.0,29.0,43.0,61.0,83.0,111.0,147.0,191.0,248.0,319.0,409.0,522.0,664.0,840.0,1056.0,1319.0,1633.0,2003.0,2427.0,2899.0,3410.0,3941.0
49.0,3,8.0,17.0,29.0,43.0,60.0,83.0,111.0,147.0,192.0,250.0,323.0,416.0,534.0,682.0,865.0,1089.0,1359.0,1682.0,2058.0,2487.0,2962.0,3472.0,4001.0
49.0,4,9.0,48.0,94.0,152.0,222.0,314.0,428.0,573.0,756.0,983.0,1266.0,1614.0,2033.0,2529.0,3093.0,3709.0,4351.0,4982.0,5572.0,6090.0,6526.0,6930.0,6952.0
50.0,1,43.0,257.0,534.0,890.0,1339.0,1919.0,2657.0,3589.0,4705.0,6011.0,7561.0,9443.0,11710.0,14375.0,17414.0,20739.0,24215.0,27653.0,30884.0,33740.0,36165.0,38667.0,38791.0
50.0,2,36.0,82.0,139.0,212.0,306.0,425.0,577.0,771.0,1015.0,1327.0,1722.0,2221.0,2850.0,3636.0,4606.0,5790.0,7222.0,8939.0,10957.0,13271.0,15852.0,18636.0,21535.0
50.0,3,36.0,80.0,137.0,209.0,302.0,422.0,574.0,769.0,1020.0,1338.0,1746.0,2262.0,2915.0,3730.0,4740.0,5966.0,7443.0,9203.0,11257.0,13598.0,16191.0,18977.0,21866.0
50.0,4,43.0,229.0,461.0,770.0,1158.0,1668.0,2310.0,3120.0,4138.0,5387.0,6929.0,8828.0,11118.0,13824.0,16903.0,20263.0,23766.0,27212.0,30435.0,33261.0,35645.0,37851.0,37971.0
51.0,1,51.0,308.0,611.0,975.0,1421.0,1986.0,2699.0,3601.0,4690.0,5981.0,7530.0,9412.0,11679.0,14343.0,17381.0,20706.0,24182.0,27618.0,30848.0,33703.0,36127.0,38629.0,38751.0
51.0,2,48.0,102.0,165.0,244.0,342.0,464.0,617.0,811.0,1053.0,1360.0,1746.0,2235.0,2850.0,3622.0,4580.0,5759.0,7191.0,8906.0,10924.0,13237.0,15817.0,18601.0,21498.0
51.0,3,48.0,99.0,163.0,240.0,338.0,461.0,614.0,809.0,1057.0,1371.0,1771.0,2276.0,2916.0,3717.0,4714.0,5934.0,7411.0,9171.0,11224.0,13564.0,16156.0,18942.0,21829.0
51.0,4,51.0,272.0,525.0,841.0,1226.0,1722.0,2344.0,3127.0,4121.0,5357.0,6899.0,8797.0,11087.0,13793.0,16871.0,20230.0,23734.0,27177.0,30398.0,33224.0,35607.0,37814.0,37930.0
52.0,1,25.0,143.0,309.0,529.0,813.0,1183.0,1656.0,2253.0,2966.0,3792.0,4767.0,5951.0,7376.0,9053.0,10964.0,13056.0,15242.0,17405.0,19438.0,21233.0,22759.0,24334.0,24412.0
52.0,2,20.0,46.0,79.0,123.0,180.0,254.0,349.0,471.0,626.0,824.0,1075.0,1393.0,1793.0,2293.0,2907.0,3654.0,4555.0,5634.0,6904.0,8359.0,9982.0,11734.0,13558.0
52.0,3,20.0,45.0,78.0,121.0,178.0,252.0,347.0,470.0,629.0,831.0,1090.0,1418.0,1834.0,2352.0,2991.0,3764.0,4694.0,5801.0,7093.0,8565.0,10196.0,11949.0,13766.0
52.0,4,25.0,128.0,268.0,459.0,705.0,1029.0,1441.0,1960.0,2609.0,3399.0,4369.0,5564.0,7004.0,8706.0,10643.0,12757.0,14960.0,17127.0,19155.0,20932.0,22431.0,23820.0,23895.0
53.0,1,42.0,249.0,524.0,879.0,1331.0,1916.0,2660.0,3600.0,4725.0,6038.0,7593.0,9483.0,11758.0,14434.0,17484.0,20822.0,24312.0,27763.0,31005.0,33872.0,36306.0,38818.0,38941.0
53.0,2,35.0,80.0,136.0,208.0,302.0,421.0,573.0,768.0,1014.0,1328.0,1725.0,2228.0,2861.0,3652.0,4628.0,5818.0,7255.0,8978.0,11003.0,13326.0,15917.0,18712.0,21621.0
53.0,3,35.0,78.0,134.0,205.0,298.0,418.0,570.0,766.0,1018.0,1339.0,1749.0,2268.0,2926.0,3747.0,4762.0,5993.0,7477.0,9244.0,11305.0,13655.0,16257.0,19054.0,21954.0
53.0,4,42.0,222.0,453.0,761.0,1152.0,1665.0,2313.0,3130.0,4156.0,5411.0,6960.0,8865.0,11165.0,13881.0,16972.0,20344.0,23862.0,27319.0,30553.0,33391.0,35784.0,37999.0,38118.0
54.0,1,42.0,248.0,502.0,817.0,1206.0,1705.0,2337.0,3135.0,4095.0,5227.0,6578.0,8219.0,10195.0,12518.0,15167.0,18066.0,21096.0,24093.0,26909.0,29399.0,31514.0,33695.0,33802.0
54.0,2,38.0,81.0,134.0,201.0,285.0,389.0,523.0,692.0,904.0,1173.0,1513.0,1944.0,2485.0,3164.0,4004.0,5034.0,6282.0,7778.0,9538.0,11555.0,13805.0,16232.0,18759.0
54.0,3,38.0,79.0,132.0,198.0,281.0,387.0,520.0,690.0,908.0,1183.0,1534.0,1979.0,2542.0,3247.0,4121.0,5187.0,6475.0,8009.0,9799.0,11840.0,14101.0,16530.0,19048.0
54.0,4,42.0,220.0,433.0,705.0,1042.0,1480.0,2030.0,2724.0,3600.0,4683.0,6027.0,7682.0,9679.0,12038.0,14722.0,17651.0,20705.0,23708.0,26517.0,28982.0,31060.0,32984.0,33087.0
55.0,1,10.0,55.0,123.0,216.0,338.0,499.0,704.0,963.0,1272.0,1627.0,2044.0,2552.0,3162.0,3880.0,4698.0,5594.0,6531.0,7456.0,8327.0,9096.0,9749.0,10423.0,10457.0
55.0,2,7.0,18.0,31.0,49.0,73.0,104.0,145.0,197.0,264.0,349.0,458.0,595.0,768.0,984.0,1248.0,1569.0,1955.0,2417.0,2960.0,3584.0,4279.0,5028.0,5810.0
55.0,3,7.0,17.0,31.0,49.0,72.0,104.0,144.0,197.0,265.0,352.0,464.0,606.0,785.0,1009.0,1284.0,1616.0,2014.0,2488.0,3041.0,3672.0,4370.0,5120.0,5899.0
55.0,4,10.0,50.0,107.0,188.0,293.0,434.0,613.0,838.0,1119.0,1459.0,1874.0,2386.0,3003.0,3731.0,4561.0,5466.0,6410.0,7338.0,8206.0,8967.0,9609.0,10203.0,10236.0
56.0,1,42.0,253.0,507.0,818.0,1200.0,1687.0,2303.0,3081.0,4019.0,5128.0,6454.0,8066.0,10007.0,12288.0,14890.0,17737.0,20712.0,23656.0,26422.0,28867.0,30943.0,33085.0,33191.0
56.0,2,38.0,83.0,136.0,202.0,286.0,389.0,520.0,686.0,894.0,1157.0,1490.0,1911.0,2440.0,3105.0,3927.0,4938.0,6163.0,7633.0,9361.0,11341.0,13551.0,15935.0,18416.0
56.0,3,38.0,81.0,134.0,199.0,282.0,386.0,517.0,685.0,898.0,1167.0,1511.0,1946.0,2497.0,3186.0,4042.0,5088.0,6352.0,7860.0,9618.0,11622.0,13841.0,16227.0,18700.0
56.0,4,42.0,224.0,436.0,706.0,1036.0,1464.0,2000.0,2677.0,3532.0,4594.0,5914.0,7539.0,9501.0,11817.0,14453.0,17330.0,20329.0,23278.0,26037.0,28457.0,30498.0,32387.0,32488.0
57.0,1,0.0,0.0,0.0,0.0,0.0,0.0,0.0,0.0,0.0,0.0,0.0,0.0,0.0,0.0,0.0,0.0,0.0,0.0,0.0,0.0,0.0,0.0,0.0
57.0,2,0.0,0.0,0.0,0.0,0.0,0.0,0.0,0.0,0.0,0.0,0.0,0.0,0.0,0.0,0.0,0.0,0.0,0.0,0.0,0.0,0.0,0.0,0.0
57.0,3,0.0,0.0,0.0,0.0,0.0,0.0,0.0,0.0,0.0,0.0,0.0,0.0,0.0,0.0,0.0,0.0,0.0,0.0,0.0,0.0,0.0,0.0,0.0
57.0,4,0.0,0.0,0.0,0.0,0.0,0.0,0.0,0.0,0.0,0.0,0.0,0.0,0.0,0.0,0.0,0.0,0.0,0.0,0.0,0.0,0.0,0.0,0.0
58.0,1,12.0,72.0,141.0,226.0,328.0,458.0,622.0,830.0,1080.0,1377.0,1734.0,2167.0,2689.0,3302.0,4002.0,4767.0,5568.0,6359.0,7102.0,7759.0,8318.0,8893.0,8922.0
58.0,2,11.0,24.0,38.0,56.0,79.0,107.0,142.0,187.0,243.0,313.0,402.0,515.0,656.0,834.0,1054.0,1326.0,1655.0,2050.0,2515.0,3047.0,3642.0,4282.0,4949.0
58.0,3,11.0,23.0,38.0,56.0,78.0,106.0,142.0,187.0,244.0,316.0,408.0,524.0,671.0,856.0,1085.0,1366.0,1706.0,2111.0,2584.0,3123.0,3720.0,4361.0,5026.0
58.0,4,12.0,63.0,122.0,194.0,283.0,397.0,540.0,720.0,949.0,1234.0,1589.0,2026.0,2553.0,3176.0,3884.0,4658.0,5464.0,6257.0,6999.0,7649.0,8199.0,8706.0,8733.0
59.0,1,28.0,169.0,341.0,551.0,811.0,1143.0,1563.0,2094.0,2732.0,3487.0,4389.0,5484.0,6803.0,8354.0,10123.0,12058.0,14080.0,16081.0,17960.0,19623.0,21034.0,22490.0,22562.0
59.0,2,26.0,56.0,91.0,136.0,192.0,263.0,352.0,464.0,606.0,785.0,1012.0,1298.0,1659.0,2111.0,2671.0,3358.0,4191.0,5190.0,6364.0,7711.0,9212.0,10833.0,12520.0
59.0,3,26.0,54.0,90.0,134.0,190.0,261.0,350.0,463.0,608.0,792.0,1026.0,1322.0,1697.0,2166.0,2748.0,3460.0,4319.0,5344.0,6539.0,7901.0,9410.0,11031.0,12713.0
59.0,4,28.0,150.0,293.0,476.0,701.0,992.0,1358.0,1819.0,2402.0,3124.0,4021.0,5126.0,6459.0,8034.0,9826.0,11781.0,13819.0,15824.0,17699.0,19344.0,20731.0,22015.0,22085.0
60.0,1,38.0,252.0,441.0,619.0,799.0,1003.0,1248.0,1559.0,1953.0,2469.0,3127.0,3925.0,4887.0,6018.0,7306.0,8717.0,10192.0,11651.0,13021.0,14233.0,15261.0,16323.0,16375.0
60.0,2,46.0,89.0,132.0,179.0,231.0,290.0,359.0,440.0,536.0,654.0,799.0,981.0,1211.0,1506.0,1884.0,2370.0,2978.0,3706.0,4562.0,5544.0,6638.0,7820.0,9049.0
60.0,3,46.0,86.0,129.0,175.0,227.0,288.0,356.0,439.0,539.0,660.0,811.0,1000.0,1241.0,1547.0,1941.0,2445.0,3072.0,3818.0,4690.0,5683.0,6782.0,7965.0,9190.0
60.0,4,38.0,220.0,374.0,528.0,682.0,862.0,1075.0,1345.0,1708.0,2205.0,2859.0,3664.0,4636.0,5784.0,7090.0,8515.0,10002.0,11463.0,12831.0,14030.0,15040.0,15977.0,16027.0
61.0,1,46.0,275.0,556.0,906.0,1339.0,1894.0,2596.0,3484.0,4552.0,5810.0,7312.0,9135.0,11332.0,13915.0,16858.0,20081.0,23448.0,26779.0,29909.0,32678.0,35028.0,37451.0,37572.0
61.0,2,41.0,90.0,148.0,222.0,315.0,432.0,580.0,767.0,1003.0,1303.0,1681.0,2160.0,2762.0,3517.0,4451.0,5596.0,6983.0,8646.0,10601.0,12843.0,15344.0,18042.0,20851.0
61.0,3,41.0,88.0,146.0,219.0,311.0,429.0,577.0,766.0,1008.0,1314.0,1705.0,2199.0,2826.0,3609.0,4580.0,5766.0,7197.0,8902.0,10892.0,13161.0,15673.0,18372.0,21172.0
61.0,4,46.0,244.0,479.0,782.0,1157.0,1644.0,2256.0,3027.0,4002.0,5206.0,6700.0,8539.0,10759.0,13381.0,16364.0,19620.0,23014.0,26352.0,29473.0,32213.0,34524.0,36661.0,36777.0
62.0,1,28.0,162.0,352.0,607.0,936.0,1367.0,1916.0,2610.0,3439.0,4397.0,5527.0,6900.0,8552.0,10496.0,12712.0,15137.0,17671.0,20178.0,22534.0,24617.0,26385.0,28209.0,28299.0
62.0,2,21.0,50.0,89.0,139.0,206.0,291.0,401.0,542.0,722.0,952.0,1243.0,1613.0,2078.0,2658.0,3371.0,4237.0,5281.0,6533.0,8004.0,9692.0,11573.0,13604.0,15717.0
62.0,3,21.0,49.0,88.0,137.0,203.0,289.0,399.0,541.0,725.0,960.0,1261.0,1642.0,2125.0,2726.0,3468.0,4365.0,5442.0,6726.0,8223.0,9930.0,11821.0,13852.0,15959.0
62.0,4,28.0,145.0,306.0,526.0,812.0,1189.0,1668.0,2271.0,3026.0,3942.0,5067.0,6451.0,8121.0,10094.0,12340.0,14790.0,17344.0,19856.0,22206.0,24268.0,26005.0,27614.0,27701.0
63.0,1,16.0,96.0,198.0,328.0,490.0,700.0,966.0,1302.0,1705.0,2177.0,2739.0,3422.0,4244.0,5210.0,6312.0,7517.0,8778.0,10024.0,11195.0,12231.0,13110.0,14018.0,14062.0
63.0,2,14.0,31.0,52.0,79.0,113.0,156.0,211.0,282.0,370.0,483.0,626.0,806.0,1033.0,1317.0,1668.0,2097.0,2616.0,3238.0,3970.0,4809.0,5745.0,6755.0,7805.0
63.0,3,14.0,30.0,51.0,78.0,112.0,155.0,210.0,281.0,372.0,487.0,634.0,821.0,1057.0,1352.0,1717.0,2161.0,2697.0,3334.0,4079.0,4928.0,5868.0,6879.0,7925.0
63.0,4,16.0,85.0,171.0,283.0,424.0,608.0,840.0,1131.0,1499.0,1951.0,2510.0,3199.0,4029.0,5010.0,6127.0,7345.0,8615.0,9864.0,11032.0,12058.0,12921.0,13722.0,13764.0
64.0,1,37.0,235.0,448.0,688.0,970.0,1321.0,1760.0,2315.0,2990.0,3807.0,4799.0,6003.0,7454.0,9160.0,11104.0,13232.0,15457.0,17657.0,19725.0,21552.0,23105.0,24707.0,24785.0
64.0,2,38.0,79.0,124.0,179.0,245.0,325.0,425.0,548.0,701.0,894.0,1135.0,1440.0,1824.0,2308.0,2913.0,3663.0,4579.0,5678.0,6969.0,8450.0,10102.0,11884.0,13739.0
64.0,3,38.0,77.0,122.0,176.0,242.0,323.0,422.0,547.0,705.0,902.0,1152.0,1467.0,1867.0,2369.0,2998.0,3775.0,4721.0,5847.0,7161.0,8659.0,10319.0,12102.0,13951.0
64.0,4,37.0,207.0,383.0,592.0,835.0,1143.0,1525.0,2007.0,2625.0,3408.0,4395.0,5610.0,7075.0,8807.0,10778.0,12928.0,15170.0,17375.0,19437.0,21246.0,22772.0,24184.0,24260.0
65.0,1,36.0,224.0,431.0,670.0,953.0,1308.0,1753.0,2316.0,2999.0,3821.0,4814.0,6021.0,7474.0,9183.0,11131.0,13263.0,15491.0,17695.0,19766.0,21597.0,23152.0,24756.0,24835.0
65.0,2,36.0,75.0,120.0,173.0,238.0,318.0,417.0,541.0,695.0,889.0,1132.0,1441.0,1828.0,2317.0,2925.0,3677.0,4595.0,5696.0,6989.0,8473.0,10127.0,11912.0,13770.0
65.0,3,36.0,73.0,118.0,170.0,235.0,316.0,415.0,540.0,698.0,897.0,1149.0,1467.0,1871.0,2378.0,3010.0,3790.0,4737.0,5865.0,7182.0,8682.0,10345.0,12131.0,13983.0
65.0,4,36.0,197.0,369.0,576.0,821.0,1133.0,1520.0,2009.0,2634.0,3421.0,4409.0,5626.0,7095.0,8830.0,10803.0,12958.0,15204.0,17412.0,19478.0,21290.0,22819.0,24233.0,24309.0
66.0,1,32.0,195.0,399.0,656.0,977.0,1390.0,1913.0,2575.0,3369.0,4302.0,5413.0,6762.0,8388.0,10298.0,12476.0,14860.0,17352.0,19816.0,22132.0,24178.0,25918.0,27712.0,27800.0
66.0,2,28.0,63.0,105.0,159.0,227.0,313.0,422.0,561.0,736.0,958.0,1239.0,1595.0,2043.0,2603.0,3296.0,4144.0,5170.0,6401.0,7847.0,9506.0,11356.0,13352.0,15430.0
66.0,3,28.0,61.0,104.0,156.0,224.0,311.0,420.0,560.0,739.0,966.0,1257.0,1624.0,2090.0,2671.0,3392.0,4270.0,5329.0,6591.0,8063.0,9740.0,11600.0,13597.0,15668.0
66.0,4,32.0,173.0,344.0,567.0,844.0,1207.0,1663.0,2238.0,2962.0,3855.0,4960.0,6321.0,7964.0,9903.0,12110.0,14519.0,17030.0,19500.0,21810.0,23835.0,25545.0,27127.0,27212.0
67.0,1,15.0,93.0,174.0,264.0,369.0,498.0,658.0,862.0,1110.0,1412.0,1781.0,2228.0,2767.0,3401.0,4124.0,4914.0,5741.0,6558.0,7327.0,8006.0,8583.0,9177.0,9207.0
67.0,2,15.0,31.0,49.0,70.0,95.0,125.0,162.0,208.0,264.0,335.0,424.0,536.0,678.0,857.0,1080.0,1358.0,1699.0,2107.0,2587.0,3137.0,3751.0,4412.0,5102.0
67.0,3,15.0,30.0,48.0,68.0,93.0,124.0,161.0,207.0,265.0,338.0,430.0,547.0,694.0,879.0,1112.0,1400.0,1751.0,2170.0,2658.0,3215.0,3831.0,4494.0,5181.0
67.0,4,15.0,81.0,149.0,227.0,317.0,431.0,570.0,747.0,974.0,1264.0,1631.0,2082.0,2627.0,3270.0,4002.0,4801.0,5634.0,6453.0,7220.0,7892.0,8459.0,8983.0,9012.0
68.0,1,94.0,594.0,1095.0,1629.0,2228.0,2957.0,3856.0,4997.0,6399.0,8131.0,10262.0,12850.0,15967.0,19632.0,23811.0,28383.0,33163.0,37891.0,42334.0,46260.0,49595.0,53035.0,53206.0
68.0,2,102.0,204.0,313.0,441.0,591.0,768.0,984.0,1249.0,1573.0,1978.0,2482.0,3119.0,3922.0,4939.0,6216.0,7818.0,9787.0,12148.0,14923.0,18104.0,21653.0,25482.0,29468.0
68.0,3,102.0,198.0,308.0,433.0,582.0,763.0,979.0,1247.0,1581.0,1995.0,2519.0,3179.0,4015.0,5071.0,6400.0,8060.0,10091.0,12512.0,15336.0,18554.0,22120.0,25951.0,29924.0
68.0,4,94.0,521.0,933.0,1396.0,1913.0,2553.0,3337.0,4327.0,5612.0,7273.0,9394.0,12004.0,15154.0,18875.0,23109.0,27729.0,32547.0,37284.0,41715.0,45601.0,48880.0,51913.0,52078.0
69.0,1,73.0,442.0,874.0,1393.0,2024.0,2824.0,3833.0,5109.0,6650.0,8480.0,10678.0,13347.0,16561.0,20341.0,24649.0,29366.0,34294.0,39169.0,43750.0,47800.0,51239.0,54786.0,54962.0
69.0,2,68.0,146.0,237.0,349.0,489.0,662.0,880.0,1154.0,1497.0,1932.0,2478.0,3171.0,4042.0,5136.0,6494.0,8165.0,10195.0,12629.0,15490.0,18771.0,22431.0,26379.0,30489.0
69.0,3,68.0,142.0,233.0,344.0,482.0,657.0,875.0,1152.0,1504.0,1948.0,2514.0,3229.0,4136.0,5271.0,6683.0,8413.0,10508.0,13004.0,15916.0,19235.0,22912.0,26863.0,30960.0
69.0,4,73.0,391.0,751.0,1201.0,1746.0,2449.0,3328.0,4436.0,5843.0,7595.0,9782.0,12475.0,15723.0,19559.0,23926.0,28691.0,33659.0,38543.0,43112.0,47120.0,50502.0,53629.0,53798.0
70.0,1,39.0,238.0,475.0,765.0,1120.0,1573.0,2144.0,2867.0,3739.0,4770.0,6004.0,7504.0,9309.0,11433.0,13853.0,16502.0,19271.0,22010.0,24583.0,26858.0,28790.0,30783.0,30882.0
70.0,2,36.0,78.0,128.0,190.0,267.0,364.0,486.0,640.0,833.0,1078.0,1387.0,1779.0,2271.0,2888.0,3653.0,4593.0,5733.0,7101.0,8708.0,10551.0,12607.0,14825.0,17135.0
70.0,3,36.0,76.0,126.0,187.0,264.0,361.0,483.0,639.0,837.0,1088.0,1407.0,1811.0,2323.0,2964.0,3760.0,4733.0,5909.0,7312.0,8947.0,10812.0,12878.0,15097.0,17399.0
70.0,4,39.0,211.0,409.0,660.0,967.0,1364.0,1862.0,2491.0,3286.0,4273.0,5501.0,7014.0,8838.0,10994.0,13446.0,16123.0,18914.0,21658.0,24225.0,26477.0,28376.0,30134.0,30229.0
71.0,1,33.0,191.0,406.0,687.0,1047.0,1515.0,2111.0,2863.0,3763.0,4810.0,6047.0,7551.0,9362.0,11491.0,13918.0,16575.0,19352.0,22098.0,24678.0,26960.0,28897.0,30896.0,30994.0
71.0,2,26.0,61.0,104.0,161.0,235.0,329.0,450.0,605.0,801.0,1052.0,1369.0,1771.0,2276.0,2908.0,3686.0,4634.0,5778.0,7149.0,8761.0,10609.0,12671.0,14895.0,17210.0
71.0,3,26.0,59.0,103.0,159.0,232.0,327.0,447.0,604.0,804.0,1060.0,1388.0,1803.0,2328.0,2984.0,3793.0,4774.0,5954.0,7360.0,9001.0,10871.0,12942.0,15168.0,17475.0
71.0,4,33.0,171.0,351.0,595.0,907.0,1317.0,1836.0,2490.0,3310.0,4311.0,5543.0,7060.0,8889.0,11051.0,13511.0,16195.0,18994.0,21746.0,24319.0,26578.0,28482.0,30244.0,30338.0
72.0,1,91.0,552.0,1109.0,1790.0,2628.0,3698.0,5050.0,6759.0,8818.0,11252.0,14163.0,17698.0,21957.0,26964.0,32672.0,38919.0,45448.0,51906.0,57976.0,63341.0,67896.0,72597.0,72828.0
72.0,2,84.0,182.0,298.0,443.0,626.0,853.0,1140.0,1504.0,1960.0,2539.0,3269.0,4193.0,5355.0,6813.0,8619.0,10836.0,13525.0,16749.0,20541.0,24887.0,29735.0,34966.0,40410.0
72.0,3,84.0,177.0,293.0,436.0,617.0,847.0,1134.0,1501.0,1969.0,2560.0,3315.0,4270.0,5478.0,6991.0,8870.0,11165.0,13940.0,17247.0,21105.0,25502.0,30373.0,35607.0,41033.0
72.0,4,91.0,490.0,954.0,1545.0,2269.0,3208.0,4386.0,5871.0,7750.0,10079.0,12977.0,16542.0,20846.0,25929.0,31713.0,38025.0,44606.0,51077.0,57131.0,62441.0,66919.0,71064.0,71286.0
73.0,1,0.0,0.0,0.0,0.0,0.0,0.0,0.0,0.0,0.0,0.0,0.0,0.0,0.0,0.0,0.0,0.0,0.0,0.0,0.0,0.0,0.0,0.0,0.0
73.0,2,0.0,0.0,0.0,0.0,0.0,0.0,0.0,0.0,0.0,0.0,0.0,0.0,0.0,0.0,0.0,0.0,0.0,0.0,0.0,0.0,0.0,0.0,0.0
73.0,3,0.0,0.0,0.0,0.0,0.0,0.0,0.0,0.0,0.0,0.0,0.0,0.0,0.0,0.0,0.0,0.0,0.0,0.0,0.0,0.0,0.0,0.0,0.0
73.0,4,0.0,0.0,0.0,0.0,0.0,0.0,0.0,0.0,0.0,0.0,0.0,0.0,0.0,0.0,0.0,0.0,0.0,0.0,0.0,0.0,0.0,0.0,0.0
74.0,1,34.0,204.0,418.0,685.0,1019.0,1447.0,1990.0,2677.0,3502.0,4471.0,5625.0,7027.0,8716.0,10701.0,12965.0,15442.0,18031.0,20593.0,22999.0,25127.0,26933.0,28797.0,28889.0
74.0,2,30.0,67.0,111.0,167.0,238.0,327.0,440.0,585.0,767.0,998.0,1289.0,1659.0,2123.0,2706.0,3425.0,4306.0,5373.0,6651.0,8155.0,9878.0,11801.0,13875.0,16034.0
74.0,3,30.0,65.0,109.0,164.0,235.0,325.0,438.0,584.0,770.0,1006.0,1307.0,1689.0,2172.0,2776.0,3525.0,4437.0,5537.0,6849.0,8378.0,10122.0,12054.0,14129.0,16281.0
74.0,4,34.0,182.0,360.0,592.0,880.0,1257.0,1730.0,2326.0,3079.0,4006.0,5155.0,6569.0,8275.0,10291.0,12584.0,15087.0,17697.0,20264.0,22664.0,24770.0,26546.0,28189.0,28277.0
75.0,1,27.0,168.0,334.0,536.0,782.0,1096.0,1492.0,1993.0,2597.0,3313.0,4171.0,5213.0,6468.0,7943.0,9626.0,11467.0,13391.0,15294.0,17082.0,18663.0,20006.0,21391.0,21460.0
75.0,2,26.0,55.0,90.0,134.0,188.0,255.0,340.0,447.0,581.0,751.0,966.0,1237.0,1578.0,2006.0,2537.0,3190.0,3983.0,4933.0,6050.0,7331.0,8760.0,10301.0,11906.0
75.0,3,26.0,54.0,89.0,131.0,185.0,253.0,338.0,446.0,584.0,758.0,979.0,1260.0,1615.0,2059.0,2611.0,3287.0,4105.0,5080.0,6216.0,7512.0,8948.0,10490.0,12090.0
75.0,4,27.0,148.0,287.0,462.0,675.0,951.0,1296.0,1731.0,2282.0,2967.0,3821.0,4872.0,6140.0,7638.0,9343.0,11203.0,13143.0,15050.0,16833.0,18398.0,19718.0,20939.0,21006.0
76.0,1,0.0,0.0,0.0,0.0,0.0,0.0,0.0,0.0,0.0,0.0,0.0,0.0,0.0,0.0,0.0,0.0,0.0,0.0,0.0,0.0,0.0,0.0,0.0
76.0,2,0.0,0.0,0.0,0.0,0.0,0.0,0.0,0.0,0.0,0.0,0.0,0.0,0.0,0.0,0.0,0.0,0.0,0.0,0.0,0.0,0.0,0.0,0.0
76.0,3,0.0,0.0,0.0,0.0,0.0,0.0,0.0,0.0,0.0,0.0,0.0,0.0,0.0,0.0,0.0,0.0,0.0,0.0,0.0,0.0,0.0,0.0,0.0
76.0,4,0.0,0.0,0.0,0.0,0.0,0.0,0.0,0.0,0.0,0.0,0.0,0.0,0.0,0.0,0.0,0.0,0.0,0.0,0.0,0.0,0.0,0.0,0.0
77.0,1,84.0,249.0,436.0,655.0,917.0,1247.0,1662.0,2187.0,2823.0,3583.0,4500.0,5614.0,6955.0,8533.0,10330.0,12299.0,14355.0,16390.0,18301.0,19991.0,21426.0,22907.0,22980.0
77.0,2,83.0,118.0,157.0,205.0,265.0,338.0,429.0,543.0,686.0,866.0,1092.0,1379.0,1739.0,2192.0,2755.0,3451.0,4298.0,5314.0,6508.0,7877.0,9404.0,11052.0,12767.0
77.0,3,83.0,116.0,155.0,203.0,262.0,336.0,427.0,543.0,689.0,873.0,1107.0,1403.0,1778.0,2248.0,2834.0,3555.0,4429.0,5471.0,6686.0,8071.0,9605.0,11254.0,12963.0
77.0,4,84.0,226.0,381.0,571.0,797.0,1087.0,1449.0,1905.0,2486.0,3214.0,4127.0,5250.0,6605.0,8207.0,10029.0,12017.0,14090.0,16128.0,18035.0,19708.0,21119.0,22424.0,22494.0
78.0,1,24.0,128.0,281.0,488.0,759.0,1115.0,1569.0,2144.0,2827.0,3616.0,4544.0,5671.0,7029.0,8625.0,10444.0,12436.0,14517.0,16575.0,18510.0,20220.0,21673.0,23171.0,23245.0
78.0,2,17.0,40.0,70.0,111.0,165.0,234.0,324.0,441.0,589.0,778.0,1019.0,1324.0,1707.0,2185.0,2772.0,3484.0,4342.0,5369.0,6578.0,7963.0,9509.0,11176.0,12912.0
78.0,3,17.0,39.0,69.0,110.0,163.0,233.0,323.0,440.0,591.0,785.0,1033.0,1347.0,1745.0,2241.0,2852.0,3589.0,4474.0,5528.0,6758.0,8159.0,9713.0,11381.0,13110.0
78.0,4,24.0,115.0,244.0,424.0,659.0,971.0,1367.0,1866.0,2489.0,3243.0,4166.0,5303.0,6674.0,8295.0,10139.0,12151.0,14249.0,16311.0,18240.0,19933.0,21362.0,22682.0,22753.0
79.0,1,40.0,193.0,366.0,568.0,811.0,1117.0,1501.0,1987.0,2575.0,3279.0,4128.0,5159.0,6400.0,7860.0,9524.0,11346.0,13249.0,15132.0,16901.0,18466.0,19794.0,21164.0,21231.0
79.0,2,40.0,72.0,109.0,154.0,209.0,276.0,361.0,467.0,598.0,765.0,974.0,1239.0,1573.0,1992.0,2514.0,3158.0,3942.0,4882.0,5987.0,7254.0,8668.0,10193.0,11780.0
79.0,3,40.0,71.0,107.0,151.0,206.0,274.0,359.0,466.0,601.0,772.0,988.0,1262.0,1609.0,2044.0,2587.0,3254.0,4063.0,5027.0,6152.0,7434.0,8854.0,10380.0,11962.0
79.0,4,40.0,172.0,315.0,491.0,701.0,969.0,1304.0,1726.0,2263.0,2937.0,3782.0,4822.0,6076.0,7558.0,9244.0,11085.0,13004.0,14890.0,16655.0,18203.0,19509.0,20717.0,20782.0
80.0,1,21.0,122.0,254.0,425.0,640.0,919.0,1274.0,1722.0,2259.0,2885.0,3629.0,4532.0,5620.0,6898.0,8356.0,9952.0,11619.0,13269.0,14819.0,16190.0,17353.0,18553.0,18612.0
80.0,2,17.0,39.0,66.0,101.0,146.0,202.0,275.0,368.0,486.0,636.0,825.0,1065.0,1367.0,1745.0,2211.0,2779.0,3466.0,4290.0,5258.0,6368.0,7606.0,8942.0,10333.0
80.0,3,17.0,38.0,65.0,99.0,144.0,201.0,274.0,368.0,488.0,641.0,837.0,1085.0,1398.0,1790.0,2275.0,2863.0,3572.0,4417.0,5402.0,6525.0,7769.0,9106.0,10492.0
80.0,4,21.0,109.0,220.0,367.0,554.0,799.0,1108.0,1497.0,1986.0,2586.0,3326.0,4237.0,5336.0,6634.0,8111.0,9724.0,11404.0,13057.0,14603.0,15960.0,17104.0,18162.0,18219.0
81.0,1,23.0,122.0,252.0,419.0,631.0,905.0,1253.0,1693.0,2219.0,2835.0,3565.0,4451.0,5519.0,6774.0,8205.0,9771.0,11408.0,13027.0,14549.0,15894.0,17036.0,18214.0,18272.0
81.0,2,18.0,40.0,66.0,100.0,145.0,200.0,272.0,363.0,479.0,626.0,812.0,1047.0,1344.0,1714.0,2172.0,2729.0,3404.0,4212.0,5163.0,6252.0,7468.0,8779.0,10144.0
81.0,3,18.0,39.0,65.0,99.0,143.0,199.0,270.0,363.0,481.0,631.0,823.0,1066.0,1374.0,1759.0,2234.0,2812.0,3508.0,4337.0,5304.0,6406.0,7628.0,8940.0,10300.0
81.0,4,23.0,109.0,218.0,363.0,546.0,787.0,1090.0,1472.0,1952.0,2541.0,3267.0,4161.0,5240.0,6514.0,7965.0,9547.0,11197.0,12819.0,14337.0,15668.0,16791.0,17830.0,17885.0
82.0,1,23.0,97.0,194.0,318.0,476.0,680.0,940.0,1268.0,1661.0,2120.0,2664.0,3326.0,4122.0,5058.0,6126.0,7294.0,8515.0,9723.0,10857.0,11861.0,12713.0,13592.0,13635.0
82.0,2,20.0,36.0,56.0,81.0,114.0,156.0,209.0,277.0,363.0,473.0,612.0,788.0,1009.0,1285.0,1626.0,2042.0,2545.0,3148.0,3857.0,4670.0,5577.0,6555.0,7573.0
82.0,3,20.0,35.0,55.0,80.0,113.0,155.0,208.0,277.0,365.0,477.0,620.0,802.0,1031.0,1318.0,1673.0,2104.0,2623.0,3241.0,3963.0,4785.0,5696.0,6675.0,7689.0
82.0,4,23.0,87.0,168.0,276.0,413.0,592.0,818.0,1103.0,1462.0,1901.0,2442.0,3109.0,3914.0,4865.0,5946.0,7127.0,8357.0,9568.0,10699.0,11693.0,12530.0,13305.0,13346.0
83.0,1,52.0,176.0,316.0,480.0,676.0,923.0,1234.0,1627.0,2102.0,2672.0,3358.0,4192.0,5196.0,6377.0,7722.0,9196.0,10735.0,12258.0,13689.0,14954.0,16028.0,17136.0,17191.0
83.0,2,54.0,79.0,109.0,145.0,190.0,244.0,313.0,398.0,505.0,640.0,809.0,1023.0,1293.0,1632.0,2054.0,2575.0,3209.0,3969.0,4863.0,5888.0,7031.0,8264.0,9548.0
83.0,3,54.0,78.0,108.0,143.0,188.0,243.0,311.0,398.0,507.0,645.0,820.0,1042.0,1322.0,1674.0,2113.0,2652.0,3307.0,4087.0,4996.0,6033.0,7182.0,8416.0,9695.0
83.0,4,52.0,159.0,275.0,417.0,586.0,804.0,1074.0,1415.0,1850.0,2395.0,3079.0,3919.0,4934.0,6133.0,7496.0,8985.0,10537.0,12062.0,13490.0,14742.0,15798.0,16775.0,16827.0
84.0,1,-3.0,115.0,250.0,407.0,596.0,834.0,1132.0,1510.0,1967.0,2514.0,3174.0,3976.0,4941.0,6075.0,7369.0,8785.0,10265.0,11728.0,13104.0,14320.0,15352.0,16417.0,16470.0
84.0,2,-5.0,20.0,48.0,83.0,126.0,178.0,244.0,326.0,429.0,558.0,721.0,927.0,1186.0,1512.0,1918.0,2418.0,3028.0,3759.0,4618.0,5603.0,6702.0,7887.0,9121.0
84.0,3,-5.0,19.0,47.0,81.0,124.0,177.0,243.0,326.0,431.0,563.0,732.0,945.0,1215.0,1553.0,1975.0,2493.0,3122.0,3871.0,4746.0,5742.0,6846.0,8032.0,9262.0
84.0,4,-3.0,99.0,211.0,347.0,510.0,719.0,979.0,1307.0,1725.0,2249.0,2905.0,3714.0,4689.0,5841.0,7152.0,8582.0,10074.0,11540.0,12912.0,14116.0,15131.0,16070.0,16120.0
85.0,1,8.0,40.0,81.0,134.0,202.0,289.0,400.0,539.0,707.0,903.0,1135.0,1417.0,1757.0,2156.0,2611.0,3109.0,3630.0,4145.0,4629.0,5057.0,5421.0,5795.0,5814.0
85.0,2,8.0,15.0,23.0,34.0,48.0,66.0,88.0,118.0,154.0,201.0,260.0,335.0,429.0,547.0,693.0,870.0,1085.0,1342.0,1644.0,1991.0,2378.0,2795.0,3229.0
85.0,3,8.0,14.0,23.0,34.0,47.0,65.0,88.0,117.0,155.0,203.0,264.0,341.0,439.0,562.0,713.0,897.0,1118.0,1382.0,1689.0,2040.0,2429.0,2846.0,3279.0
85.0,4,8.0,36.0,70.0,117.0,175.0,251.0,348.0,469.0,622.0,809.0,1040.0,1325.0,1668.0,2073.0,2535.0,3038.0,3563.0,4079.0,4562.0,4985.0,5343.0,5673.0,5691.0
86.0,1,5.0,29.0,63.0,110.0,171.0,251.0,354.0,484.0,638.0,816.0,1026.0,1280.0,1587.0,1947.0,2358.0,2808.0,3278.0,3743.0,4179.0,4566.0,4894.0,5232.0,5249.0
86.0,2,3.0,8.0,15.0,24.0,36.0,52.0,72.0,99.0,132.0,175.0,229.0,298.0,385.0,493.0,625.0,786.0,980.0,1212.0,1485.0,1797.0,2147.0,2523.0,2915.0
86.0,3,3.0,8.0,15.0,24.0,36.0,52.0,72.0,99.0,133.0,176.0,232.0,303.0,393.0,505.0,643.0,810.0,1010.0,1247.0,1525.0,1842.0,2192.0,2569.0,2960.0
86.0,4,5.0,26.0,55.0,95.0,148.0,219.0,308.0,421.0,562.0,732.0,940.0,1197.0,1507.0,1873.0,2289.0,2743.0,3217.0,3683.0,4119.0,4501.0,4824.0,5122.0,5138.0
87.0,1,18.0,204.0,415.0,663.0,959.0,1332.0,1801.0,2394.0,3113.0,3972.0,5009.0,6267.0,7783.0,9566.0,11597.0,13822.0,16146.0,18445.0,20605.0,22515.0,24137.0,25810.0,25892.0
87.0,2,20.0,59.0,103.0,158.0,225.0,308.0,411.0,540.0,701.0,904.0,1160.0,1484.0,1891.0,2403.0,3039.0,3826.0,4783.0,5931.0,7281.0,8828.0,10554.0,12416.0,14354.0
87.0,3,20.0,57.0,101.0,155.0,222.0,305.0,408.0,539.0,704.0,912.0,1177.0,1511.0,1935.0,2466.0,3129.0,3943.0,4931.0,6108.0,7481.0,9047.0,10781.0,12644.0,14576.0
87.0,4,18.0,178.0,354.0,568.0,824.0,1152.0,1560.0,2076.0,2732.0,3555.0,4586.0,5856.0,7388.0,9197.0,11256.0,13503.0,15846.0,18150.0,20304.0,22195.0,23789.0,25264.0,25344.0
88.0,1,3.0,40.0,87.0,146.0,220.0,316.0,437.0,590.0,774.0,990.0,1247.0,1559.0,1934.0,2376.0,2879.0,3431.0,4006.0,4576.0,5111.0,5584.0,5987.0,6401.0,6421.0
88.0,2,1.0,9.0,19.0,31.0,47.0,67.0,92.0,124.0,165.0,216.0,281.0,363.0,467.0,597.0,757.0,953.0,1190.0,1475.0,1809.0,2192.0,2620.0,3081.0,3561.0
88.0,3,1.0,9.0,19.0,31.0,46.0,66.0,91.0,124.0,165.0,218.0,285.0,370.0,478.0,612.0,779.0,982.0,1227.0,1518.0,1859.0,2247.0,2676.0,3138.0,3616.0
88.0,4,3.0,35.0,74.0,126.0,190.0,274.0,379.0,512.0,680.0,887.0,1142.0,1457.0,1836.0,2284.0,2795.0,3352.0,3932.0,4502.0,5036.0,5505.0,5900.0,6266.0,6285.0
89.0,1,62.0,176.0,306.0,459.0,641.0,871.0,1160.0,1525.0,1968.0,2497.0,3135.0,3910.0,4844.0,5941.0,7193.0,8562.0,9994.0,11409.0,12740.0,13916.0,14915.0,15945.0,15996.0
89.0,2,62.0,86.0,113.0,147.0,189.0,239.0,303.0,382.0,482.0,607.0,764.0,964.0,1214.0,1530.0,1922.0,2406.0,2996.0,3702.0,4533.0,5486.0,6549.0,7696.0,8889.0
89.0,3,62.0,85.0,112.0,145.0,187.0,238.0,301.0,382.0,484.0,612.0,775.0,981.0,1242.0,1569.0,1977.0,2478.0,3087.0,3811.0,4657.0,5621.0,6689.0,7836.0,9026.0
89.0,4,62.0,160.0,268.0,400.0,558.0,760.0,1012.0,1329.0,1733.0,2240.0,2875.0,3657.0,4600.0,5715.0,6982.0,8366.0,9809.0,11228.0,12555.0,13719.0,14701.0,15609.0,15658.0
90.0,1,-5.0,-5.0,-5.0,-5.0,-5.0,-5.0,-5.0,-5.0,-5.0,-5.0,-5.0,-5.0,-5.0,-5.0,-5.0,-5.0,-5.0,-5.0,-5.0,-5.0,-5.0,-5.0,-5.0
90.0,2,-5.0,-5.0,-5.0,-5.0,-5.0,-5.0,-5.0,-5.0,-5.0,-5.0,-5.0,-5.0,-5.0,-5.0,-5.0,-5.0,-5.0,-5.0,-5.0,-5.0,-5.0,-5.0,-5.0
90.0,3,-5.0,-5.0,-5.0,-5.0,-5.0,-5.0,-5.0,-5.0,-5.0,-5.0,-5.0,-5.0,-5.0,-5.0,-5.0,-5.0,-5.0,-5.0,-5.0,-5.0,-5.0,-5.0,-5.0
90.0,4,-5.0,-5.0,-5.0,-5.0,-5.0,-5.0,-5.0,-5.0,-5.0,-5.0,-5.0,-5.0,-5.0,-5.0,-5.0,-5.0,-5.0,-5.0,-5.0,-5.0,-5.0,-5.0,-5.0
91.0,1,-44.0,16.0,87.0,173.0,278.0,412.0,581.0,795.0,1052.0,1357.0,1723.0,2168.0,2703.0,3332.0,4050.0,4835.0,5656.0,6468.0,7231.0,7905.0,8478.0,9068.0,9098.0
91.0,2,-46.0,-33.0,-19.0,0.0,23.0,52.0,88.0,134.0,191.0,264.0,355.0,471.0,616.0,799.0,1025.0,1304.0,1642.0,2047.0,2523.0,3070.0,3679.0,4337.0,5021.0
91.0,3,-46.0,-34.0,-19.0,-1.0,22.0,51.0,87.0,133.0,192.0,266.0,361.0,480.0,632.0,821.0,1057.0,1345.0,1694.0,2109.0,2594.0,3147.0,3759.0,4417.0,5099.0
91.0,4,-44.0,8.0,67.0,142.0,233.0,350.0,497.0,683.0,918.0,1210.0,1574.0,2022.0,2563.0,3202.0,3929.0,4723.0,5550.0,6363.0,7124.0,7792.0,8355.0,8876.0,8904.0
92.0,1,36.0,142.0,263.0,404.0,573.0,786.0,1054.0,1392.0,1802.0,2292.0,2884.0,3602.0,4467.0,5484.0,6643.0,7912.0,9238.0,10550.0,11782.0,12872.0,13797.0,14752.0,14799.0
92.0,2,36.0,59.0,84.0,115.0,154.0,201.0,260.0,333.0,425.0,541.0,687.0,872.0,1104.0,1396.0,1759.0,2208.0,2754.0,3409.0,4179.0,5062.0,6047.0,7109.0,8215.0
92.0,3,36.0,58.0,83.0,114.0,152.0,199.0,258.0,333.0,427.0,546.0,697.0,888.0,1129.0,1432.0,1810.0,2275.0,2839.0,3510.0,4294.0,5187.0,6176.0,7239.0,8341.0
92.0,4,36.0,128.0,228.0,350.0,496.0,683.0,916.0,1210.0,1585.0,2054.0,2643.0,3367.0,4241.0,5273.0,6448.0,7730.0,9067.0,10381.0,11610.0,12689.0,13599.0,14440.0,14486.0
93.0,1,46.0,167.0,310.0,484.0,696.0,966.0,1306.0,1737.0,2257.0,2873.0,3611.0,4507.0,5587.0,6857.0,8304.0,9888.0,11544.0,13182.0,14721.0,16081.0,17236.0,18428.0,18487.0
93.0,2,42.0,68.0,98.0,135.0,182.0,240.0,313.0,405.0,521.0,667.0,851.0,1085.0,1378.0,1747.0,2203.0,2765.0,3447.0,4265.0,5226.0,6328.0,7558.0,8884.0,10265.0
93.0,3,42.0,67.0,97.0,134.0,180.0,238.0,311.0,404.0,523.0,672.0,863.0,1104.0,1409.0,1792.0,2267.0,2849.0,3552.0,4391.0,5369.0,6484.0,7719.0,9046.0,10423.0
93.0,4,46.0,150.0,270.0,420.0,604.0,841.0,1137.0,1512.0,1986.0,2575.0,3310.0,4214.0,5305.0,6594.0,8061.0,9662.0,11331.0,12972.0,14506.0,15853.0,16989.0,18039.0,18096.0
94.0,1,0.0,132.0,280.0,454.0,663.0,926.0,1255.0,1673.0,2179.0,2783.0,3513.0,4398.0,5465.0,6719.0,8149.0,9714.0,11350.0,12967.0,14488.0,15832.0,16973.0,18150.0,18208.0
94.0,2,0.0,27.0,59.0,97.0,145.0,202.0,275.0,366.0,479.0,622.0,802.0,1030.0,1317.0,1677.0,2125.0,2678.0,3352.0,4160.0,5109.0,6198.0,7413.0,8723.0,10087.0
94.0,3,0.0,26.0,57.0,95.0,142.0,201.0,273.0,365.0,482.0,628.0,814.0,1050.0,1348.0,1722.0,2188.0,2761.0,3456.0,4284.0,5250.0,6352.0,7572.0,8883.0,10243.0
94.0,4,0.0,113.0,237.0,388.0,568.0,799.0,1086.0,1449.0,1910.0,2490.0,3215.0,4109.0,5187.0,6460.0,7909.0,9490.0,11139.0,12760.0,14276.0,15606.0,16728.0,17766.0,17822.0
95.0,1,6.0,34.0,75.0,130.0,202.0,296.0,417.0,569.0,750.0,959.0,1206.0,1505.0,1865.0,2289.0,2772.0,3301.0,3853.0,4400.0,4914.0,5367.0,5753.0,6150.0,6170.0
95.0,2,5.0,11.0,19.0,30.0,44.0,63.0,87.0,118.0,157.0,207.0,271.0,352.0,453.0,580.0,736.0,925.0,1152.0,1425.0,1746.0,2114.0,2524.0,2967.0,3427.0
95.0,3,5.0,11.0,19.0,30.0,44.0,62.0,86.0,117.0,157.0,209.0,275.0,358.0,463.0,595.0,757.0,953.0,1188.0,1467.0,1794.0,2166.0,2578.0,3021.0,3480.0
95.0,4,6.0,31.0,65.0,113.0,175.0,258.0,363.0,495.0,660.0,860.0,1105.0,1407.0,1771.0,2201.0,2691.0,3225.0,3782.0,4330.0,4842.0,5291.0,5670.0,6021.0,6039.0
96.0,1,3.0,31.0,66.0,112.0,170.0,245.0,340.0,461.0,605.0,773.0,973.0,1216.0,1508.0,1852.0,2244.0,2673.0,3121.0,3565.0,3982.0,4350.0,4663.0,4986.0,5001.0
96.0,2,2.0,8.0,15.0,25.0,37.0,52.0,71.0,96.0,128.0,168.0,219.0,284.0,365.0,467.0,592.0,745.0,929.0,1151.0,1411.0,1709.0,2042.0,2401.0,2775.0
96.0,3,2.0,8.0,15.0,24.0,36.0,52.0,71.0,96.0,129.0,170.0,222.0,289.0,373.0,479.0,609.0,767.0,958.0,1185.0,1450.0,1752.0,2086.0,2445.0,2818.0
96.0,4,3.0,27.0,57.0,97.0,147.0,212.0,296.0,400.0,532.0,693.0,892.0,1137.0,1432.0,1781.0,2178.0,2612.0,3064.0,3508.0,3924.0,4288.0,4596.0,4880.0,4896.0
97.0,1,-3.0,116.0,257.0,427.0,635.0,900.0,1234.0,1656.0,2166.0,2770.0,3494.0,4373.0,5432.0,6677.0,8097.0,9651.0,11274.0,12880.0,14390.0,15724.0,16857.0,18026.0,18084.0
97.0,2,-4.0,21.0,51.0,87.0,133.0,190.0,262.0,352.0,465.0,609.0,789.0,1018.0,1306.0,1668.0,2116.0,2666.0,3335.0,4137.0,5080.0,6161.0,7367.0,8667.0,10022.0
97.0,3,-4.0,20.0,50.0,86.0,131.0,189.0,260.0,351.0,467.0,614.0,801.0,1038.0,1337.0,1712.0,2178.0,2748.0,3439.0,4261.0,5220.0,6314.0,7525.0,8827.0,10176.0
97.0,4,-3.0,100.0,217.0,365.0,545.0,777.0,1068.0,1435.0,1900.0,2478.0,3199.0,4086.0,5156.0,6420.0,7858.0,9428.0,11065.0,12674.0,14180.0,15500.0,16614.0,17645.0,17700.0
98.0,1,35.0,189.0,392.0,653.0,984.0,1411.0,1955.0,2642.0,3465.0,4425.0,5565.0,6950.0,8617.0,10577.0,12812.0,15258.0,17814.0,20343.0,22719.0,24820.0,26604.0,28443.0,28534.0
98.0,2,29.0,62.0,104.0,157.0,226.0,313.0,425.0,568.0,748.0,977.0,1268.0,1636.0,2099.0,2678.0,3392.0,4263.0,5316.0,6578.0,8063.0,9765.0,11663.0,13710.0,15842.0
98.0,3,29.0,61.0,102.0,155.0,223.0,311.0,423.0,567.0,751.0,986.0,1285.0,1666.0,2146.0,2747.0,3490.0,4392.0,5478.0,6773.0,8283.0,10005.0,11913.0,13961.0,16086.0
98.0,4,35.0,169.0,339.0,566.0,852.0,1227.0,1701.0,2297.0,3047.0,3966.0,5101.0,6497.0,8182.0,10172.0,12437.0,14908.0,17484.0,20018.0,22388.0,24467.0,26221.0,27843.0,27930.0
99.0,1,22.0,92.0,175.0,275.0,397.0,552.0,748.0,997.0,1296.0,1651.0,2076.0,2592.0,3214.0,3946.0,4780.0,5692.0,6646.0,7590.0,8476.0,9260.0,9926.0,10612.0,10646.0
99.0,2,22.0,37.0,54.0,75.0,102.0,136.0,178.0,231.0,297.0,382.0,488.0,622.0,791.0,1004.0,1267.0,1590.0,1983.0,2454.0,3008.0,3643.0,4351.0,5115.0,5911.0
99.0,3,22.0,36.0,53.0,74.0,101.0,135.0,177.0,230.0,299.0,385.0,495.0,633.0,809.0,1030.0,1303.0,1638.0,2044.0,2527.0,3090.0,3733.0,4444.0,5209.0,6002.0
99.0,4,22.0,82.0,151.0,238.0,344.0,480.0,651.0,867.0,1140.0,1479.0,1903.0,2424.0,3052.0,3795.0,4640.0,5562.0,6523.0,7469.0,8353.0,9129.0,9783.0,10388.0,10421.0
100.0,1,2.0,7.0,14.0,24.0,35.0,50.0,70.0,94.0,123.0,158.0,198.0,247.0,307.0,376.0,456.0,543.0,634.0,724.0,808.0,883.0,946.0,1012.0,1015.0
100.0,2,1.0,2.0,4.0,6.0,8.0,11.0,15.0,20.0,27.0,35.0,45.0,58.0,75.0,95.0,121.0,152.0,189.0,234.0,287.0,347.0,415.0,488.0,564.0
100.0,3,1.0,2.0,4.0,6.0,8.0,11.0,15.0,20.0,27.0,35.0,46.0,59.0,77.0,98.0,124.0,156.0,195.0,241.0,295.0,356.0,424.0,497.0,572.0
100.0,4,2.0,6.0,12.0,20.0,31.0,44.0,61.0,82.0,109.0,141.0,182.0,231.0,291.0,362.0,443.0,530.0,622.0,712.0,797.0,870.0,933.0,991.0,994.0
101.0,1,31.0,116.0,228.0,371.0,553.0,788.0,1087.0,1465.0,1918.0,2446.0,3073.0,3835.0,4752.0,5831.0,7060.0,8406.0,9812.0,11203.0,12511.0,13667.0,14648.0,15660.0,15710.0
101.0,2,28.0,46.0,69.0,98.0,136.0,184.0,245.0,324.0,423.0,549.0,709.0,912.0,1166.0,1485.0,1878.0,2357.0,2936.0,3631.0,4447.0,5384.0,6428.0,7554.0,8727.0
101.0,3,28.0,45.0,68.0,97.0,135.0,183.0,244.0,323.0,425.0,554.0,719.0,928.0,1193.0,1523.0,1932.0,2428.0,3026.0,3738.0,4569.0,5516.0,6565.0,7693.0,8861.0
101.0,4,31.0,105.0,198.0,323.0,480.0,687.0,947.0,1276.0,1688.0,2194.0,2818.0,3586.0,4513.0,5608.0,6854.0,8213.0,9631.0,11025.0,12329.0,13473.0,14437.0,15330.0,15378.0
102.0,1,40.0,117.0,209.0,320.0,455.0,628.0,845.0,1121.0,1452.0,1846.0,2317.0,2890.0,3580.0,4391.0,5315.0,6327.0,7385.0,8431.0,9414.0,10283.0,11021.0,11782.0,11820.0
102.0,2,39.0,55.0,74.0,98.0,128.0,165.0,211.0,270.0,344.0,438.0,555.0,704.0,892.0,1127.0,1419.0,1778.0,2213.0,2736.0,3350.0,4054.0,4839.0,5686.0,6568.0
102.0,3,39.0,54.0,73.0,97.0,126.0,164.0,210.0,270.0,345.0,441.0,563.0,717.0,912.0,1156.0,1460.0,1831.0,2281.0,2816.0,3441.0,4153.0,4942.0,5790.0,6669.0
102.0,4,40.0,107.0,183.0,279.0,396.0,548.0,737.0,976.0,1279.0,1656.0,2125.0,2703.0,3400.0,4223.0,5160.0,6182.0,7248.0,8297.0,9277.0,10137.0,10863.0,11534.0,11570.0
103.0,1,5.0,18.0,35.0,57.0,85.0,121.0,166.0,224.0,293.0,374.0,470.0,587.0,727.0,892.0,1080.0,1285.0,1500.0,1713.0,1913.0,2089.0,2240.0,2394.0,2402.0
103.0,2,4.0,7.0,11.0,15.0,21.0,28.0,38.0,50.0,65.0,84.0,108.0,139.0,178.0,227.0,287.0,360.0,449.0,555.0,680.0,823.0,983.0,1155.0,1334.0
103.0,3,4.0,7.0,10.0,15.0,21.0,28.0,37.0,50.0,65.0,85.0,110.0,142.0,182.0,233.0,295.0,371.0,463.0,572.0,699.0,843.0,1004.0,1176.0,1355.0
103.0,4,5.0,16.0,31.0,50.0,74.0,105.0,145.0,195.0,258.0,336.0,431.0,548.0,690.0,858.0,1048.0,1256.0,1473.0,1686.0,1885.0,2060.0,2207.0,2344.0,2351.0
104.0,1,42.0,266.0,560.0,938.0,1417.0,2036.0,2823.0,3818.0,5010.0,6402.0,8052.0,10058.0,12473.0,15312.0,18549.0,22091.0,25793.0,29456.0,32898.0,35941.0,38525.0,41189.0,41320.0
104.0,2,34.0,82.0,142.0,220.0,320.0,446.0,608.0,814.0,1075.0,1408.0,1828.0,2362.0,3032.0,3870.0,4905.0,6167.0,7692.0,9520.0,11670.0,14135.0,16885.0,19850.0,22938.0
104.0,3,34.0,80.0,140.0,217.0,316.0,443.0,605.0,813.0,1080.0,1420.0,1854.0,2405.0,3101.0,3971.0,5047.0,6353.0,7927.0,9802.0,11990.0,14484.0,17246.0,20214.0,23291.0
104.0,4,42.0,237.0,484.0,811.0,1226.0,1769.0,2455.0,3320.0,4406.0,5737.0,7380.0,9403.0,11843.0,14725.0,18005.0,21584.0,25316.0,28986.0,32419.0,35430.0,37970.0,40320.0,40446.0
105.0,1,26.0,105.0,145.0,239.0,359.0,514.0,710.0,959.0,1257.0,1605.0,2017.0,2518.0,3122.0,3831.0,4640.0,5525.0,6450.0,7365.0,8225.0,8985.0,9631.0,10297.0,10329.0
105.0,2,23.0,40.0,41.0,60.0,85.0,117.0,157.0,209.0,274.0,357.0,462.0,595.0,763.0,972.0,1231.0,1546.0,1927.0,2384.0,2921.0,3537.0,4224.0,4965.0,5737.0
105.0,3,23.0,40.0,40.0,59.0,84.0,116.0,156.0,208.0,275.0,360.0,469.0,606.0,780.0,997.0,1266.0,1593.0,1986.0,2455.0,3001.0,3624.0,4314.0,5056.0,5825.0
105.0,4,26.0,95.0,126.0,208.0,311.0,447.0,618.0,834.0,1106.0,1438.0,1849.0,2354.0,2964.0,3684.0,4504.0,5398.0,6331.0,7248.0,8105.0,8858.0,9493.0,10080.0,10111.0
106.0,1,3.0,11.0,19.0,29.0,41.0,56.0,74.0,98.0,127.0,161.0,203.0,253.0,314.0,385.0,466.0,555.0,648.0,740.0,826.0,903.0,967.0,1034.0,1038.0
106.0,2,4.0,6.0,7.0,10.0,12.0,16.0,20.0,25.0,31.0,39.0,50.0,63.0,79.0,99.0,125.0,156.0,194.0,240.0,294.0,356.0,425.0,500.0,577.0
106.0,3,4.0,6.0,7.0,9.0,12.0,15.0,20.0,25.0,31.0,40.0,50.0,64.0,81.0,102.0,128.0,161.0,200.0,247.0,302.0,365.0,434.0,509.0,586.0
106.0,4,3.0,9.0,16.0,25.0,35.0,48.0,65.0,85.0,112.0,144.0,186.0,236.0,298.0,370.0,452.0,542.0,636.0,728.0,814.0,890.0,953.0,1012.0,1016.0
107.0,1,71.0,354.0,602.0,961.0,1400.0,1958.0,2662.0,3553.0,4627.0,5900.0,7427.0,9281.0,11514.0,14140.0,17133.0,20409.0,23833.0,27220.0,30402.0,33216.0,35605.0,38069.0,38191.0
107.0,2,68.0,128.0,167.0,244.0,341.0,460.0,611.0,802.0,1041.0,1343.0,1724.0,2207.0,2814.0,3576.0,4521.0,5682.0,7093.0,8783.0,10771.0,13051.0,15593.0,18336.0,21191.0
107.0,3,68.0,125.0,164.0,240.0,336.0,457.0,608.0,801.0,1045.0,1355.0,1749.0,2248.0,2879.0,3669.0,4652.0,5855.0,7310.0,9044.0,11067.0,13373.0,15928.0,18672.0,21518.0
107.0,4,71.0,315.0,518.0,829.0,1209.0,1699.0,2312.0,3086.0,4066.0,5286.0,6805.0,8675.0,10931.0,13597.0,16630.0,19940.0,23392.0,26785.0,29959.0,32744.0,35092.0,37265.0,37383.0
108.0,1,1.0,6.0,12.0,22.0,34.0,50.0,71.0,97.0,128.0,164.0,206.0,257.0,319.0,392.0,474.0,565.0,659.0,753.0,841.0,918.0,984.0,1053.0,1056.0
108.0,2,0.0,1.0,3.0,5.0,7.0,10.0,14.0,20.0,26.0,35.0,46.0,60.0,77.0,99.0,126.0,158.0,197.0,244.0,299.0,361.0,432.0,507.0,586.0
108.0,3,0.0,1.0,3.0,5.0,7.0,10.0,14.0,20.0,26.0,35.0,47.0,61.0,79.0,101.0,129.0,163.0,203.0,251.0,307.0,370.0,441.0,517.0,595.0
108.0,4,1.0,5.0,11.0,19.0,30.0,44.0,62.0,84.0,113.0,147.0,189.0,241.0,303.0,377.0,460.0,552.0,647.0,741.0,828.0,905.0,970.0,1030.0,1034.0
109.0,1,51.0,182.0,330.0,504.0,712.0,974.0,1302.0,1719.0,2223.0,2826.0,3553.0,4436.0,5499.0,6749.0,8175.0,9735.0,11366.0,12978.0,14494.0,15834.0,16971.0,18145.0,18203.0
109.0,2,53.0,80.0,111.0,150.0,197.0,255.0,327.0,418.0,531.0,673.0,853.0,1080.0,1365.0,1724.0,2171.0,2723.0,3394.0,4200.0,5146.0,6232.0,7443.0,8749.0,10108.0
109.0,3,53.0,79.0,110.0,148.0,194.0,253.0,325.0,417.0,533.0,679.0,864.0,1099.0,1396.0,1769.0,2234.0,2805.0,3498.0,4324.0,5287.0,6385.0,7602.0,8909.0,10264.0
109.0,4,51.0,164.0,287.0,437.0,617.0,847.0,1134.0,1495.0,1955.0,2533.0,3256.0,4147.0,5222.0,6491.0,7935.0,9512.0,11155.0,12771.0,14283.0,15609.0,16727.0,17762.0,17818.0
110.0,1,-92.0,31.0,169.0,331.0,525.0,769.0,1076.0,1464.0,1934.0,2497.0,3175.0,3999.0,4991.0,6158.0,7488.0,8943.0,10465.0,11969.0,13383.0,14634.0,15695.0,16790.0,16844.0
110.0,2,-101.0,-76.0,-46.0,-11.0,33.0,87.0,155.0,239.0,345.0,478.0,645.0,857.0,1124.0,1459.0,1875.0,2390.0,3017.0,3768.0,4651.0,5664.0,6794.0,8012.0,9281.0
110.0,3,-101.0,-77.0,-48.0,-12.0,31.0,86.0,153.0,239.0,347.0,483.0,656.0,875.0,1153.0,1500.0,1934.0,2467.0,3114.0,3884.0,4783.0,5807.0,6942.0,8162.0,9426.0
110.0,4,-92.0,14.0,128.0,269.0,436.0,651.0,918.0,1255.0,1685.0,2224.0,2899.0,3730.0,4732.0,5917.0,7264.0,8735.0,10268.0,11776.0,13186.0,14424.0,15467.0,16433.0,16485.0
111.0,1,-12.0,35.0,96.0,174.0,274.0,402.0,566.0,772.0,1020.0,1309.0,1652.0,2068.0,2570.0,3159.0,3832.0,4567.0,5336.0,6097.0,6811.0,7443.0,7980.0,8533.0,8560.0
111.0,2,-13.0,-3.0,9.0,26.0,46.0,72.0,106.0,149.0,203.0,272.0,360.0,470.0,609.0,784.0,998.0,1260.0,1577.0,1957.0,2403.0,2915.0,3486.0,4102.0,4743.0
111.0,3,-13.0,-3.0,9.0,25.0,45.0,72.0,105.0,149.0,204.0,275.0,365.0,479.0,624.0,804.0,1028.0,1299.0,1626.0,2015.0,2470.0,2988.0,3561.0,4178.0,4817.0
111.0,4,-12.0,29.0,80.0,148.0,234.0,347.0,489.0,669.0,894.0,1171.0,1512.0,1932.0,2439.0,3037.0,3719.0,4462.0,5237.0,5999.0,6712.0,7337.0,7865.0,8353.0,8379.0
112.0,1,51.0,296.0,573.0,898.0,1287.0,1777.0,2392.0,3171.0,4113.0,5242.0,6601.0,8253.0,10243.0,12582.0,15249.0,18168.0,21218.0,24235.0,27070.0,29577.0,31705.0,33901.0,34009.0
112.0,2,51.0,102.0,161.0,233.0,321.0,429.0,564.0,734.0,945.0,1212.0,1548.0,1972.0,2507.0,3179.0,4014.0,5046.0,6303.0,7809.0,9580.0,11611.0,13876.0,16320.0,18863.0
112.0,3,51.0,100.0,158.0,229.0,316.0,426.0,561.0,733.0,950.0,1223.0,1570.0,2009.0,2565.0,3262.0,4132.0,5200.0,6497.0,8042.0,9844.0,11898.0,14174.0,16619.0,19154.0
112.0,4,51.0,262.0,492.0,774.0,1110.0,1540.0,2076.0,2752.0,3613.0,4694.0,6047.0,7714.0,9724.0,12099.0,14801.0,17750.0,20825.0,23848.0,26676.0,29157.0,31249.0,33185.0,33289.0
113.0,1,8.0,45.0,99.0,172.0,268.0,393.0,554.0,757.0,998.0,1277.0,1604.0,2002.0,2481.0,3045.0,3687.0,4391.0,5126.0,5852.0,6535.0,7139.0,7652.0,8181.0,8207.0
113.0,2,6.0,14.0,25.0,39.0,58.0,83.0,114.0,156.0,208.0,275.0,360.0,467.0,603.0,771.0,979.0,1230.0,1533.0,1896.0,2323.0,2812.0,3358.0,3946.0,4559.0
113.0,3,6.0,14.0,24.0,39.0,57.0,82.0,114.0,155.0,209.0,277.0,365.0,476.0,616.0,791.0,1007.0,1267.0,1580.0,1952.0,2386.0,2881.0,3429.0,4018.0,4629.0
113.0,4,8.0,40.0,86.0,149.0,232.0,342.0,482.0,658.0,878.0,1145.0,1471.0,1872.0,2356.0,2929.0,3580.0,4290.0,5031.0,5759.0,6440.0,7038.0,7542.0,8009.0,8034.0
114.0,1,44.0,148.0,285.0,460.0,681.0,969.0,1333.0,1795.0,2347.0,2992.0,3757.0,4686.0,5805.0,7121.0,8621.0,10263.0,11979.0,13676.0,15271.0,16682.0,17879.0,19114.0,19175.0
114.0,2,40.0,63.0,90.0,126.0,173.0,231.0,306.0,402.0,523.0,677.0,872.0,1119.0,1430.0,1818.0,2298.0,2882.0,3589.0,4437.0,5433.0,6575.0,7850.0,9224.0,10655.0
114.0,3,40.0,62.0,90.0,125.0,171.0,230.0,305.0,401.0,525.0,682.0,884.0,1139.0,1462.0,1865.0,2363.0,2969.0,3698.0,4567.0,5581.0,6737.0,8017.0,9393.0,10819.0
114.0,4,44.0,135.0,249.0,401.0,593.0,845.0,1163.0,1563.0,2067.0,2684.0,3445.0,4382.0,5513.0,6849.0,8369.0,10028.0,11758.0,13459.0,15049.0,16445.0,17622.0,18711.0,18769.0
115.0,1,51.0,223.0,426.0,672.0,973.0,1356.0,1839.0,2450.0,3186.0,4060.0,5107.0,6378.0,7910.0,9710.0,11763.0,14010.0,16358.0,18681.0,20863.0,22793.0,24431.0,26121.0,26205.0
115.0,2,48.0,84.0,126.0,180.0,246.0,328.0,431.0,562.0,726.0,933.0,1195.0,1526.0,1942.0,2464.0,3112.0,3909.0,4876.0,6036.0,7399.0,8962.0,10706.0,12587.0,14545.0
115.0,3,48.0,82.0,125.0,177.0,243.0,326.0,429.0,561.0,729.0,941.0,1211.0,1553.0,1986.0,2529.0,3203.0,4027.0,5025.0,6215.0,7602.0,9183.0,10935.0,12817.0,14769.0
115.0,4,51.0,199.0,369.0,582.0,842.0,1178.0,1599.0,2130.0,2802.0,3638.0,4680.0,5963.0,7510.0,9338.0,11418.0,13688.0,16055.0,18383.0,20559.0,22469.0,24080.0,25570.0,25650.0
116.0,1,22.0,143.0,285.0,458.0,669.0,937.0,1275.0,1704.0,2220.0,2832.0,3566.0,4457.0,5530.0,6792.0,8231.0,9805.0,11451.0,13079.0,14609.0,15961.0,17109.0,18293.0,18352.0
116.0,2,21.0,46.0,76.0,113.0,160.0,217.0,290.0,382.0,496.0,642.0,825.0,1057.0,1349.0,1715.0,2169.0,2727.0,3405.0,4218.0,5173.0,6269.0,7491.0,8809.0,10181.0
116.0,3,21.0,45.0,75.0,112.0,158.0,216.0,288.0,381.0,499.0,647.0,837.0,1076.0,1380.0,1760.0,2232.0,2810.0,3510.0,4343.0,5315.0,6424.0,7651.0,8971.0,10338.0
116.0,4,22.0,126.0,245.0,395.0,577.0,812.0,1107.0,1479.0,1951.0,2536.0,3267.0,4166.0,5250.0,6531.0,7989.0,9580.0,11239.0,12870.0,14396.0,15734.0,16863.0,17907.0,17964.0
117.0,1,17.0,69.0,135.0,219.0,323.0,458.0,629.0,845.0,1104.0,1408.0,1770.0,2210.0,2739.0,3361.0,4071.0,4848.0,5659.0,6462.0,7216.0,7883.0,8450.0,9034.0,9062.0
117.0,2,16.0,27.0,41.0,58.0,80.0,108.0,144.0,189.0,246.0,319.0,410.0,526.0,672.0,855.0,1081.0,1357.0,1691.0,2092.0,2563.0,3104.0,3707.0,4357.0,5033.0
117.0,3,16.0,27.0,40.0,57.0,79.0,107.0,143.0,189.0,247.0,321.0,416.0,536.0,688.0,877.0,1112.0,1398.0,1743.0,2154.0,2633.0,3180.0,3786.0,4436.0,5111.0
117.0,4,17.0,62.0,118.0,190.0,281.0,399.0,548.0,735.0,972.0,1263.0,1623.0,2066.0,2601.0,3233.0,3952.0,4737.0,5554.0,6359.0,7111.0,7771.0,8329.0,8843.0,8870.0
118.0,1,0.0,0.0,0.0,0.0,0.0,0.0,0.0,0.0,0.0,0.0,0.0,0.0,0.0,0.0,0.0,0.0,0.0,0.0,0.0,0.0,0.0,0.0,0.0
118.0,2,0.0,0.0,0.0,0.0,0.0,0.0,0.0,0.0,0.0,0.0,0.0,0.0,0.0,0.0,0.0,0.0,0.0,0.0,0.0,0.0,0.0,0.0,0.0
118.0,3,0.0,0.0,0.0,0.0,0.0,0.0,0.0,0.0,0.0,0.0,0.0,0.0,0.0,0.0,0.0,0.0,0.0,0.0,0.0,0.0,0.0,0.0,0.0
118.0,4,0.0,0.0,0.0,0.0,0.0,0.0,0.0,0.0,0.0,0.0,0.0,0.0,0.0,0.0,0.0,0.0,0.0,0.0,0.0,0.0,0.0,0.0,0.0
119.0,1,80.0,235.0,418.0,639.0,910.0,1255.0,1690.0,2239.0,2903.0,3689.0,4631.0,5776.0,7154.0,8775.0,10623.0,12645.0,14759.0,16850.0,18815.0,20551.0,22026.0,23547.0,23623.0
119.0,2,77.0,110.0,148.0,196.0,255.0,329.0,423.0,540.0,688.0,874.0,1110.0,1408.0,1782.0,2253.0,2836.0,3553.0,4424.0,5467.0,6695.0,8102.0,9671.0,11364.0,13127.0
119.0,3,77.0,108.0,147.0,194.0,253.0,327.0,421.0,539.0,690.0,881.0,1125.0,1433.0,1822.0,2310.0,2917.0,3659.0,4558.0,5628.0,6877.0,8301.0,9878.0,11572.0,13329.0
119.0,4,80.0,213.0,366.0,558.0,792.0,1095.0,1474.0,1951.0,2557.0,3309.0,4247.0,5402.0,6795.0,8440.0,10313.0,12356.0,14487.0,16581.0,18541.0,20260.0,21710.0,23051.0,23124.0
120.0,1,0.0,3.0,7.0,13.0,21.0,31.0,44.0,60.0,80.0,102.0,128.0,160.0,199.0,244.0,296.0,353.0,412.0,470.0,525.0,574.0,615.0,657.0,660.0
120.0,2,1.0,2.0,2.0,4.0,5.0,7.0,10.0,13.0,17.0,22.0,29.0,38.0,49.0,62.0,79.0,99.0,124.0,153.0,187.0,227.0,270.0,318.0,367.0
120.0,3,1.0,2.0,2.0,4.0,5.0,7.0,10.0,13.0,17.0,23.0,30.0,39.0,50.0,64.0,81.0,102.0,127.0,157.0,192.0,232.0,276.0,324.0,373.0
120.0,4,0.0,3.0,6.0,12.0,18.0,27.0,38.0,52.0,70.0,92.0,118.0,150.0,189.0,235.0,287.0,344.0,404.0,463.0,517.0,565.0,606.0,644.0,646.0
121.0,1,2.0,6.0,12.0,19.0,27.0,38.0,52.0,70.0,91.0,116.0,145.0,181.0,224.0,275.0,333.0,396.0,462.0,528.0,589.0,644.0,690.0,738.0,740.0
121.0,2,2.0,3.0,4.0,5.0,7.0,9.0,12.0,16.0,21.0,27.0,34.0,44.0,55.0,70.0,89.0,111.0,139.0,171.0,210.0,254.0,303.0,356.0,411.0
121.0,3,2.0,3.0,4.0,5.0,7.0,9.0,12.0,16.0,21.0,27.0,34.0,44.0,57.0,72.0,91.0,115.0,143.0,176.0,215.0,260.0,309.0,363.0,418.0
121.0,4,2.0,6.0,10.0,16.0,24.0,33.0,45.0,61.0,80.0,104.0,133.0,169.0,213.0,264.0,323.0,387.0,454.0,519.0,581.0,635.0,680.0,722.0,724.0
122.0,1,2.0,68.0,148.0,243.0,360.0,509.0,697.0,935.0,1221.0,1561.0,1968.0,2462.0,3058.0,3758.0,4557.0,5431.0,6344.0,7247.0,8096.0,8846.0,9484.0,10141.0,10173.0
122.0,2,1.0,15.0,32.0,53.0,78.0,110.0,151.0,201.0,265.0,346.0,447.0,576.0,738.0,941.0,1193.0,1503.0,1879.0,2330.0,2860.0,3468.0,4147.0,4878.0,5640.0
122.0,3,1.0,15.0,31.0,52.0,77.0,109.0,150.0,201.0,266.0,349.0,454.0,587.0,755.0,966.0,1228.0,1549.0,1937.0,2400.0,2939.0,3554.0,4236.0,4968.0,5727.0
122.0,4,2.0,59.0,125.0,208.0,309.0,440.0,604.0,810.0,1072.0,1397.0,1802.0,2301.0,2903.0,3614.0,4423.0,5306.0,6226.0,7131.0,7978.0,8721.0,9347.0,9927.0,9958.0
123.0,1,29.0,110.0,207.0,323.0,466.0,647.0,875.0,1164.0,1513.0,1926.0,2422.0,3024.0,3748.0,4600.0,5572.0,6635.0,7746.0,8846.0,9878.0,10792.0,11567.0,12367.0,12406.0
123.0,2,29.0,46.0,66.0,91.0,122.0,161.0,210.0,272.0,350.0,448.0,571.0,728.0,925.0,1172.0,1479.0,1856.0,2314.0,2862.0,3508.0,4247.0,5072.0,5963.0,6889.0
123.0,3,29.0,45.0,65.0,90.0,121.0,160.0,209.0,272.0,351.0,451.0,579.0,741.0,946.0,1203.0,1522.0,1912.0,2384.0,2947.0,3604.0,4352.0,5181.0,6072.0,6995.0
123.0,4,29.0,99.0,179.0,280.0,404.0,563.0,762.0,1013.0,1331.0,1727.0,2220.0,2827.0,3559.0,4424.0,5409.0,6483.0,7603.0,8704.0,9735.0,10638.0,11401.0,12106.0,12144.0
124.0,1,20.0,105.0,213.0,348.0,518.0,737.0,1015.0,1365.0,1786.0,2280.0,2868.0,3581.0,4441.0,5451.0,6604.0,7865.0,9182.0,10486.0,11711.0,12795.0,13715.0,14663.0,14709.0
124.0,2,17.0,35.0,57.0,86.0,122.0,167.0,225.0,298.0,391.0,509.0,657.0,846.0,1083.0,1380.0,1747.0,2195.0,2738.0,3389.0,4154.0,5032.0,6011.0,7066.0,8165.0
124.0,3,17.0,34.0,57.0,84.0,120.0,166.0,224.0,298.0,393.0,513.0,667.0,861.0,1108.0,1416.0,1798.0,2262.0,2822.0,3489.0,4268.0,5156.0,6140.0,7196.0,8290.0
124.0,4,20.0,94.0,184.0,302.0,449.0,641.0,882.0,1187.0,1571.0,2043.0,2628.0,3348.0,4217.0,5243.0,6410.0,7685.0,9012.0,10319.0,11540.0,12613.0,13518.0,14354.0,14398.0
125.0,1,19.0,136.0,306.0,537.0,839.0,1235.0,1742.0,2382.0,3144.0,4023.0,5057.0,6313.0,7826.0,9605.0,11633.0,13852.0,16172.0,18466.0,20622.0,22528.0,24148.0,25817.0,25899.0
125.0,2,15.0,41.0,75.0,120.0,180.0,258.0,358.0,488.0,653.0,864.0,1132.0,1472.0,1899.0,2432.0,3086.0,3880.0,4836.0,5981.0,7328.0,8872.0,10595.0,12453.0,14387.0
125.0,3,15.0,40.0,74.0,119.0,178.0,256.0,356.0,487.0,656.0,871.0,1148.0,1498.0,1942.0,2495.0,3175.0,3997.0,4983.0,6157.0,7528.0,9090.0,10821.0,12681.0,14608.0
125.0,4,19.0,121.0,265.0,466.0,727.0,1075.0,1516.0,2072.0,2766.0,3607.0,4636.0,5903.0,7432.0,9238.0,11292.0,13535.0,15873.0,18171.0,20322.0,22209.0,23801.0,25273.0,25352.0
126.0,1,16.0,67.0,125.0,192.0,274.0,376.0,504.0,667.0,863.0,1099.0,1383.0,1727.0,2142.0,2631.0,3187.0,3796.0,4433.0,5062.0,5654.0,6177.0,6621.0,7079.0,7102.0
126.0,2,17.0,27.0,39.0,54.0,73.0,95.0,124.0,159.0,203.0,259.0,329.0,417.0,529.0,669.0,844.0,1059.0,1321.0,1635.0,2005.0,2429.0,2901.0,3411.0,3942.0
126.0,3,17.0,27.0,39.0,54.0,72.0,95.0,123.0,159.0,204.0,261.0,333.0,425.0,541.0,687.0,868.0,1091.0,1362.0,1684.0,2060.0,2489.0,2964.0,3474.0,4003.0
126.0,4,16.0,60.0,108.0,167.0,237.0,326.0,438.0,579.0,759.0,985.0,1267.0,1615.0,2034.0,2530.0,3094.0,3709.0,4351.0,4981.0,5571.0,6089.0,6526.0,6930.0,6952.0
127.0,1,13.0,134.0,277.0,449.0,660.0,929.0,1268.0,1696.0,2213.0,2826.0,3560.0,4452.0,5526.0,6789.0,8229.0,9805.0,11453.0,13082.0,14613.0,15966.0,17116.0,18301.0,18360.0
127.0,2,12.0,38.0,67.0,105.0,151.0,209.0,281.0,373.0,488.0,633.0,817.0,1049.0,1341.0,1707.0,2162.0,2721.0,3399.0,4213.0,5169.0,6266.0,7489.0,8808.0,10182.0
127.0,3,12.0,36.0,66.0,103.0,149.0,207.0,280.0,372.0,490.0,639.0,828.0,1068.0,1372.0,1752.0,2225.0,2804.0,3504.0,4338.0,5311.0,6421.0,7649.0,8970.0,10339.0
127.0,4,13.0,117.0,236.0,386.0,568.0,804.0,1099.0,1472.0,1943.0,2530.0,3261.0,4160.0,5246.0,6528.0,7988.0,9580.0,11240.0,12873.0,14400.0,15739.0,16869.0,17915.0,17971.0
128.0,1,-6.0,130.0,291.0,485.0,723.0,1026.0,1408.0,1891.0,2473.0,3163.0,3991.0,4996.0,6206.0,7630.0,9253.0,11028.0,12885.0,14721.0,16446.0,17971.0,19266.0,20602.0,20668.0
128.0,2,-7.0,21.0,55.0,97.0,149.0,214.0,296.0,399.0,529.0,693.0,899.0,1161.0,1490.0,1903.0,2415.0,3045.0,3810.0,4726.0,5804.0,7039.0,8418.0,9904.0,11452.0
128.0,3,-7.0,20.0,54.0,95.0,147.0,212.0,294.0,399.0,531.0,699.0,913.0,1183.0,1525.0,1954.0,2487.0,3139.0,3928.0,4867.0,5964.0,7214.0,8599.0,10087.0,11630.0
128.0,4,-6.0,111.0,245.0,414.0,620.0,885.0,1218.0,1638.0,2169.0,2830.0,3654.0,4667.0,5891.0,7336.0,8980.0,10774.0,12645.0,14485.0,16206.0,17715.0,18988.0,20166.0,20230.0
