1.0,1,53.0,94.0,119.0,221.0,340.0,450.0,547.0,671.0,1087.0,1552.0,2199.0,2830.0,3464.0,4040.0,4687.0,5361.0,6033.0,6736.0,7766.0,8637.0,9606.0,10454.0,11173.0
1.0,2,24.0,34.0,45.0,88.0,162.0,275.0,327.0,376.0,567.0,733.0,915.0,1085.0,1266.0,1395.0,1553.0,1743.0,1951.0,2229.0,2501.0,2764.0,3041.0,3325.0,3633.0
1.0,3,25.0,36.0,39.0,74.0,132.0,184.0,223.0,256.0,297.0,333.0,433.0,523.0,602.0,670.0,733.0,791.0,846.0,895.0,941.0,984.0,1024.0,1063.0,1098.0
1.0,4,38.0,62.0,78.0,156.0,261.0,360.0,442.0,519.0,624.0,943.0,1363.0,1765.0,2137.0,2422.0,2725.0,3115.0,3527.0,4154.0,4741.0,5361.0,5892.0,6378.0,6663.0
2.0,1,26.0,47.0,60.0,112.0,172.0,229.0,278.0,341.0,553.0,790.0,1120.0,1441.0,1764.0,2057.0,2387.0,2730.0,3072.0,3430.0,3955.0,4398.0,4892.0,5324.0,5690.0
2.0,2,12.0,17.0,22.0,44.0,82.0,139.0,166.0,191.0,288.0,373.0,465.0,552.0,644.0,710.0,791.0,887.0,993.0,1135.0,1273.0,1407.0,1548.0,1693.0,1850.0
2.0,3,12.0,18.0,19.0,37.0,67.0,93.0,113.0,130.0,151.0,169.0,220.0,266.0,306.0,341.0,373.0,402.0,430.0,455.0,479.0,501.0,521.0,541.0,559.0
2.0,4,19.0,31.0,39.0,79.0,133.0,183.0,225.0,264.0,317.0,480.0,693.0,898.0,1088.0,1233.0,1387.0,1586.0,1796.0,2115.0,2414.0,2730.0,3000.0,3248.0,3393.0
3.0,1,58.0,104.0,133.0,246.0,378.0,501.0,609.0,746.0,1209.0,1727.0,2448.0,3150.0,3855.0,4497.0,5217.0,5967.0,6714.0,7498.0,8644.0,9613.0,10692.0,11635.0,12436.0
3.0,2,26.0,38.0,50.0,98.0,180.0,306.0,364.0,418.0,631.0,816.0,1018.0,1208.0,1409.0,1552.0,1729.0,1940.0,2172.0,2481.0,2784.0,3077.0,3384.0,3700.0,4044.0
3.0,3,28.0,40.0,44.0,82.0,147.0,205.0,248.0,285.0,331.0,370.0,482.0,582.0,670.0,746.0,816.0,881.0,941.0,996.0,1048.0,1095.0,1139.0,1183.0,1222.0
3.0,4,42.0,69.0,87.0,173.0,291.0,401.0,492.0,578.0,695.0,1050.0,1517.0,1965.0,2378.0,2696.0,3033.0,3468.0,3925.0,4624.0,5277.0,5967.0,6558.0,7099.0,7416.0
4.0,1,40.0,71.0,91.0,169.0,259.0,344.0,418.0,512.0,830.0,1186.0,1681.0,2164.0,2648.0,3089.0,3584.0,4099.0,4613.0,5151.0,5938.0,6604.0,7345.0,7994.0,8543.0
4.0,2,18.0,26.0,34.0,67.0,123.0,210.0,250.0,287.0,433.0,560.0,699.0,830.0,968.0,1066.0,1187.0,1332.0,1492.0,1704.0,1912.0,2113.0,2325.0,2542.0,2778.0
4.0,3,19.0,27.0,30.0,56.0,100.0,141.0,170.0,196.0,227.0,254.0,331.0,400.0,460.0,512.0,560.0,605.0,646.0,684.0,719.0,752.0,782.0,813.0,839.0
4.0,4,28.0,47.0,60.0,119.0,200.0,275.0,338.0,397.0,477.0,721.0,1042.0,1349.0,1634.0,1852.0,2084.0,2382.0,2697.0,3176.0,3625.0,4099.0,4505.0,4877.0,5095.0
5.0,1,72.0,130.0,165.0,307.0,472.0,625.0,760.0,932.0,1511.0,2158.0,3059.0,3936.0,4817.0,5619.0,6519.0,7457.0,8391.0,9370.0,10803.0,12014.0,13362.0,14542.0,15542.0
5.0,2,32.0,47.0,62.0,122.0,224.0,382.0,455.0,522.0,787.0,1019.0,1272.0,1509.0,1760.0,1939.0,2160.0,2423.0,2713.0,3100.0,3479.0,3845.0,4229.0,4624.0,5053.0
5.0,3,34.0,49.0,54.0,102.0,183.0,256.0,310.0,356.0,413.0,462.0,602.0,727.0,837.0,931.0,1019.0,1100.0,1176.0,1244.0,1308.0,1368.0,1423.0,1478.0,1527.0
5.0,4,52.0,86.0,108.0,216.0,363.0,500.0,615.0,722.0,868.0,1311.0,1895.0,2455.0,2972.0,3369.0,3790.0,4333.0,4905.0,5778.0,6595.0,7457.0,8196.0,8871.0,9268.0
6.0,1,38.0,68.0,86.0,160.0,247.0,326.0,397.0,487.0,789.0,1126.0,1596.0,2054.0,2514.0,2932.0,3402.0,3891.0,4378.0,4889.0,5637.0,6269.0,6972.0,7587.0,8109.0
6.0,2,17.0,25.0,32.0,64.0,117.0,199.0,238.0,272.0,411.0,532.0,664.0,788.0,919.0,1012.0,1127.0,1265.0,1416.0,1618.0,1815.0,2006.0,2207.0,2413.0,2637.0
6.0,3,18.0,26.0,28.0,53.0,96.0,134.0,162.0,186.0,216.0,241.0,315.0,380.0,437.0,486.0,532.0,574.0,614.0,649.0,683.0,714.0,743.0,771.0,797.0
6.0,4,12.0,19.0,24.0,48.0,80.0,110.0,135.0,158.0,190.0,287.0,414.0,536.0,649.0,736.0,828.0,946.0,1071.0,1261.0,1440.0,1628.0,1789.0,1936.0,2023.0
7.0,1,41.0,74.0,95.0,176.0,272.0,360.0,438.0,537.0,871.0,1244.0,1763.0,2269.0,2777.0,3239.0,3758.0,4298.0,4837.0,5401.0,6227.0,6925.0,7702.0,8382.0,8959.0
7.0,2,18.0,27.0,35.0,70.0,129.0,220.0,262.0,300.0,454.0,587.0,733.0,870.0,1014.0,1118.0,1245.0,1397.0,1564.0,1787.0,2005.0,2216.0,2438.0,2665.0,2913.0
7.0,3,19.0,28.0,31.0,58.0,105.0,147.0,178.0,205.0,238.0,266.0,347.0,419.0,482.0,537.0,587.0,634.0,677.0,717.0,754.0,788.0,820.0,852.0,880.0
7.0,4,23.0,37.0,47.0,93.0,156.0,215.0,264.0,310.0,373.0,563.0,813.0,1053.0,1275.0,1445.0,1626.0,1859.0,2104.0,2478.0,2828.0,3198.0,3515.0,3805.0,3975.0
8.0,1,32.0,57.0,72.0,134.0,206.0,273.0,332.0,407.0,660.0,944.0,1337.0,1721.0,2106.0,2457.0,2850.0,3260.0,3668.0,4096.0,4722.0,5252.0,5841.0,6357.0,6794.0
8.0,2,14.0,21.0,27.0,53.0,98.0,167.0,199.0,228.0,344.0,446.0,556.0,660.0,769.0,848.0,944.0,1059.0,1186.0,1355.0,1521.0,1681.0,1849.0,2021.0,2209.0
8.0,3,15.0,22.0,24.0,45.0,80.0,112.0,135.0,156.0,181.0,202.0,263.0,318.0,366.0,407.0,445.0,481.0,514.0,544.0,572.0,598.0,622.0,646.0,668.0
8.0,4,0.0,0.0,0.0,0.0,0.0,0.0,0.0,0.0,0.0,0.0,0.0,0.0,0.0,0.0,0.0,0.0,0.0,0.0,0.0,0.0,0.0,0.0,0.0
9.0,1,59.0,106.0,135.0,252.0,388.0,513.0,625.0,766.0,1241.0,1773.0,2513.0,3234.0,3958.0,4617.0,5356.0,6126.0,6894.0,7698.0,8876.0,9871.0,10978.0,11947.0,12769.0
9.0,2,26.0,38.0,50.0,100.0,184.0,313.0,374.0,428.0,647.0,837.0,1045.0,1240.0,1446.0,1593.0,1775.0,1991.0,2229.0,2547.0,2858.0,3159.0,3475.0,3799.0,4152.0
9.0,3,28.0,40.0,44.0,84.0,150.0,210.0,254.0,292.0,339.0,380.0,495.0,597.0,688.0,765.0,837.0,904.0,966.0,1022.0,1075.0,1124.0,1169.0,1214.0,1254.0
9.0,4,42.0,70.0,89.0,177.0,298.0,411.0,505.0,593.0,713.0,1077.0,1557.0,2017.0,2442.0,2768.0,3114.0,3560.0,4030.0,4747.0,5418.0,6127.0,6734.0,7289.0,7615.0
10.0,1,44.0,80.0,101.0,188.0,290.0,384.0,467.0,572.0,927.0,1325.0,1877.0,2416.0,2956.0,3449.0,4001.0,4576.0,5150.0,5750.0,6630.0,7373.0,8200.0,8924.0,9538.0
10.0,2,20.0,29.0,38.0,75.0,138.0,234.0,279.0,320.0,483.0,625.0,781.0,926.0,1080.0,1190.0,1326.0,1487.0,1665.0,1902.0,2135.0,2359.0,2596.0,2838.0,3101.0
10.0,3,21.0,30.0,33.0,63.0,112.0,157.0,190.0,218.0,253.0,284.0,370.0,446.0,514.0,572.0,625.0,675.0,722.0,763.0,803.0,839.0,874.0,907.0,937.0
10.0,4,0.0,0.0,0.0,0.0,0.0,0.0,0.0,0.0,0.0,0.0,0.0,0.0,0.0,0.0,0.0,0.0,0.0,0.0,0.0,0.0,0.0,0.0,0.0
11.0,1,63.0,112.0,143.0,265.0,407.0,539.0,656.0,804.0,1303.0,1862.0,2638.0,3395.0,4155.0,4846.0,5622.0,6431.0,7236.0,8080.0,9316.0,10360.0,11523.0,12540.0,13402.0
11.0,2,28.0,41.0,54.0,105.0,194.0,329.0,393.0,450.0,679.0,879.0,1097.0,1302.0,1518.0,1673.0,1863.0,2090.0,2340.0,2674.0,3000.0,3316.0,3647.0,3988.0,4358.0
11.0,3,30.0,43.0,47.0,88.0,158.0,221.0,267.0,307.0,356.0,399.0,520.0,627.0,722.0,804.0,879.0,949.0,1014.0,1073.0,1129.0,1180.0,1228.0,1275.0,1317.0
11.0,4,45.0,74.0,94.0,187.0,313.0,431.0,531.0,623.0,749.0,1131.0,1634.0,2117.0,2563.0,2905.0,3269.0,3737.0,4230.0,4983.0,5687.0,6431.0,7068.0,7650.0,7992.0
12.0,1,47.0,85.0,108.0,202.0,310.0,411.0,500.0,613.0,994.0,1420.0,2013.0,2591.0,3171.0,3699.0,4291.0,4908.0,5523.0,6167.0,7110.0,7908.0,8795.0,9571.0,10230.0
12.0,2,21.0,31.0,40.0,80.0,147.0,251.0,299.0,343.0,518.0,671.0,837.0,993.0,1158.0,1276.0,1422.0,1595.0,1786.0,2040.0,2290.0,2530.0,2784.0,3043.0,3326.0
12.0,3,22.0,32.0,35.0,67.0,120.0,168.0,204.0,234.0,272.0,304.0,396.0,478.0,551.0,613.0,670.0,724.0,774.0,819.0,861.0,900.0,937.0,973.0,1005.0
12.0,4,34.0,56.0,71.0,142.0,239.0,329.0,404.0,475.0,571.0,863.0,1247.0,1616.0,1956.0,2217.0,2495.0,2852.0,3229.0,3803.0,4340.0,4908.0,5394.0,5839.0,6100.0
13.0,1,67.0,121.0,153.0,285.0,438.0,579.0,705.0,864.0,1400.0,2000.0,2834.0,3647.0,4464.0,5207.0,6040.0,6909.0,7774.0,8681.0,10008.0,11131.0,12379.0,13472.0,14399.0
13.0,2,30.0,44.0,57.0,113.0,208.0,354.0,422.0,484.0,730.0,945.0,1179.0,1398.0,1631.0,1797.0,2002.0,2245.0,2514.0,2872.0,3223.0,3562.0,3919.0,4284.0,4682.0
13.0,3,32.0,46.0,50.0,95.0,170.0,237.0,287.0,330.0,383.0,428.0,558.0,674.0,776.0,863.0,944.0,1019.0,1090.0,1153.0,1213.0,1268.0,1319.0,1370.0,1415.0
13.0,4,48.0,80.0,101.0,200.0,337.0,464.0,570.0,669.0,804.0,1215.0,1756.0,2275.0,2754.0,3121.0,3512.0,4015.0,4545.0,5353.0,6110.0,6909.0,7593.0,8219.0,8587.0
14.0,1,93.0,166.0,211.0,393.0,605.0,800.0,974.0,1193.0,1934.0,2763.0,3915.0,5039.0,6167.0,7193.0,8345.0,9545.0,10741.0,11994.0,13827.0,15378.0,17103.0,18613.0,19894.0
14.0,2,42.0,60.0,79.0,156.0,287.0,489.0,582.0,668.0,1008.0,1305.0,1628.0,1932.0,2253.0,2482.0,2765.0,3102.0,3473.0,3968.0,4453.0,4922.0,5414.0,5919.0,6469.0
14.0,3,44.0,63.0,69.0,130.0,234.0,327.0,397.0,456.0,529.0,592.0,771.0,931.0,1072.0,1193.0,1305.0,1408.0,1505.0,1592.0,1675.0,1751.0,1822.0,1892.0,1955.0
14.0,4,21.0,36.0,45.0,91.0,154.0,212.0,261.0,306.0,369.0,557.0,805.0,1042.0,1262.0,1431.0,1610.0,1841.0,2084.0,2455.0,2801.0,3168.0,3482.0,3769.0,3938.0
15.0,1,53.0,95.0,121.0,224.0,345.0,457.0,555.0,681.0,1103.0,1576.0,2233.0,2874.0,3518.0,4103.0,4760.0,5445.0,6127.0,6842.0,7888.0,8772.0,9756.0,10617.0,11348.0
15.0,2,24.0,34.0,45.0,89.0,164.0,279.0,332.0,381.0,575.0,744.0,929.0,1102.0,1285.0,1416.0,1577.0,1770.0,1981.0,2264.0,2540.0,2807.0,3088.0,3376.0,3690.0
15.0,3,25.0,36.0,40.0,75.0,134.0,187.0,226.0,260.0,302.0,338.0,440.0,531.0,611.0,680.0,744.0,803.0,859.0,908.0,956.0,999.0,1039.0,1079.0,1115.0
15.0,4,38.0,63.0,79.0,158.0,265.0,365.0,449.0,527.0,634.0,958.0,1384.0,1793.0,2170.0,2460.0,2768.0,3164.0,3582.0,4219.0,4815.0,5445.0,5984.0,6477.0,6767.0
16.0,1,49.0,87.0,111.0,206.0,317.0,419.0,510.0,625.0,1013.0,1447.0,2050.0,2638.0,3229.0,3766.0,4369.0,4997.0,5623.0,6279.0,7239.0,8051.0,8954.0,9745.0,10415.0
16.0,2,22.0,32.0,42.0,82.0,151.0,256.0,305.0,350.0,528.0,683.0,853.0,1012.0,1180.0,1300.0,1448.0,1624.0,1819.0,2078.0,2332.0,2577.0,2834.0,3099.0,3387.0
16.0,3,23.0,33.0,37.0,69.0,123.0,172.0,208.0,239.0,277.0,310.0,404.0,488.0,561.0,625.0,683.0,738.0,788.0,834.0,877.0,917.0,954.0,991.0,1024.0
16.0,4,35.0,58.0,73.0,145.0,244.0,335.0,412.0,484.0,582.0,879.0,1270.0,1645.0,1992.0,2258.0,2540.0,2904.0,3288.0,3872.0,4419.0,4997.0,5492.0,5945.0,6211.0
17.0,1,16.0,29.0,36.0,67.0,103.0,137.0,166.0,204.0,330.0,471.0,668.0,859.0,1051.0,1226.0,1422.0,1627.0,1830.0,2044.0,2356.0,2621.0,2914.0,3172.0,3390.0
17.0,2,8.0,11.0,14.0,27.0,49.0,84.0,100.0,114.0,172.0,223.0,278.0,330.0,384.0,423.0,472.0,529.0,592.0,677.0,759.0,839.0,923.0,1009.0,1103.0
17.0,3,8.0,11.0,12.0,23.0,40.0,56.0,68.0,78.0,91.0,101.0,132.0,159.0,183.0,204.0,223.0,240.0,257.0,272.0,286.0,299.0,311.0,323.0,334.0
17.0,4,4.0,6.0,8.0,15.0,25.0,34.0,42.0,49.0,59.0,89.0,129.0,167.0,202.0,229.0,258.0,295.0,334.0,393.0,448.0,507.0,557.0,603.0,630.0
18.0,1,53.0,94.0,120.0,223.0,343.0,454.0,552.0,677.0,1098.0,1568.0,2222.0,2860.0,3500.0,4083.0,4737.0,5418.0,6097.0,6808.0,7849.0,8729.0,9708.0,10565.0,11292.0
18.0,2,24.0,34.0,45.0,88.0,163.0,277.0,330.0,379.0,572.0,741.0,924.0,1096.0,1279.0,1409.0,1569.0,1761.0,1971.0,2252.0,2528.0,2793.0,3073.0,3360.0,3672.0
18.0,3,25.0,36.0,39.0,74.0,133.0,186.0,225.0,258.0,300.0,336.0,438.0,528.0,608.0,677.0,740.0,799.0,854.0,904.0,951.0,994.0,1034.0,1074.0,1109.0
18.0,4,20.0,32.0,41.0,81.0,137.0,188.0,231.0,271.0,326.0,493.0,712.0,922.0,1116.0,1265.0,1423.0,1627.0,1842.0,2170.0,2476.0,2800.0,3077.0,3331.0,3480.0
19.0,1,43.0,76.0,97.0,180.0,277.0,366.0,445.0,546.0,885.0,1264.0,1791.0,2305.0,2821.0,3291.0,3818.0,4367.0,4914.0,5487.0,6326.0,7035.0,7824.0,8515.0,9101.0
19.0,2,19.0,28.0,36.0,72.0,131.0,224.0,267.0,306.0,461.0,597.0,745.0,884.0,1031.0,1136.0,1265.0,1419.0,1589.0,1815.0,2037.0,2251.0,2477.0,2708.0,2959.0
19.0,3,20.0,29.0,32.0,60.0,107.0,150.0,182.0,209.0,242.0,271.0,353.0,426.0,490.0,546.0,597.0,644.0,689.0,729.0,766.0,801.0,834.0,866.0,894.0
19.0,4,30.0,50.0,64.0,127.0,213.0,293.0,360.0,423.0,508.0,768.0,1110.0,1438.0,1740.0,1973.0,2220.0,2538.0,2873.0,3384.0,3862.0,4367.0,4799.0,5195.0,5427.0
20.0,1,82.0,147.0,186.0,345.0,531.0,703.0,856.0,1049.0,1699.0,2427.0,3440.0,4427.0,5417.0,6319.0,7331.0,8385.0,9435.0,10536.0,12147.0,13509.0,15024.0,16350.0,17475.0
20.0,2,37.0,53.0,70.0,137.0,253.0,430.0,512.0,587.0,886.0,1147.0,1431.0,1697.0,1980.0,2181.0,2429.0,2725.0,3052.0,3486.0,3912.0,4323.0,4756.0,5200.0,5682.0
20.0,3,39.0,56.0,61.0,115.0,206.0,288.0,349.0,401.0,465.0,520.0,678.0,818.0,942.0,1048.0,1146.0,1237.0,1323.0,1399.0,1472.0,1539.0,1601.0,1662.0,1718.0
20.0,4,59.0,97.0,122.0,243.0,409.0,563.0,692.0,812.0,976.0,1475.0,2131.0,2761.0,3342.0,3788.0,4262.0,4873.0,5516.0,6497.0,7415.0,8385.0,9215.0,9975.0,10421.0
21.0,1,16.0,29.0,37.0,69.0,106.0,141.0,171.0,210.0,340.0,485.0,688.0,885.0,1083.0,1264.0,1466.0,1677.0,1887.0,2107.0,2430.0,2702.0,3005.0,3271.0,3495.0
21.0,2,7.0,10.0,14.0,27.0,50.0,86.0,102.0,117.0,177.0,229.0,286.0,339.0,396.0,436.0,486.0,545.0,610.0,697.0,782.0,865.0,951.0,1040.0,1136.0
21.0,3,8.0,11.0,12.0,23.0,41.0,57.0,70.0,80.0,93.0,104.0,135.0,163.0,188.0,209.0,229.0,247.0,264.0,280.0,294.0,308.0,320.0,332.0,343.0
21.0,4,0.0,0.0,0.0,0.0,0.0,0.0,0.0,0.0,0.0,0.0,0.0,0.0,0.0,0.0,0.0,0.0,0.0,0.0,0.0,0.0,0.0,0.0,0.0
22.0,1,98.0,176.0,223.0,414.0,637.0,844.0,1026.0,1258.0,2039.0,2913.0,4128.0,5312.0,6501.0,7583.0,8797.0,10062.0,11323.0,12644.0,14577.0,16211.0,18030.0,19622.0,20971.0
22.0,2,44.0,64.0,84.0,165.0,303.0,515.0,614.0,704.0,1063.0,1376.0,1717.0,2037.0,2375.0,2617.0,2915.0,3270.0,3662.0,4183.0,4695.0,5188.0,5707.0,6240.0,6819.0
22.0,3,47.0,67.0,73.0,138.0,247.0,346.0,418.0,481.0,558.0,624.0,813.0,982.0,1130.0,1257.0,1375.0,1485.0,1587.0,1679.0,1766.0,1846.0,1921.0,1995.0,2061.0
22.0,4,51.0,84.0,106.0,212.0,357.0,492.0,605.0,710.0,854.0,1290.0,1863.0,2414.0,2923.0,3313.0,3728.0,4262.0,4824.0,5683.0,6486.0,7334.0,8060.0,8725.0,9115.0
23.0,1,65.0,117.0,148.0,275.0,424.0,561.0,683.0,838.0,1356.0,1938.0,2746.0,3534.0,4324.0,5045.0,5852.0,6693.0,7532.0,8410.0,9697.0,10784.0,11993.0,13052.0,13949.0
23.0,2,29.0,43.0,56.0,110.0,202.0,343.0,409.0,469.0,708.0,916.0,1142.0,1356.0,1580.0,1741.0,1940.0,2175.0,2437.0,2783.0,3123.0,3451.0,3797.0,4151.0,4536.0
23.0,3,31.0,45.0,49.0,92.0,165.0,231.0,279.0,319.0,372.0,415.0,542.0,653.0,752.0,836.0,916.0,988.0,1056.0,1117.0,1175.0,1229.0,1278.0,1326.0,1371.0
23.0,4,47.0,78.0,98.0,194.0,327.0,450.0,552.0,648.0,779.0,1177.0,1701.0,2204.0,2668.0,3024.0,3403.0,3890.0,4403.0,5186.0,5920.0,6694.0,7357.0,7963.0,8319.0
24.0,1,35.0,63.0,79.0,147.0,226.0,299.0,364.0,446.0,723.0,1032.0,1463.0,1883.0,2304.0,2687.0,3117.0,3566.0,4012.0,4480.0,5165.0,5744.0,6389.0,6953.0,7431.0
24.0,2,16.0,23.0,30.0,59.0,108.0,183.0,218.0,250.0,377.0,488.0,609.0,722.0,842.0,928.0,1033.0,1159.0,1298.0,1483.0,1664.0,1839.0,2023.0,2211.0,2417.0
24.0,3,17.0,24.0,26.0,49.0,88.0,123.0,149.0,171.0,198.0,222.0,289.0,348.0,401.0,446.0,488.0,526.0,563.0,595.0,626.0,655.0,681.0,707.0,731.0
24.0,4,25.0,42.0,52.0,104.0,174.0,240.0,295.0,346.0,416.0,628.0,906.0,1174.0,1421.0,1611.0,1813.0,2072.0,2346.0,2763.0,3153.0,3566.0,3919.0,4242.0,4432.0
25.0,1,43.0,77.0,98.0,181.0,279.0,369.0,449.0,550.0,891.0,1273.0,1803.0,2321.0,2840.0,3313.0,3843.0,4395.0,4946.0,5523.0,6367.0,7081.0,7876.0,8571.0,9160.0
25.0,2,20.0,28.0,37.0,72.0,133.0,225.0,269.0,308.0,465.0,601.0,750.0,890.0,1038.0,1143.0,1274.0,1429.0,1600.0,1828.0,2051.0,2266.0,2493.0,2726.0,2979.0
25.0,3,21.0,30.0,32.0,61.0,108.0,151.0,183.0,210.0,244.0,273.0,355.0,429.0,494.0,550.0,601.0,649.0,693.0,734.0,772.0,807.0,839.0,872.0,900.0
25.0,4,31.0,51.0,64.0,128.0,214.0,295.0,363.0,426.0,512.0,773.0,1117.0,1447.0,1752.0,1986.0,2234.0,2554.0,2892.0,3406.0,3887.0,4396.0,4831.0,5229.0,5463.0
26.0,1,95.0,169.0,215.0,400.0,615.0,814.0,990.0,1214.0,1967.0,2810.0,3982.0,5124.0,6271.0,7315.0,8486.0,9706.0,10922.0,12196.0,14061.0,15637.0,17392.0,18927.0,20229.0
26.0,2,43.0,61.0,81.0,159.0,292.0,497.0,593.0,680.0,1025.0,1327.0,1656.0,1965.0,2291.0,2525.0,2812.0,3155.0,3532.0,4035.0,4528.0,5004.0,5505.0,6019.0,6578.0
26.0,3,45.0,65.0,71.0,133.0,238.0,334.0,404.0,464.0,538.0,602.0,785.0,947.0,1090.0,1213.0,1327.0,1432.0,1531.0,1620.0,1704.0,1781.0,1853.0,1924.0,1988.0
26.0,4,45.0,74.0,94.0,187.0,315.0,434.0,534.0,627.0,754.0,1139.0,1646.0,2132.0,2581.0,2926.0,3292.0,3763.0,4260.0,5018.0,5728.0,6477.0,7118.0,7705.0,8050.0
27.0,1,76.0,136.0,173.0,321.0,494.0,654.0,795.0,975.0,1580.0,2256.0,3197.0,4115.0,5035.0,5874.0,6814.0,7794.0,8770.0,9793.0,11290.0,12556.0,13965.0,15198.0,16243.0
27.0,2,35.0,50.0,65.0,128.0,235.0,400.0,476.0,546.0,824.0,1066.0,1330.0,1578.0,1840.0,2027.0,2258.0,2533.0,2836.0,3240.0,3636.0,4019.0,4421.0,4833.0,5282.0
27.0,3,36.0,52.0,57.0,107.0,192.0,268.0,324.0,373.0,432.0,484.0,630.0,761.0,876.0,974.0,1066.0,1150.0,1229.0,1301.0,1368.0,1430.0,1488.0,1545.0,1597.0
27.0,4,46.0,76.0,96.0,191.0,320.0,441.0,542.0,636.0,765.0,1155.0,1669.0,2162.0,2618.0,2967.0,3338.0,3816.0,4320.0,5089.0,5808.0,6567.0,7217.0,7812.0,8162.0
28.0,1,47.0,83.0,106.0,197.0,304.0,403.0,490.0,600.0,973.0,1390.0,1970.0,2536.0,3103.0,3620.0,4200.0,4804.0,5406.0,6036.0,6959.0,7739.0,8608.0,9368.0,10012.0
28.0,2,21.0,30.0,40.0,78.0,144.0,246.0,293.0,336.0,507.0,656.0,819.0,972.0,1134.0,1249.0,1391.0,1561.0,1748.0,1997.0,2241.0,2477.0,2724.0,2979.0,3255.0
28.0,3,22.0,32.0,35.0,66.0,118.0,165.0,199.0,229.0,266.0,298.0,388.0,468.0,539.0,600.0,656.0,708.0,757.0,801.0,843.0,881.0,917.0,952.0,984.0
28.0,4,33.0,55.0,70.0,139.0,234.0,322.0,396.0,465.0,559.0,845.0,1221.0,1581.0,1914.0,2170.0,2442.0,2791.0,3160.0,3722.0,4248.0,4804.0,5280.0,5715.0,5970.0
29.0,1,30.0,54.0,68.0,126.0,194.0,256.0,312.0,382.0,619.0,884.0,1253.0,1613.0,1973.0,2302.0,2670.0,3054.0,3437.0,3838.0,4425.0,4921.0,5473.0,5956.0,6366.0
29.0,2,14.0,20.0,26.0,50.0,92.0,157.0,187.0,214.0,323.0,418.0,521.0,618.0,721.0,795.0,885.0,993.0,1112.0,1270.0,1425.0,1575.0,1733.0,1894.0,2070.0
29.0,3,14.0,21.0,22.0,42.0,75.0,105.0,127.0,146.0,169.0,190.0,247.0,298.0,343.0,382.0,418.0,451.0,482.0,510.0,536.0,561.0,583.0,606.0,626.0
29.0,4,21.0,35.0,45.0,89.0,149.0,205.0,252.0,296.0,356.0,537.0,776.0,1006.0,1218.0,1380.0,1553.0,1775.0,2009.0,2367.0,2701.0,3055.0,3357.0,3634.0,3796.0
30.0,1,43.0,77.0,98.0,181.0,278.0,369.0,448.0,550.0,890.0,1272.0,1802.0,2319.0,2838.0,3311.0,3841.0,4393.0,4943.0,5520.0,6364.0,7078.0,7872.0,8566.0,9156.0
30.0,2,20.0,28.0,37.0,72.0,132.0,225.0,268.0,308.0,464.0,601.0,750.0,889.0,1037.0,1143.0,1273.0,1428.0,1599.0,1827.0,2050.0,2265.0,2492.0,2724.0,2977.0
30.0,3,21.0,29.0,32.0,61.0,108.0,151.0,183.0,210.0,244.0,273.0,355.0,429.0,494.0,549.0,601.0,648.0,693.0,733.0,771.0,806.0,839.0,871.0,900.0
30.0,4,31.0,51.0,64.0,128.0,214.0,295.0,363.0,426.0,512.0,773.0,1117.0,1447.0,1751.0,1985.0,2233.0,2553.0,2890.0,3404.0,3885.0,4393.0,4828.0,5226.0,5460.0
31.0,1,33.0,60.0,76.0,142.0,219.0,290.0,353.0,432.0,701.0,1001.0,1419.0,1827.0,2236.0,2608.0,3025.0,3460.0,3894.0,4348.0,5013.0,5575.0,6201.0,6748.0,7213.0
31.0,2,15.0,21.0,28.0,56.0,104.0,177.0,211.0,242.0,365.0,473.0,590.0,700.0,817.0,900.0,1002.0,1124.0,1259.0,1438.0,1614.0,1784.0,1963.0,2146.0,2345.0
31.0,3,16.0,23.0,25.0,47.0,84.0,118.0,143.0,165.0,191.0,214.0,279.0,337.0,388.0,432.0,473.0,510.0,545.0,577.0,607.0,635.0,660.0,686.0,708.0
31.0,4,24.0,39.0,50.0,100.0,168.0,232.0,285.0,335.0,403.0,608.0,879.0,1139.0,1379.0,1563.0,1759.0,2011.0,2276.0,2681.0,3060.0,3461.0,3803.0,4117.0,4301.0
32.0,1,16.0,29.0,37.0,69.0,107.0,142.0,172.0,211.0,342.0,489.0,692.0,891.0,1091.0,1272.0,1476.0,1688.0,1900.0,2121.0,2446.0,2720.0,3025.0,3292.0,3519.0
32.0,2,7.0,11.0,14.0,28.0,51.0,86.0,103.0,118.0,178.0,231.0,288.0,342.0,398.0,439.0,489.0,549.0,614.0,702.0,788.0,870.0,957.0,1047.0,1144.0
32.0,3,8.0,11.0,12.0,23.0,41.0,58.0,70.0,81.0,93.0,105.0,136.0,165.0,190.0,211.0,231.0,249.0,266.0,282.0,296.0,310.0,322.0,335.0,346.0
32.0,4,0.0,0.0,0.0,0.0,0.0,0.0,0.0,0.0,0.0,0.0,0.0,0.0,0.0,0.0,0.0,0.0,0.0,0.0,0.0,0.0,0.0,0.0,0.0
33.0,1,62.0,110.0,140.0,260.0,400.0,530.0,644.0,790.0,1280.0,1828.0,2591.0,3334.0,4080.0,4759.0,5521.0,6315.0,7107.0,7936.0,9149.0,10175.0,11316.0,12315.0,13162.0
33.0,2,28.0,40.0,53.0,104.0,190.0,324.0,386.0,442.0,667.0,864.0,1078.0,1278.0,1491.0,1643.0,1830.0,2053.0,2298.0,2626.0,2947.0,3256.0,3582.0,3916.0,4280.0
33.0,3,29.0,42.0,46.0,87.0,155.0,217.0,263.0,302.0,350.0,392.0,511.0,616.0,709.0,789.0,863.0,932.0,996.0,1054.0,1109.0,1159.0,1206.0,1252.0,1294.0
33.0,4,44.0,73.0,92.0,183.0,308.0,424.0,521.0,612.0,735.0,1111.0,1605.0,2079.0,2517.0,2853.0,3210.0,3670.0,4155.0,4894.0,5585.0,6316.0,6941.0,7513.0,7849.0
34.0,1,89.0,159.0,202.0,374.0,576.0,762.0,927.0,1137.0,1842.0,2631.0,3729.0,4799.0,5873.0,6850.0,7947.0,9090.0,10229.0,11422.0,13168.0,14645.0,16288.0,17726.0,18945.0
34.0,2,40.0,57.0,76.0,149.0,274.0,466.0,555.0,636.0,960.0,1243.0,1551.0,1840.0,2146.0,2364.0,2633.0,2954.0,3308.0,3779.0,4241.0,4687.0,5156.0,5637.0,6160.0
34.0,3,42.0,60.0,66.0,125.0,223.0,312.0,378.0,434.0,504.0,564.0,735.0,887.0,1021.0,1136.0,1243.0,1341.0,1434.0,1517.0,1596.0,1668.0,1735.0,1802.0,1862.0
34.0,4,49.0,82.0,104.0,206.0,347.0,478.0,587.0,690.0,829.0,1253.0,1810.0,2345.0,2839.0,3218.0,3620.0,4139.0,4686.0,5519.0,6299.0,7123.0,7828.0,8474.0,8852.0
35.0,1,3.0,4.0,6.0,10.0,16.0,21.0,26.0,32.0,51.0,73.0,104.0,133.0,163.0,190.0,221.0,252.0,284.0,317.0,366.0,407.0,452.0,492.0,526.0
35.0,2,1.0,2.0,2.0,4.0,8.0,13.0,15.0,18.0,27.0,35.0,43.0,51.0,60.0,66.0,73.0,82.0,92.0,105.0,118.0,130.0,143.0,157.0,171.0
35.0,3,1.0,2.0,2.0,4.0,6.0,9.0,11.0,12.0,14.0,16.0,20.0,25.0,28.0,32.0,35.0,37.0,40.0,42.0,44.0,46.0,48.0,50.0,52.0
35.0,4,2.0,3.0,4.0,7.0,12.0,17.0,21.0,25.0,29.0,44.0,64.0,83.0,101.0,114.0,128.0,147.0,166.0,196.0,223.0,252.0,277.0,300.0,314.0
36.0,1,28.0,50.0,64.0,119.0,183.0,243.0,295.0,362.0,586.0,838.0,1187.0,1528.0,1870.0,2181.0,2530.0,2894.0,3257.0,3637.0,4193.0,4663.0,5186.0,5644.0,6032.0
36.0,2,13.0,18.0,24.0,47.0,87.0,148.0,177.0,203.0,306.0,396.0,494.0,586.0,683.0,753.0,838.0,941.0,1053.0,1203.0,1350.0,1492.0,1642.0,1795.0,1961.0
36.0,3,13.0,19.0,21.0,40.0,71.0,99.0,120.0,138.0,160.0,179.0,234.0,282.0,325.0,362.0,396.0,427.0,456.0,483.0,508.0,531.0,552.0,574.0,593.0
36.0,4,20.0,33.0,42.0,84.0,141.0,194.0,239.0,280.0,337.0,509.0,735.0,953.0,1154.0,1308.0,1471.0,1682.0,1904.0,2243.0,2560.0,2894.0,3181.0,3443.0,3597.0
37.0,1,38.0,67.0,86.0,159.0,245.0,325.0,395.0,484.0,784.0,1120.0,1588.0,2044.0,2501.0,2917.0,3384.0,3871.0,4356.0,4864.0,5608.0,6237.0,6936.0,7549.0,8068.0
37.0,2,17.0,24.0,32.0,63.0,116.0,198.0,236.0,271.0,409.0,529.0,660.0,784.0,914.0,1007.0,1121.0,1258.0,1409.0,1609.0,1806.0,1996.0,2196.0,2400.0,2623.0
37.0,3,18.0,26.0,28.0,53.0,95.0,133.0,161.0,185.0,214.0,240.0,313.0,378.0,435.0,484.0,529.0,571.0,610.0,646.0,679.0,710.0,739.0,767.0,793.0
37.0,4,27.0,45.0,56.0,112.0,189.0,260.0,319.0,375.0,451.0,681.0,984.0,1274.0,1543.0,1749.0,1968.0,2249.0,2547.0,2999.0,3423.0,3871.0,4254.0,4605.0,4811.0
38.0,1,36.0,65.0,83.0,154.0,237.0,314.0,382.0,468.0,759.0,1084.0,1536.0,1977.0,2419.0,2822.0,3274.0,3745.0,4214.0,4706.0,5425.0,6034.0,6711.0,7303.0,7805.0
38.0,2,16.0,24.0,31.0,61.0,113.0,192.0,229.0,262.0,396.0,512.0,639.0,758.0,884.0,974.0,1085.0,1217.0,1363.0,1557.0,1747.0,1931.0,2124.0,2322.0,2538.0
38.0,3,17.0,25.0,27.0,51.0,92.0,129.0,156.0,179.0,207.0,232.0,303.0,365.0,420.0,468.0,512.0,552.0,591.0,625.0,657.0,687.0,715.0,742.0,767.0
38.0,4,26.0,43.0,54.0,109.0,182.0,251.0,309.0,363.0,436.0,659.0,952.0,1233.0,1493.0,1692.0,1904.0,2176.0,2464.0,2902.0,3312.0,3745.0,4116.0,4455.0,4655.0
39.0,1,39.0,71.0,90.0,167.0,258.0,341.0,415.0,509.0,825.0,1179.0,1671.0,2150.0,2632.0,3070.0,3561.0,4073.0,4584.0,5118.0,5901.0,6563.0,7299.0,7944.0,8490.0
39.0,2,18.0,25.0,33.0,66.0,122.0,208.0,248.0,285.0,430.0,557.0,695.0,824.0,961.0,1059.0,1180.0,1324.0,1482.0,1693.0,1900.0,2100.0,2310.0,2526.0,2760.0
39.0,3,19.0,27.0,29.0,56.0,100.0,140.0,169.0,194.0,225.0,252.0,329.0,397.0,457.0,509.0,556.0,601.0,642.0,679.0,715.0,747.0,777.0,807.0,834.0
39.0,4,0.0,0.0,0.0,0.0,0.0,0.0,0.0,0.0,0.0,0.0,0.0,0.0,0.0,0.0,0.0,0.0,0.0,0.0,0.0,0.0,0.0,0.0,0.0
40.0,1,31.0,55.0,71.0,132.0,203.0,269.0,327.0,401.0,650.0,928.0,1315.0,1693.0,2072.0,2417.0,2804.0,3208.0,3609.0,4031.0,4647.0,5168.0,5748.0,6255.0,6686.0
40.0,2,14.0,20.0,26.0,52.0,96.0,164.0,195.0,224.0,338.0,438.0,547.0,649.0,757.0,834.0,929.0,1042.0,1167.0,1333.0,1496.0,1654.0,1819.0,1989.0,2174.0
40.0,3,14.0,21.0,23.0,43.0,78.0,110.0,133.0,153.0,177.0,198.0,259.0,312.0,360.0,400.0,438.0,473.0,505.0,535.0,563.0,588.0,612.0,635.0,657.0
40.0,4,0.0,0.0,0.0,0.0,0.0,0.0,0.0,0.0,0.0,0.0,0.0,0.0,0.0,0.0,0.0,0.0,0.0,0.0,0.0,0.0,0.0,0.0,0.0
41.0,1,67.0,119.0,151.0,281.0,432.0,572.0,696.0,853.0,1381.0,1973.0,2796.0,3598.0,4403.0,5136.0,5959.0,6816.0,7669.0,8564.0,9873.0,10981.0,12212.0,13290.0,14205.0
41.0,2,30.0,43.0,57.0,112.0,205.0,349.0,416.0,477.0,720.0,932.0,1163.0,1379.0,1609.0,1773.0,1974.0,2215.0,2480.0,2834.0,3180.0,3514.0,3866.0,4227.0,4619.0
41.0,3,32.0,45.0,50.0,94.0,168.0,234.0,283.0,325.0,378.0,423.0,551.0,665.0,765.0,852.0,932.0,1006.0,1075.0,1138.0,1197.0,1251.0,1301.0,1352.0,1396.0
41.0,4,48.0,79.0,99.0,198.0,332.0,457.0,563.0,661.0,794.0,1199.0,1732.0,2244.0,2716.0,3079.0,3465.0,3961.0,4484.0,5281.0,6028.0,6816.0,7490.0,8108.0,8470.0
42.0,1,55.0,99.0,125.0,233.0,358.0,475.0,577.0,708.0,1147.0,1639.0,2323.0,2990.0,3659.0,4268.0,4951.0,5663.0,6372.0,7116.0,8204.0,9124.0,10147.0,11043.0,11803.0
42.0,2,25.0,36.0,47.0,92.0,170.0,290.0,345.0,396.0,598.0,774.0,966.0,1146.0,1337.0,1473.0,1640.0,1840.0,2061.0,2354.0,2642.0,2920.0,3212.0,3512.0,3838.0
42.0,3,26.0,37.0,41.0,77.0,139.0,194.0,235.0,270.0,314.0,351.0,457.0,552.0,636.0,707.0,774.0,835.0,893.0,945.0,994.0,1039.0,1081.0,1123.0,1160.0
42.0,4,0.0,0.0,0.0,0.0,0.0,0.0,0.0,0.0,0.0,0.0,0.0,0.0,0.0,0.0,0.0,0.0,0.0,0.0,0.0,0.0,0.0,0.0,0.0
43.0,1,38.0,68.0,86.0,159.0,245.0,325.0,395.0,484.0,784.0,1121.0,1588.0,2044.0,2501.0,2917.0,3385.0,3871.0,4356.0,4864.0,5608.0,6237.0,6937.0,7549.0,8068.0
43.0,2,17.0,24.0,32.0,63.0,116.0,198.0,236.0,271.0,409.0,529.0,660.0,784.0,914.0,1007.0,1122.0,1258.0,1409.0,1609.0,1806.0,1996.0,2196.0,2401.0,2624.0
43.0,3,18.0,26.0,28.0,53.0,95.0,133.0,161.0,185.0,214.0,240.0,313.0,378.0,435.0,484.0,529.0,571.0,611.0,646.0,679.0,710.0,739.0,767.0,793.0
43.0,4,27.0,45.0,56.0,112.0,189.0,260.0,319.0,375.0,451.0,681.0,984.0,1275.0,1543.0,1749.0,1968.0,2250.0,2547.0,3000.0,3424.0,3871.0,4255.0,4606.0,4811.0
44.0,1,28.0,51.0,64.0,120.0,184.0,244.0,296.0,363.0,589.0,841.0,1192.0,1534.0,1877.0,2189.0,2540.0,2905.0,3269.0,3650.0,4208.0,4680.0,5205.0,5665.0,6054.0
44.0,2,13.0,18.0,24.0,48.0,87.0,149.0,177.0,203.0,307.0,397.0,496.0,588.0,686.0,756.0,842.0,944.0,1057.0,1208.0,1355.0,1498.0,1648.0,1801.0,1969.0
44.0,3,13.0,19.0,21.0,40.0,71.0,100.0,121.0,139.0,161.0,180.0,235.0,283.0,326.0,363.0,397.0,429.0,458.0,485.0,510.0,533.0,555.0,576.0,595.0
44.0,4,20.0,33.0,42.0,84.0,142.0,195.0,240.0,281.0,338.0,511.0,738.0,956.0,1158.0,1312.0,1477.0,1688.0,1911.0,2251.0,2569.0,2905.0,3193.0,3456.0,3610.0
45.0,1,58.0,103.0,131.0,244.0,376.0,498.0,605.0,742.0,1202.0,1717.0,2433.0,3132.0,3832.0,4470.0,5186.0,5932.0,6675.0,7454.0,8594.0,9557.0,10629.0,11568.0,12363.0
45.0,2,26.0,37.0,49.0,97.0,178.0,304.0,362.0,415.0,627.0,811.0,1012.0,1201.0,1400.0,1543.0,1719.0,1928.0,2159.0,2466.0,2768.0,3059.0,3365.0,3679.0,4020.0
45.0,3,27.0,39.0,43.0,81.0,145.0,204.0,247.0,283.0,329.0,368.0,479.0,579.0,666.0,741.0,811.0,875.0,936.0,990.0,1041.0,1088.0,1133.0,1176.0,1215.0
45.0,4,35.0,58.0,73.0,145.0,243.0,335.0,412.0,483.0,581.0,878.0,1268.0,1643.0,1989.0,2254.0,2536.0,2899.0,3282.0,3866.0,4412.0,4989.0,5483.0,5935.0,6200.0
46.0,1,54.0,96.0,122.0,226.0,347.0,460.0,559.0,686.0,1111.0,1587.0,2249.0,2894.0,3542.0,4132.0,4793.0,5482.0,6169.0,6889.0,7942.0,8832.0,9823.0,10690.0,11426.0
46.0,2,24.0,35.0,46.0,90.0,165.0,281.0,335.0,384.0,579.0,750.0,936.0,1110.0,1294.0,1426.0,1588.0,1782.0,1995.0,2279.0,2558.0,2827.0,3110.0,3400.0,3715.0
46.0,3,26.0,37.0,40.0,75.0,135.0,189.0,228.0,262.0,304.0,340.0,443.0,535.0,616.0,685.0,750.0,809.0,865.0,915.0,962.0,1006.0,1047.0,1087.0,1123.0
46.0,4,38.0,63.0,80.0,159.0,267.0,368.0,452.0,531.0,639.0,964.0,1393.0,1805.0,2185.0,2477.0,2787.0,3186.0,3607.0,4248.0,4848.0,5482.0,6025.0,6522.0,6814.0
47.0,1,118.0,212.0,269.0,500.0,770.0,1020.0,1240.0,1521.0,2465.0,3521.0,4990.0,6422.0,7859.0,9168.0,10636.0,12165.0,13689.0,15286.0,17623.0,19599.0,21798.0,23723.0,25355.0
47.0,2,53.0,76.0,100.0,199.0,366.0,623.0,742.0,851.0,1285.0,1663.0,2075.0,2462.0,2871.0,3164.0,3524.0,3953.0,4427.0,5057.0,5675.0,6272.0,6900.0,7544.0,8244.0
47.0,3,56.0,80.0,88.0,166.0,298.0,417.0,505.0,580.0,674.0,754.0,983.0,1186.0,1366.0,1520.0,1662.0,1794.0,1918.0,2029.0,2135.0,2232.0,2322.0,2411.0,2491.0
47.0,4,63.0,104.0,131.0,261.0,438.0,604.0,742.0,871.0,1047.0,1582.0,2286.0,2961.0,3585.0,4063.0,4572.0,5226.0,5916.0,6969.0,7954.0,8994.0,9884.0,10699.0,11177.0
48.0,1,89.0,159.0,202.0,375.0,576.0,763.0,928.0,1138.0,1844.0,2635.0,3733.0,4805.0,5880.0,6859.0,7957.0,9101.0,10241.0,11436.0,13184.0,14662.0,16307.0,17747.0,18967.0
48.0,2,40.0,58.0,76.0,149.0,274.0,466.0,556.0,637.0,962.0,1244.0,1553.0,1842.0,2148.0,2367.0,2637.0,2958.0,3312.0,3784.0,4246.0,4692.0,5162.0,5644.0,6168.0
48.0,3,42.0,61.0,66.0,125.0,223.0,313.0,379.0,435.0,504.0,564.0,736.0,888.0,1022.0,1137.0,1244.0,1343.0,1435.0,1519.0,1598.0,1670.0,1738.0,1804.0,1864.0
48.0,4,22.0,36.0,46.0,91.0,153.0,211.0,259.0,304.0,366.0,553.0,799.0,1035.0,1252.0,1420.0,1597.0,1826.0,2067.0,2435.0,2779.0,3142.0,3454.0,3738.0,3905.0
49.0,1,51.0,91.0,115.0,214.0,330.0,437.0,531.0,651.0,1056.0,1508.0,2137.0,2750.0,3365.0,3926.0,4554.0,5209.0,5862.0,6545.0,7546.0,8392.0,9334.0,10158.0,10856.0
49.0,2,23.0,33.0,43.0,85.0,157.0,267.0,318.0,365.0,550.0,712.0,889.0,1054.0,1230.0,1355.0,1509.0,1693.0,1896.0,2166.0,2430.0,2686.0,2955.0,3230.0,3530.0
49.0,3,24.0,35.0,38.0,71.0,128.0,179.0,217.0,249.0,289.0,323.0,421.0,508.0,585.0,651.0,712.0,769.0,822.0,869.0,914.0,956.0,994.0,1033.0,1067.0
49.0,4,36.0,60.0,76.0,151.0,254.0,349.0,430.0,505.0,607.0,916.0,1324.0,1715.0,2076.0,2353.0,2648.0,3027.0,3427.0,4036.0,4607.0,5209.0,5725.0,6197.0,6474.0
50.0,1,88.0,157.0,200.0,371.0,570.0,755.0,918.0,1125.0,1823.0,2604.0,3690.0,4748.0,5811.0,6778.0,7863.0,8994.0,10121.0,11301.0,13029.0,14490.0,16116.0,17538.0,18745.0
50.0,2,40.0,57.0,75.0,147.0,271.0,461.0,549.0,630.0,950.0,1230.0,1535.0,1821.0,2123.0,2340.0,2606.0,2923.0,3273.0,3739.0,4196.0,4637.0,5101.0,5578.0,6095.0
50.0,3,42.0,60.0,66.0,124.0,221.0,309.0,374.0,430.0,499.0,558.0,727.0,878.0,1010.0,1124.0,1230.0,1327.0,1419.0,1501.0,1579.0,1650.0,1717.0,1783.0,1842.0
50.0,4,63.0,104.0,131.0,261.0,438.0,604.0,742.0,871.0,1047.0,1582.0,2286.0,2961.0,3585.0,4064.0,4572.0,5227.0,5917.0,6969.0,7954.0,8994.0,9885.0,10700.0,11178.0
51.0,1,27.0,48.0,61.0,114.0,175.0,232.0,283.0,346.0,562.0,802.0,1137.0,1463.0,1791.0,2089.0,2423.0,2772.0,3119.0,3483.0,4015.0,4465.0,4966.0,5405.0,5777.0
51.0,2,12.0,17.0,23.0,45.0,83.0,142.0,169.0,194.0,293.0,379.0,473.0,561.0,654.0,721.0,803.0,901.0,1009.0,1152.0,1293.0,1429.0,1572.0,1719.0,1878.0
51.0,3,13.0,18.0,20.0,38.0,68.0,95.0,115.0,132.0,153.0,172.0,224.0,270.0,311.0,346.0,379.0,409.0,437.0,462.0,486.0,508.0,529.0,549.0,568.0
51.0,4,19.0,32.0,40.0,80.0,135.0,186.0,229.0,268.0,323.0,487.0,704.0,912.0,1105.0,1252.0,1409.0,1611.0,1823.0,2148.0,2451.0,2772.0,3046.0,3297.0,3445.0
52.0,1,68.0,122.0,155.0,288.0,443.0,587.0,713.0,875.0,1417.0,2025.0,2870.0,3693.0,4520.0,5272.0,6116.0,6996.0,7872.0,8791.0,10135.0,11271.0,12536.0,13643.0,14581.0
52.0,2,30.0,44.0,58.0,114.0,210.0,358.0,427.0,490.0,739.0,956.0,1193.0,1416.0,1651.0,1820.0,2027.0,2274.0,2546.0,2908.0,3264.0,3607.0,3968.0,4338.0,4741.0
52.0,3,32.0,46.0,51.0,96.0,171.0,240.0,291.0,334.0,387.0,434.0,565.0,682.0,785.0,874.0,956.0,1032.0,1103.0,1167.0,1228.0,1283.0,1335.0,1387.0,1433.0
52.0,4,49.0,80.0,102.0,203.0,341.0,469.0,577.0,677.0,814.0,1230.0,1778.0,2303.0,2788.0,3161.0,3556.0,4065.0,4602.0,5421.0,6187.0,6996.0,7689.0,8323.0,8695.0
53.0,1,113.0,201.0,256.0,475.0,730.0,967.0,1176.0,1442.0,2336.0,3337.0,4729.0,6086.0,7448.0,8688.0,10079.0,11528.0,12973.0,14486.0,16701.0,18573.0,20657.0,22481.0,24027.0
53.0,2,51.0,73.0,96.0,189.0,347.0,591.0,704.0,807.0,1218.0,1576.0,1967.0,2334.0,2722.0,2999.0,3340.0,3747.0,4196.0,4793.0,5379.0,5944.0,6539.0,7149.0,7813.0
53.0,3,54.0,77.0,84.0,158.0,283.0,396.0,480.0,551.0,639.0,715.0,932.0,1125.0,1295.0,1441.0,1576.0,1701.0,1818.0,1924.0,2024.0,2115.0,2201.0,2286.0,2361.0
53.0,4,45.0,74.0,93.0,186.0,312.0,430.0,529.0,621.0,746.0,1127.0,1629.0,2111.0,2555.0,2896.0,3259.0,3725.0,4217.0,4967.0,5669.0,6411.0,7046.0,7627.0,7967.0
54.0,1,65.0,117.0,149.0,277.0,427.0,565.0,688.0,843.0,1366.0,1952.0,2766.0,3560.0,4357.0,5082.0,5896.0,6744.0,7589.0,8474.0,9770.0,10866.0,12085.0,13152.0,14056.0
54.0,2,29.0,42.0,56.0,110.0,203.0,345.0,411.0,472.0,712.0,922.0,1150.0,1365.0,1592.0,1754.0,1954.0,2192.0,2454.0,2804.0,3146.0,3477.0,3825.0,4182.0,4570.0
54.0,3,31.0,45.0,49.0,92.0,165.0,231.0,280.0,322.0,373.0,418.0,545.0,658.0,757.0,842.0,922.0,995.0,1063.0,1125.0,1184.0,1237.0,1287.0,1337.0,1381.0
54.0,4,47.0,77.0,98.0,195.0,328.0,452.0,556.0,653.0,785.0,1186.0,1714.0,2220.0,2688.0,3047.0,3428.0,3919.0,4437.0,5226.0,5964.0,6744.0,7412.0,8023.0,8382.0
55.0,1,29.0,51.0,65.0,122.0,188.0,249.0,303.0,371.0,602.0,860.0,1218.0,1568.0,1919.0,2239.0,2597.0,2971.0,3343.0,3733.0,4304.0,4786.0,5323.0,5793.0,6192.0
55.0,2,13.0,18.0,24.0,48.0,89.0,152.0,181.0,208.0,313.0,406.0,506.0,601.0,701.0,772.0,860.0,965.0,1081.0,1235.0,1386.0,1531.0,1685.0,1842.0,2013.0
55.0,3,13.0,19.0,21.0,40.0,72.0,102.0,123.0,141.0,164.0,184.0,240.0,289.0,333.0,371.0,406.0,438.0,468.0,495.0,521.0,545.0,567.0,589.0,608.0
55.0,4,20.0,34.0,43.0,86.0,144.0,199.0,245.0,287.0,345.0,522.0,755.0,978.0,1184.0,1342.0,1510.0,1726.0,1954.0,2302.0,2627.0,2971.0,3265.0,3534.0,3692.0
56.0,1,104.0,186.0,237.0,440.0,676.0,896.0,1089.0,1335.0,2164.0,3091.0,4380.0,5637.0,6899.0,8047.0,9336.0,10678.0,12016.0,13417.0,15469.0,17203.0,19133.0,20823.0,22255.0
56.0,2,47.0,68.0,89.0,175.0,321.0,547.0,652.0,748.0,1128.0,1460.0,1822.0,2162.0,2521.0,2778.0,3094.0,3471.0,3886.0,4440.0,4982.0,5506.0,6057.0,6622.0,7237.0
56.0,3,50.0,71.0,78.0,147.0,262.0,367.0,444.0,510.0,592.0,662.0,863.0,1042.0,1199.0,1334.0,1460.0,1576.0,1684.0,1782.0,1874.0,1959.0,2039.0,2117.0,2187.0
56.0,4,75.0,123.0,156.0,310.0,520.0,716.0,881.0,1034.0,1243.0,1878.0,2714.0,3516.0,4256.0,4825.0,5428.0,6205.0,7025.0,8274.0,9443.0,10679.0,11736.0,12703.0,13271.0
57.0,1,12.0,20.0,26.0,48.0,73.0,97.0,117.0,144.0,233.0,332.0,471.0,606.0,741.0,864.0,1003.0,1147.0,1290.0,1441.0,1661.0,1847.0,2055.0,2236.0,2390.0
57.0,2,5.0,8.0,10.0,19.0,35.0,59.0,70.0,81.0,122.0,157.0,196.0,233.0,271.0,299.0,333.0,373.0,418.0,477.0,535.0,592.0,651.0,711.0,777.0
57.0,3,6.0,8.0,9.0,16.0,29.0,40.0,48.0,55.0,64.0,72.0,93.0,112.0,129.0,144.0,157.0,170.0,181.0,192.0,202.0,211.0,219.0,228.0,235.0
57.0,4,8.0,14.0,17.0,34.0,56.0,77.0,95.0,112.0,134.0,202.0,292.0,378.0,457.0,518.0,583.0,667.0,755.0,889.0,1014.0,1147.0,1260.0,1364.0,1425.0
58.0,1,32.0,57.0,73.0,136.0,210.0,278.0,339.0,415.0,673.0,962.0,1363.0,1755.0,2148.0,2505.0,2907.0,3325.0,3741.0,4178.0,4816.0,5356.0,5957.0,6483.0,6929.0
58.0,2,14.0,20.0,27.0,54.0,100.0,170.0,202.0,232.0,351.0,454.0,567.0,673.0,784.0,864.0,963.0,1080.0,1210.0,1382.0,1551.0,1714.0,1885.0,2061.0,2253.0
58.0,3,15.0,22.0,24.0,45.0,81.0,114.0,138.0,158.0,184.0,206.0,268.0,324.0,373.0,415.0,454.0,490.0,524.0,554.0,583.0,610.0,634.0,659.0,680.0
58.0,4,21.0,35.0,44.0,88.0,147.0,203.0,249.0,293.0,352.0,532.0,768.0,995.0,1205.0,1366.0,1537.0,1757.0,1989.0,2343.0,2674.0,3024.0,3323.0,3597.0,3758.0
59.0,1,43.0,77.0,98.0,183.0,281.0,372.0,453.0,555.0,900.0,1286.0,1823.0,2346.0,2871.0,3349.0,3885.0,4444.0,5001.0,5584.0,6438.0,7160.0,7963.0,8666.0,9263.0
59.0,2,19.0,28.0,37.0,72.0,133.0,227.0,271.0,311.0,469.0,607.0,758.0,899.0,1049.0,1156.0,1287.0,1444.0,1617.0,1847.0,2073.0,2291.0,2521.0,2756.0,3012.0
59.0,3,20.0,29.0,32.0,61.0,109.0,152.0,184.0,212.0,246.0,275.0,359.0,433.0,499.0,555.0,607.0,655.0,701.0,741.0,780.0,815.0,848.0,881.0,910.0
59.0,4,0.0,0.0,0.0,0.0,0.0,0.0,0.0,0.0,0.0,0.0,0.0,0.0,0.0,0.0,0.0,0.0,0.0,0.0,0.0,0.0,0.0,0.0,0.0
60.0,1,58.0,103.0,131.0,244.0,376.0,498.0,605.0,742.0,1202.0,1717.0,2433.0,3132.0,3832.0,4470.0,5186.0,5932.0,6675.0,7454.0,8593.0,9557.0,10629.0,11568.0,12363.0
60.0,2,26.0,37.0,49.0,97.0,178.0,304.0,362.0,415.0,627.0,811.0,1012.0,1201.0,1400.0,1543.0,1719.0,1928.0,2159.0,2466.0,2768.0,3058.0,3365.0,3679.0,4020.0
60.0,3,27.0,39.0,43.0,81.0,145.0,204.0,247.0,283.0,329.0,368.0,479.0,579.0,666.0,741.0,811.0,875.0,936.0,990.0,1041.0,1088.0,1132.0,1176.0,1215.0
60.0,4,0.0,0.0,0.0,0.0,0.0,0.0,0.0,0.0,0.0,0.0,0.0,0.0,0.0,0.0,0.0,0.0,0.0,0.0,0.0,0.0,0.0,0.0,0.0
61.0,1,96.0,172.0,218.0,406.0,624.0,827.0,1006.0,1233.0,1998.0,2855.0,4046.0,5207.0,6373.0,7434.0,8624.0,9864.0,11100.0,12395.0,14290.0,15892.0,17675.0,19236.0,20559.0
61.0,2,43.0,62.0,81.0,161.0,296.0,505.0,602.0,690.0,1042.0,1348.0,1682.0,1996.0,2328.0,2565.0,2857.0,3206.0,3589.0,4101.0,4602.0,5086.0,5595.0,6117.0,6685.0
61.0,3,45.0,65.0,71.0,135.0,241.0,338.0,410.0,471.0,546.0,611.0,797.0,962.0,1107.0,1232.0,1348.0,1455.0,1555.0,1646.0,1731.0,1809.0,1883.0,1955.0,2020.0
61.0,4,19.0,31.0,39.0,78.0,131.0,181.0,222.0,261.0,313.0,473.0,684.0,886.0,1072.0,1216.0,1368.0,1563.0,1770.0,2085.0,2379.0,2690.0,2957.0,3200.0,3343.0
62.0,1,42.0,74.0,95.0,176.0,270.0,357.0,435.0,533.0,863.0,1233.0,1747.0,2249.0,2752.0,3210.0,3724.0,4260.0,4793.0,5352.0,6171.0,6863.0,7632.0,8306.0,8878.0
62.0,2,19.0,27.0,36.0,70.0,128.0,218.0,260.0,298.0,450.0,583.0,727.0,862.0,1006.0,1108.0,1234.0,1385.0,1550.0,1771.0,1987.0,2196.0,2416.0,2642.0,2887.0
62.0,3,20.0,28.0,31.0,59.0,105.0,146.0,177.0,204.0,236.0,264.0,344.0,416.0,478.0,532.0,582.0,629.0,672.0,711.0,748.0,782.0,813.0,845.0,873.0
62.0,4,30.0,49.0,62.0,124.0,208.0,286.0,352.0,413.0,496.0,749.0,1083.0,1403.0,1698.0,1925.0,2165.0,2475.0,2802.0,3301.0,3767.0,4260.0,4682.0,5068.0,5294.0
63.0,1,96.0,172.0,218.0,406.0,624.0,827.0,1006.0,1233.0,1998.0,2854.0,4046.0,5207.0,6372.0,7433.0,8622.0,9862.0,11098.0,12394.0,14288.0,15891.0,17673.0,19234.0,20556.0
63.0,2,42.0,62.0,81.0,161.0,296.0,505.0,602.0,689.0,1041.0,1348.0,1682.0,1996.0,2328.0,2565.0,2857.0,3205.0,3588.0,4100.0,4601.0,5085.0,5594.0,6116.0,6683.0
63.0,3,45.0,65.0,72.0,135.0,241.0,338.0,409.0,471.0,546.0,611.0,796.0,962.0,1107.0,1232.0,1348.0,1455.0,1555.0,1645.0,1731.0,1810.0,1883.0,1955.0,2020.0
63.0,4,68.0,114.0,143.0,285.0,480.0,661.0,813.0,955.0,1148.0,1735.0,2506.0,3247.0,3931.0,4456.0,5013.0,5732.0,6489.0,7643.0,8722.0,9863.0,10840.0,11734.0,12259.0
64.0,1,79.0,141.0,179.0,333.0,512.0,679.0,825.0,1012.0,1640.0,2343.0,3320.0,4272.0,5229.0,6099.0,7076.0,8093.0,9107.0,10169.0,11724.0,13039.0,14502.0,15782.0,16867.0
64.0,2,35.0,51.0,67.0,132.0,243.0,414.0,494.0,566.0,855.0,1106.0,1381.0,1638.0,1910.0,2105.0,2344.0,2630.0,2945.0,3365.0,3776.0,4173.0,4590.0,5019.0,5485.0
64.0,3,37.0,54.0,59.0,111.0,198.0,278.0,336.0,386.0,448.0,502.0,654.0,789.0,909.0,1011.0,1106.0,1194.0,1276.0,1350.0,1420.0,1485.0,1545.0,1604.0,1657.0
64.0,4,0.0,0.0,0.0,0.0,0.0,0.0,0.0,0.0,0.0,0.0,0.0,0.0,0.0,0.0,0.0,0.0,0.0,0.0,0.0,0.0,0.0,0.0,0.0
65.0,1,100.0,179.0,227.0,422.0,650.0,861.0,1047.0,1283.0,2080.0,2971.0,4211.0,5419.0,6632.0,7736.0,8975.0,10266.0,11552.0,12899.0,14872.0,16539.0,18395.0,20019.0,21396.0
65.0,2,45.0,65.0,85.0,168.0,309.0,526.0,626.0,718.0,1084.0,1403.0,1751.0,2078.0,2423.0,2670.0,2974.0,3336.0,3736.0,4268.0,4789.0,5293.0,5823.0,6366.0,6957.0
65.0,3,47.0,68.0,74.0,141.0,252.0,352.0,427.0,490.0,569.0,636.0,829.0,1001.0,1153.0,1283.0,1403.0,1514.0,1619.0,1713.0,1802.0,1883.0,1960.0,2035.0,2102.0
65.0,4,0.0,0.0,0.0,0.0,0.0,0.0,0.0,0.0,0.0,0.0,0.0,0.0,0.0,0.0,0.0,0.0,0.0,0.0,0.0,0.0,0.0,0.0,0.0
66.0,1,31.0,55.0,70.0,130.0,200.0,265.0,322.0,395.0,640.0,915.0,1296.0,1668.0,2041.0,2381.0,2763.0,3160.0,3556.0,3970.0,4577.0,5091.0,5662.0,6162.0,6585.0
66.0,2,14.0,20.0,26.0,52.0,95.0,162.0,193.0,221.0,334.0,432.0,539.0,640.0,746.0,822.0,915.0,1027.0,1150.0,1314.0,1474.0,1629.0,1792.0,1960.0,2141.0
66.0,3,15.0,21.0,23.0,43.0,78.0,109.0,131.0,151.0,175.0,196.0,255.0,308.0,355.0,395.0,432.0,466.0,498.0,527.0,555.0,580.0,603.0,627.0,647.0
66.0,4,22.0,37.0,46.0,92.0,154.0,212.0,261.0,306.0,368.0,556.0,803.0,1040.0,1259.0,1428.0,1606.0,1836.0,2079.0,2448.0,2794.0,3160.0,3473.0,3759.0,3927.0
67.0,1,28.0,50.0,63.0,117.0,180.0,238.0,289.0,354.0,574.0,820.0,1161.0,1494.0,1829.0,2133.0,2474.0,2830.0,3185.0,3556.0,4100.0,4560.0,5071.0,5519.0,5898.0
67.0,2,13.0,18.0,24.0,47.0,86.0,145.0,173.0,198.0,299.0,387.0,483.0,573.0,668.0,736.0,820.0,920.0,1030.0,1177.0,1321.0,1459.0,1605.0,1755.0,1918.0
67.0,3,13.0,19.0,21.0,39.0,70.0,98.0,118.0,136.0,157.0,176.0,229.0,276.0,318.0,354.0,387.0,418.0,447.0,473.0,497.0,520.0,541.0,561.0,580.0
67.0,4,20.0,33.0,42.0,82.0,138.0,190.0,234.0,274.0,330.0,498.0,720.0,932.0,1128.0,1279.0,1439.0,1645.0,1862.0,2193.0,2503.0,2830.0,3111.0,3367.0,3518.0
68.0,1,83.0,149.0,190.0,353.0,542.0,718.0,874.0,1071.0,1736.0,2480.0,3515.0,4523.0,5536.0,6457.0,7491.0,8568.0,9642.0,10767.0,12413.0,13805.0,15354.0,16709.0,17858.0
68.0,2,37.0,54.0,71.0,140.0,258.0,439.0,523.0,600.0,905.0,1171.0,1462.0,1734.0,2023.0,2229.0,2482.0,2785.0,3118.0,3562.0,3998.0,4418.0,4860.0,5313.0,5807.0
68.0,3,39.0,57.0,62.0,117.0,210.0,294.0,356.0,409.0,475.0,531.0,692.0,836.0,962.0,1071.0,1171.0,1264.0,1351.0,1430.0,1504.0,1572.0,1636.0,1699.0,1755.0
68.0,4,59.0,99.0,124.0,248.0,417.0,575.0,707.0,830.0,997.0,1507.0,2177.0,2821.0,3415.0,3871.0,4355.0,4979.0,5637.0,6639.0,7578.0,8569.0,9417.0,10194.0,10649.0
69.0,1,65.0,116.0,148.0,275.0,422.0,559.0,680.0,834.0,1352.0,1931.0,2736.0,3521.0,4309.0,5026.0,5831.0,6669.0,7505.0,8381.0,9662.0,10745.0,11951.0,13006.0,13900.0
69.0,2,29.0,42.0,55.0,109.0,201.0,342.0,407.0,467.0,705.0,912.0,1138.0,1350.0,1574.0,1735.0,1932.0,2168.0,2427.0,2773.0,3112.0,3439.0,3783.0,4136.0,4520.0
69.0,3,31.0,44.0,49.0,92.0,164.0,229.0,277.0,319.0,370.0,414.0,539.0,651.0,749.0,833.0,912.0,984.0,1052.0,1113.0,1171.0,1224.0,1273.0,1322.0,1366.0
69.0,4,47.0,77.0,97.0,193.0,325.0,447.0,550.0,646.0,777.0,1173.0,1695.0,2196.0,2658.0,3013.0,3390.0,3876.0,4388.0,5168.0,5898.0,6670.0,7330.0,7935.0,8289.0
70.0,1,56.0,100.0,127.0,235.0,362.0,479.0,583.0,714.0,1158.0,1654.0,2344.0,3016.0,3691.0,4305.0,4995.0,5713.0,6428.0,7178.0,8276.0,9204.0,10236.0,11140.0,11906.0
70.0,2,25.0,36.0,48.0,94.0,172.0,293.0,349.0,400.0,604.0,781.0,975.0,1157.0,1349.0,1486.0,1655.0,1857.0,2079.0,2375.0,2665.0,2946.0,3240.0,3543.0,3872.0
70.0,3,27.0,38.0,42.0,79.0,140.0,196.0,238.0,273.0,317.0,354.0,462.0,557.0,642.0,714.0,781.0,843.0,901.0,953.0,1003.0,1048.0,1091.0,1133.0,1170.0
70.0,4,40.0,66.0,83.0,166.0,279.0,383.0,471.0,553.0,665.0,1005.0,1452.0,1881.0,2277.0,2581.0,2904.0,3320.0,3758.0,4427.0,5052.0,5713.0,6279.0,6796.0,7100.0
71.0,1,36.0,64.0,81.0,151.0,232.0,307.0,373.0,457.0,741.0,1058.0,1500.0,1930.0,2362.0,2755.0,3196.0,3656.0,4114.0,4594.0,5296.0,5890.0,6551.0,7129.0,7620.0
71.0,2,16.0,23.0,31.0,60.0,110.0,187.0,223.0,256.0,386.0,500.0,624.0,740.0,863.0,951.0,1059.0,1188.0,1331.0,1520.0,1706.0,1885.0,2074.0,2267.0,2478.0
71.0,3,17.0,24.0,27.0,50.0,90.0,126.0,152.0,175.0,203.0,227.0,296.0,357.0,411.0,457.0,500.0,540.0,577.0,610.0,642.0,671.0,698.0,725.0,749.0
71.0,4,0.0,0.0,0.0,0.0,0.0,0.0,0.0,0.0,0.0,0.0,0.0,0.0,0.0,0.0,0.0,0.0,0.0,0.0,0.0,0.0,0.0,0.0,0.0
72.0,1,23.0,40.0,51.0,95.0,147.0,194.0,236.0,289.0,469.0,669.0,949.0,1221.0,1494.0,1743.0,2022.0,2312.0,2602.0,2906.0,3350.0,3725.0,4143.0,4509.0,4819.0
72.0,2,10.0,15.0,19.0,38.0,70.0,119.0,141.0,162.0,244.0,316.0,395.0,468.0,546.0,602.0,670.0,752.0,842.0,961.0,1079.0,1192.0,1312.0,1434.0,1567.0
72.0,3,11.0,15.0,17.0,32.0,57.0,80.0,96.0,111.0,128.0,143.0,187.0,226.0,260.0,289.0,316.0,341.0,365.0,386.0,406.0,424.0,442.0,459.0,474.0
72.0,4,16.0,27.0,34.0,67.0,113.0,155.0,191.0,224.0,269.0,407.0,588.0,761.0,922.0,1045.0,1176.0,1344.0,1521.0,1792.0,2045.0,2313.0,2542.0,2751.0,2874.0
73.0,1,4.0,7.0,9.0,18.0,27.0,36.0,44.0,54.0,88.0,126.0,179.0,230.0,282.0,329.0,382.0,437.0,491.0,549.0,633.0,704.0,783.0,852.0,910.0
73.0,2,2.0,2.0,3.0,7.0,13.0,22.0,26.0,30.0,46.0,59.0,74.0,88.0,103.0,113.0,126.0,142.0,159.0,181.0,203.0,225.0,247.0,271.0,296.0
73.0,3,2.0,3.0,3.0,6.0,10.0,15.0,18.0,20.0,24.0,27.0,35.0,42.0,49.0,54.0,59.0,64.0,69.0,73.0,76.0,80.0,83.0,86.0,89.0
73.0,4,0.0,0.0,0.0,0.0,0.0,0.0,0.0,0.0,0.0,0.0,0.0,0.0,0.0,0.0,0.0,0.0,0.0,0.0,0.0,0.0,0.0,0.0,0.0
74.0,1,55.0,98.0,125.0,232.0,358.0,474.0,576.0,706.0,1145.0,1636.0,2318.0,2984.0,3651.0,4259.0,4941.0,5652.0,6360.0,7102.0,8188.0,9106.0,10127.0,11022.0,11780.0
74.0,2,24.0,35.0,47.0,92.0,170.0,289.0,345.0,395.0,597.0,772.0,964.0,1144.0,1334.0,1470.0,1637.0,1837.0,2057.0,2350.0,2637.0,2914.0,3206.0,3505.0,3830.0
74.0,3,26.0,37.0,41.0,77.0,138.0,194.0,235.0,270.0,313.0,350.0,456.0,551.0,634.0,706.0,772.0,834.0,891.0,943.0,992.0,1037.0,1079.0,1120.0,1157.0
74.0,4,39.0,65.0,82.0,164.0,275.0,379.0,466.0,547.0,658.0,994.0,1436.0,1861.0,2252.0,2553.0,2873.0,3284.0,3718.0,4379.0,4998.0,5652.0,6212.0,6724.0,7024.0
75.0,1,70.0,126.0,160.0,297.0,457.0,606.0,737.0,903.0,1464.0,2092.0,2964.0,3815.0,4669.0,5446.0,6318.0,7226.0,8132.0,9080.0,10469.0,11642.0,12949.0,14092.0,15061.0
75.0,2,31.0,45.0,60.0,118.0,217.0,370.0,441.0,506.0,763.0,988.0,1233.0,1462.0,1706.0,1879.0,2093.0,2348.0,2630.0,3004.0,3371.0,3726.0,4099.0,4481.0,4897.0
75.0,3,33.0,48.0,52.0,99.0,177.0,248.0,300.0,345.0,400.0,448.0,584.0,705.0,811.0,903.0,987.0,1066.0,1139.0,1206.0,1268.0,1326.0,1379.0,1432.0,1480.0
75.0,4,0.0,0.0,0.0,0.0,0.0,0.0,0.0,0.0,0.0,0.0,0.0,0.0,0.0,0.0,0.0,0.0,0.0,0.0,0.0,0.0,0.0,0.0,0.0
76.0,1,112.0,201.0,255.0,474.0,728.0,965.0,1173.0,1438.0,2331.0,3330.0,4719.0,6073.0,7432.0,8669.0,10057.0,11503.0,12944.0,14454.0,16664.0,18532.0,20611.0,22431.0,23974.0
76.0,2,50.0,73.0,96.0,188.0,346.0,589.0,702.0,805.0,1215.0,1573.0,1962.0,2328.0,2715.0,2992.0,3332.0,3739.0,4186.0,4782.0,5367.0,5931.0,6524.0,7133.0,7795.0
76.0,3,53.0,76.0,84.0,158.0,282.0,395.0,478.0,549.0,637.0,713.0,930.0,1122.0,1292.0,1437.0,1572.0,1697.0,1814.0,1919.0,2019.0,2111.0,2196.0,2280.0,2356.0
76.0,4,80.0,133.0,167.0,333.0,560.0,772.0,949.0,1114.0,1339.0,2023.0,2923.0,3787.0,4585.0,5197.0,5847.0,6684.0,7567.0,8913.0,10173.0,11503.0,12642.0,13685.0,14296.0
77.0,1,51.0,91.0,115.0,214.0,329.0,436.0,530.0,649.0,1053.0,1504.0,2131.0,2743.0,3356.0,3915.0,4542.0,5195.0,5846.0,6528.0,7526.0,8370.0,9309.0,10131.0,10827.0
77.0,2,23.0,33.0,43.0,85.0,156.0,266.0,317.0,364.0,549.0,710.0,886.0,1051.0,1226.0,1351.0,1505.0,1688.0,1891.0,2160.0,2424.0,2679.0,2947.0,3222.0,3521.0
77.0,3,24.0,34.0,38.0,71.0,127.0,178.0,216.0,248.0,288.0,322.0,420.0,507.0,583.0,649.0,710.0,766.0,819.0,867.0,912.0,953.0,992.0,1030.0,1064.0
77.0,4,36.0,60.0,76.0,151.0,253.0,348.0,428.0,503.0,605.0,914.0,1320.0,1710.0,2071.0,2347.0,2641.0,3019.0,3418.0,4025.0,4594.0,5195.0,5710.0,6180.0,6457.0
78.0,1,35.0,63.0,79.0,147.0,226.0,299.0,364.0,446.0,722.0,1032.0,1462.0,1882.0,2303.0,2686.0,3116.0,3564.0,4010.0,4478.0,5162.0,5741.0,6385.0,6949.0,7427.0
78.0,2,16.0,23.0,30.0,59.0,108.0,183.0,218.0,250.0,377.0,488.0,608.0,722.0,842.0,927.0,1033.0,1159.0,1297.0,1482.0,1663.0,1838.0,2021.0,2210.0,2415.0
78.0,3,17.0,24.0,26.0,49.0,88.0,123.0,149.0,171.0,198.0,221.0,288.0,348.0,401.0,446.0,487.0,526.0,562.0,595.0,626.0,654.0,681.0,707.0,730.0
78.0,4,25.0,41.0,52.0,104.0,174.0,239.0,294.0,346.0,415.0,627.0,906.0,1174.0,1421.0,1610.0,1812.0,2071.0,2345.0,2762.0,3152.0,3564.0,3917.0,4240.0,4429.0
79.0,1,47.0,84.0,106.0,198.0,304.0,403.0,490.0,601.0,974.0,1392.0,1972.0,2538.0,3106.0,3623.0,4204.0,4808.0,5410.0,6042.0,6965.0,7746.0,8616.0,9376.0,10021.0
79.0,2,21.0,30.0,40.0,78.0,144.0,246.0,293.0,336.0,508.0,657.0,820.0,973.0,1135.0,1250.0,1393.0,1563.0,1750.0,1999.0,2243.0,2479.0,2727.0,2982.0,3258.0
79.0,3,22.0,32.0,35.0,66.0,118.0,165.0,200.0,229.0,266.0,298.0,388.0,469.0,540.0,601.0,657.0,709.0,758.0,802.0,844.0,882.0,918.0,953.0,985.0
79.0,4,33.0,55.0,70.0,139.0,234.0,322.0,396.0,465.0,560.0,845.0,1222.0,1583.0,1916.0,2172.0,2444.0,2794.0,3163.0,3726.0,4252.0,4808.0,5284.0,5720.0,5976.0
80.0,1,33.0,60.0,76.0,142.0,218.0,289.0,351.0,431.0,698.0,998.0,1414.0,1820.0,2228.0,2599.0,3015.0,3449.0,3881.0,4334.0,4996.0,5557.0,6180.0,6726.0,7188.0
80.0,2,15.0,21.0,28.0,56.0,103.0,176.0,210.0,241.0,364.0,471.0,588.0,698.0,814.0,897.0,999.0,1121.0,1255.0,1434.0,1609.0,1778.0,1956.0,2138.0,2337.0
80.0,3,15.0,22.0,25.0,47.0,84.0,118.0,143.0,164.0,191.0,213.0,278.0,336.0,387.0,431.0,471.0,508.0,543.0,575.0,605.0,632.0,658.0,683.0,706.0
80.0,4,24.0,39.0,50.0,99.0,168.0,231.0,284.0,334.0,401.0,606.0,876.0,1135.0,1374.0,1558.0,1753.0,2004.0,2269.0,2672.0,3050.0,3449.0,3790.0,4103.0,4286.0
81.0,1,33.0,59.0,75.0,139.0,214.0,284.0,345.0,423.0,686.0,980.0,1389.0,1787.0,2187.0,2552.0,2960.0,3386.0,3810.0,4254.0,4905.0,5455.0,6067.0,6602.0,7056.0
81.0,2,15.0,21.0,28.0,55.0,102.0,173.0,207.0,237.0,358.0,463.0,578.0,685.0,799.0,881.0,981.0,1100.0,1232.0,1408.0,1580.0,1746.0,1920.0,2100.0,2294.0
81.0,3,16.0,22.0,25.0,46.0,83.0,116.0,141.0,162.0,188.0,210.0,274.0,330.0,380.0,423.0,463.0,499.0,534.0,565.0,594.0,621.0,646.0,671.0,693.0
81.0,4,24.0,39.0,49.0,98.0,165.0,227.0,279.0,328.0,394.0,595.0,860.0,1115.0,1349.0,1530.0,1721.0,1967.0,2227.0,2623.0,2994.0,3386.0,3721.0,4028.0,4208.0
82.0,1,24.0,44.0,56.0,104.0,160.0,212.0,257.0,316.0,512.0,731.0,1036.0,1333.0,1631.0,1903.0,2208.0,2525.0,2842.0,3173.0,3658.0,4069.0,4525.0,4925.0,5263.0
82.0,2,11.0,16.0,21.0,41.0,76.0,129.0,154.0,177.0,267.0,345.0,431.0,511.0,596.0,657.0,732.0,821.0,919.0,1050.0,1178.0,1302.0,1432.0,1566.0,1711.0
82.0,3,12.0,17.0,18.0,34.0,62.0,87.0,105.0,120.0,140.0,156.0,204.0,246.0,283.0,315.0,345.0,372.0,398.0,421.0,443.0,463.0,482.0,501.0,517.0
82.0,4,17.0,29.0,37.0,73.0,123.0,169.0,208.0,244.0,294.0,444.0,642.0,831.0,1006.0,1141.0,1284.0,1467.0,1661.0,1957.0,2233.0,2525.0,2776.0,3004.0,3139.0
83.0,1,38.0,68.0,86.0,160.0,246.0,326.0,397.0,486.0,788.0,1126.0,1595.0,2053.0,2513.0,2931.0,3400.0,3889.0,4376.0,4887.0,5634.0,6265.0,6968.0,7583.0,8105.0
83.0,2,17.0,25.0,32.0,64.0,117.0,199.0,237.0,272.0,411.0,532.0,664.0,787.0,918.0,1012.0,1127.0,1264.0,1415.0,1617.0,1814.0,2005.0,2206.0,2412.0,2636.0
83.0,3,18.0,26.0,28.0,53.0,96.0,134.0,162.0,186.0,216.0,241.0,314.0,379.0,437.0,486.0,532.0,574.0,613.0,649.0,683.0,714.0,743.0,771.0,797.0
83.0,4,27.0,45.0,57.0,113.0,190.0,261.0,321.0,377.0,453.0,684.0,988.0,1280.0,1550.0,1757.0,1977.0,2260.0,2558.0,3013.0,3439.0,3889.0,4274.0,4627.0,4833.0
84.0,1,36.0,65.0,83.0,154.0,237.0,313.0,381.0,467.0,757.0,1082.0,1533.0,1973.0,2415.0,2817.0,3268.0,3738.0,4206.0,4697.0,5415.0,6022.0,6697.0,7289.0,7790.0
84.0,2,16.0,23.0,31.0,61.0,112.0,191.0,228.0,262.0,395.0,511.0,638.0,756.0,882.0,972.0,1083.0,1215.0,1360.0,1554.0,1744.0,1927.0,2120.0,2318.0,2533.0
84.0,3,17.0,25.0,27.0,51.0,92.0,128.0,155.0,178.0,207.0,232.0,302.0,364.0,420.0,467.0,511.0,551.0,589.0,624.0,656.0,686.0,713.0,741.0,765.0
84.0,4,26.0,43.0,54.0,108.0,182.0,251.0,308.0,362.0,435.0,657.0,950.0,1230.0,1490.0,1689.0,1900.0,2172.0,2459.0,2896.0,3305.0,3738.0,4108.0,4447.0,4645.0
85.0,1,10.0,19.0,24.0,44.0,68.0,90.0,110.0,135.0,218.0,312.0,442.0,569.0,696.0,812.0,942.0,1077.0,1212.0,1353.0,1560.0,1735.0,1930.0,2100.0,2245.0
85.0,2,5.0,7.0,9.0,18.0,32.0,55.0,66.0,75.0,114.0,147.0,184.0,218.0,254.0,280.0,312.0,350.0,392.0,448.0,502.0,555.0,611.0,668.0,730.0
85.0,3,5.0,7.0,8.0,15.0,26.0,37.0,45.0,51.0,60.0,67.0,87.0,105.0,121.0,134.0,147.0,159.0,170.0,180.0,189.0,198.0,206.0,213.0,221.0
85.0,4,7.0,12.0,16.0,31.0,52.0,72.0,89.0,104.0,125.0,189.0,274.0,355.0,429.0,487.0,547.0,626.0,708.0,835.0,952.0,1077.0,1184.0,1281.0,1339.0
86.0,1,7.0,14.0,17.0,33.0,51.0,67.0,82.0,100.0,163.0,233.0,330.0,424.0,520.0,606.0,703.0,804.0,905.0,1011.0,1165.0,1296.0,1441.0,1569.0,1677.0
86.0,2,3.0,5.0,6.0,13.0,24.0,41.0,49.0,56.0,85.0,110.0,137.0,163.0,190.0,209.0,233.0,261.0,292.0,334.0,375.0,415.0,456.0,499.0,545.0
86.0,3,3.0,5.0,5.0,11.0,19.0,27.0,33.0,38.0,44.0,50.0,65.0,78.0,90.0,100.0,110.0,118.0,127.0,134.0,141.0,147.0,153.0,159.0,164.0
86.0,4,5.0,9.0,11.0,23.0,39.0,54.0,66.0,78.0,93.0,141.0,204.0,265.0,320.0,363.0,409.0,467.0,529.0,623.0,711.0,804.0,884.0,957.0,1000.0
87.0,1,57.0,102.0,130.0,241.0,371.0,492.0,598.0,734.0,1189.0,1699.0,2408.0,3099.0,3793.0,4424.0,5132.0,5871.0,6606.0,7377.0,8505.0,9458.0,10520.0,11448.0,12236.0
87.0,2,25.0,37.0,48.0,96.0,176.0,300.0,358.0,410.0,620.0,802.0,1001.0,1188.0,1385.0,1527.0,1700.0,1908.0,2136.0,2440.0,2739.0,3027.0,3330.0,3640.0,3978.0
87.0,3,27.0,39.0,42.0,80.0,144.0,201.0,244.0,280.0,325.0,364.0,474.0,572.0,659.0,733.0,802.0,866.0,925.0,979.0,1030.0,1077.0,1120.0,1163.0,1202.0
87.0,4,40.0,67.0,85.0,170.0,286.0,393.0,484.0,568.0,683.0,1032.0,1492.0,1932.0,2340.0,2652.0,2984.0,3411.0,3862.0,4549.0,5192.0,5871.0,6452.0,6984.0,7296.0
88.0,1,18.0,32.0,41.0,76.0,116.0,154.0,187.0,229.0,372.0,531.0,752.0,968.0,1184.0,1381.0,1603.0,1833.0,2063.0,2303.0,2655.0,2953.0,3284.0,3574.0,3820.0
88.0,2,8.0,12.0,15.0,30.0,55.0,94.0,112.0,128.0,194.0,251.0,313.0,371.0,433.0,477.0,531.0,596.0,667.0,762.0,855.0,945.0,1040.0,1137.0,1242.0
88.0,3,9.0,12.0,13.0,25.0,45.0,63.0,76.0,88.0,102.0,114.0,148.0,179.0,206.0,229.0,251.0,271.0,289.0,306.0,322.0,336.0,350.0,363.0,376.0
88.0,4,13.0,21.0,27.0,53.0,89.0,123.0,151.0,178.0,214.0,323.0,466.0,604.0,731.0,828.0,932.0,1065.0,1206.0,1420.0,1621.0,1833.0,2015.0,2181.0,2278.0
89.0,1,35.0,63.0,80.0,149.0,229.0,303.0,369.0,452.0,732.0,1046.0,1483.0,1909.0,2336.0,2725.0,3161.0,3615.0,4068.0,4543.0,5238.0,5825.0,6478.0,7050.0,7535.0
89.0,2,16.0,23.0,30.0,59.0,109.0,185.0,221.0,253.0,382.0,494.0,617.0,732.0,853.0,940.0,1047.0,1175.0,1316.0,1503.0,1687.0,1864.0,2051.0,2242.0,2450.0
89.0,3,17.0,24.0,26.0,49.0,89.0,124.0,150.0,173.0,200.0,224.0,292.0,353.0,406.0,452.0,494.0,533.0,570.0,603.0,634.0,663.0,690.0,717.0,740.0
89.0,4,25.0,42.0,52.0,105.0,176.0,242.0,298.0,350.0,421.0,636.0,919.0,1190.0,1441.0,1633.0,1838.0,2101.0,2378.0,2801.0,3197.0,3616.0,3974.0,4301.0,4493.0
90.0,1,0.0,0.0,0.0,0.0,0.0,0.0,0.0,0.0,0.0,0.0,0.0,0.0,0.0,0.0,0.0,0.0,0.0,0.0,0.0,0.0,0.0,0.0,0.0
90.0,2,0.0,0.0,0.0,0.0,0.0,0.0,0.0,0.0,0.0,0.0,0.0,0.0,0.0,0.0,0.0,0.0,0.0,0.0,0.0,0.0,0.0,0.0,0.0
90.0,3,0.0,0.0,0.0,0.0,0.0,0.0,0.0,0.0,0.0,0.0,0.0,0.0,0.0,0.0,0.0,0.0,0.0,0.0,0.0,0.0,0.0,0.0,0.0
90.0,4,0.0,0.0,0.0,0.0,0.0,0.0,0.0,0.0,0.0,0.0,0.0,0.0,0.0,0.0,0.0,0.0,0.0,0.0,0.0,0.0,0.0,0.0,0.0
91.0,1,19.0,34.0,44.0,81.0,124.0,165.0,200.0,245.0,397.0,568.0,804.0,1035.0,1267.0,1477.0,1714.0,1960.0,2206.0,2463.0,2840.0,3158.0,3513.0,3823.0,4086.0
91.0,2,9.0,13.0,16.0,32.0,59.0,101.0,120.0,137.0,207.0,268.0,335.0,397.0,463.0,510.0,568.0,637.0,714.0,815.0,915.0,1011.0,1112.0,1216.0,1329.0
91.0,3,9.0,13.0,14.0,27.0,48.0,68.0,82.0,94.0,109.0,122.0,159.0,191.0,220.0,245.0,268.0,289.0,309.0,327.0,344.0,360.0,374.0,389.0,402.0
91.0,4,0.0,0.0,0.0,0.0,0.0,0.0,0.0,0.0,0.0,0.0,0.0,0.0,0.0,0.0,0.0,0.0,0.0,0.0,0.0,0.0,0.0,0.0,0.0
92.0,1,32.0,58.0,74.0,138.0,212.0,281.0,341.0,418.0,678.0,969.0,1374.0,1768.0,2164.0,2524.0,2928.0,3349.0,3769.0,4209.0,4852.0,5396.0,6002.0,6532.0,6981.0
92.0,2,14.0,21.0,27.0,54.0,100.0,171.0,204.0,234.0,354.0,458.0,571.0,678.0,790.0,871.0,970.0,1088.0,1219.0,1392.0,1562.0,1727.0,1900.0,2077.0,2270.0
92.0,3,15.0,22.0,24.0,46.0,82.0,115.0,139.0,160.0,185.0,207.0,270.0,326.0,376.0,418.0,458.0,494.0,528.0,559.0,588.0,614.0,639.0,664.0,686.0
92.0,4,23.0,38.0,48.0,97.0,163.0,224.0,276.0,324.0,390.0,589.0,851.0,1103.0,1335.0,1513.0,1702.0,1946.0,2203.0,2595.0,2962.0,3350.0,3681.0,3985.0,4163.0
93.0,1,38.0,69.0,87.0,162.0,250.0,331.0,403.0,494.0,801.0,1144.0,1622.0,2087.0,2554.0,2980.0,3457.0,3954.0,4450.0,4969.0,5728.0,6371.0,7085.0,7711.0,8241.0
93.0,2,17.0,25.0,32.0,64.0,119.0,202.0,241.0,276.0,417.0,540.0,674.0,800.0,933.0,1028.0,1145.0,1285.0,1439.0,1644.0,1845.0,2039.0,2243.0,2452.0,2680.0
93.0,3,18.0,26.0,28.0,54.0,97.0,135.0,164.0,188.0,219.0,245.0,319.0,385.0,444.0,494.0,540.0,583.0,623.0,660.0,694.0,725.0,755.0,784.0,810.0
93.0,4,2.0,3.0,4.0,8.0,15.0,20.0,25.0,29.0,35.0,54.0,78.0,101.0,122.0,139.0,156.0,179.0,202.0,239.0,272.0,308.0,339.0,367.0,383.0
94.0,1,40.0,72.0,92.0,170.0,262.0,347.0,422.0,517.0,837.0,1196.0,1695.0,2181.0,2669.0,3114.0,3612.0,4131.0,4649.0,5191.0,5985.0,6656.0,7403.0,8056.0,8611.0
94.0,2,18.0,26.0,34.0,68.0,124.0,212.0,252.0,289.0,437.0,565.0,705.0,836.0,975.0,1075.0,1197.0,1343.0,1504.0,1718.0,1928.0,2130.0,2343.0,2562.0,2800.0
94.0,3,19.0,28.0,30.0,57.0,101.0,142.0,172.0,197.0,229.0,256.0,334.0,403.0,464.0,516.0,565.0,610.0,652.0,689.0,725.0,758.0,789.0,819.0,846.0
94.0,4,29.0,48.0,60.0,120.0,201.0,277.0,341.0,400.0,481.0,727.0,1050.0,1360.0,1647.0,1867.0,2100.0,2401.0,2718.0,3201.0,3654.0,4132.0,4541.0,4915.0,5135.0
95.0,1,29.0,52.0,66.0,123.0,189.0,251.0,305.0,374.0,607.0,867.0,1229.0,1582.0,1936.0,2258.0,2619.0,2996.0,3371.0,3765.0,4340.0,4827.0,5369.0,5843.0,6244.0
95.0,2,13.0,19.0,25.0,49.0,90.0,153.0,183.0,209.0,316.0,409.0,511.0,606.0,707.0,779.0,868.0,974.0,1090.0,1245.0,1398.0,1545.0,1699.0,1858.0,2030.0
95.0,3,14.0,20.0,22.0,41.0,73.0,103.0,124.0,143.0,166.0,186.0,242.0,292.0,336.0,374.0,409.0,442.0,472.0,500.0,526.0,549.0,572.0,594.0,613.0
95.0,4,21.0,34.0,43.0,87.0,146.0,201.0,247.0,290.0,349.0,527.0,761.0,986.0,1194.0,1353.0,1523.0,1741.0,1971.0,2321.0,2650.0,2996.0,3293.0,3564.0,3724.0
96.0,1,9.0,16.0,20.0,38.0,58.0,77.0,94.0,116.0,188.0,268.0,380.0,489.0,599.0,698.0,810.0,927.0,1043.0,1165.0,1343.0,1494.0,1661.0,1808.0,1932.0
96.0,2,4.0,6.0,7.0,15.0,28.0,47.0,56.0,65.0,98.0,126.0,158.0,187.0,219.0,241.0,268.0,301.0,337.0,385.0,432.0,478.0,526.0,575.0,628.0
96.0,3,4.0,6.0,6.0,12.0,22.0,32.0,38.0,44.0,51.0,57.0,75.0,90.0,104.0,116.0,126.0,136.0,146.0,154.0,162.0,170.0,177.0,183.0,190.0
96.0,4,6.0,10.0,13.0,27.0,45.0,62.0,76.0,89.0,108.0,163.0,235.0,305.0,369.0,419.0,471.0,539.0,610.0,718.0,820.0,927.0,1019.0,1103.0,1152.0
97.0,1,38.0,68.0,86.0,160.0,246.0,325.0,396.0,485.0,786.0,1123.0,1591.0,2047.0,2506.0,2923.0,3391.0,3878.0,4364.0,4873.0,5618.0,6248.0,6949.0,7563.0,8083.0
97.0,2,17.0,25.0,32.0,63.0,117.0,199.0,237.0,272.0,410.0,530.0,662.0,785.0,916.0,1009.0,1124.0,1261.0,1411.0,1612.0,1809.0,2000.0,2200.0,2405.0,2628.0
97.0,3,18.0,26.0,28.0,53.0,95.0,133.0,161.0,185.0,215.0,241.0,313.0,378.0,436.0,485.0,530.0,572.0,612.0,647.0,681.0,712.0,740.0,769.0,794.0
97.0,4,18.0,30.0,38.0,76.0,127.0,175.0,216.0,253.0,304.0,460.0,665.0,862.0,1043.0,1182.0,1330.0,1521.0,1722.0,2028.0,2315.0,2618.0,2877.0,3114.0,3254.0
98.0,1,51.0,92.0,117.0,217.0,335.0,443.0,539.0,661.0,1071.0,1530.0,2169.0,2791.0,3416.0,3984.0,4622.0,5287.0,5950.0,6644.0,7660.0,8518.0,9474.0,10311.0,11020.0
98.0,2,23.0,33.0,44.0,86.0,159.0,270.0,322.0,370.0,558.0,723.0,902.0,1070.0,1248.0,1375.0,1531.0,1718.0,1924.0,2198.0,2467.0,2726.0,2999.0,3279.0,3583.0
98.0,3,24.0,35.0,38.0,72.0,129.0,181.0,220.0,252.0,293.0,328.0,427.0,515.0,593.0,660.0,722.0,780.0,834.0,882.0,928.0,970.0,1009.0,1048.0,1083.0
98.0,4,37.0,61.0,77.0,153.0,257.0,354.0,436.0,512.0,615.0,930.0,1343.0,1741.0,2107.0,2389.0,2687.0,3072.0,3478.0,4097.0,4676.0,5287.0,5811.0,6290.0,6571.0
99.0,1,22.0,40.0,50.0,94.0,144.0,191.0,232.0,285.0,461.0,659.0,934.0,1203.0,1472.0,1717.0,1992.0,2278.0,2563.0,2862.0,3300.0,3670.0,4082.0,4442.0,4748.0
99.0,2,10.0,14.0,19.0,37.0,68.0,117.0,139.0,159.0,240.0,311.0,388.0,461.0,538.0,592.0,660.0,740.0,829.0,947.0,1063.0,1174.0,1292.0,1413.0,1544.0
99.0,3,10.0,15.0,16.0,31.0,56.0,78.0,95.0,109.0,126.0,141.0,184.0,222.0,256.0,284.0,311.0,336.0,359.0,380.0,400.0,418.0,435.0,451.0,466.0
99.0,4,16.0,26.0,33.0,66.0,111.0,153.0,188.0,220.0,265.0,401.0,579.0,750.0,908.0,1029.0,1158.0,1324.0,1499.0,1765.0,2015.0,2278.0,2504.0,2710.0,2831.0
100.0,1,1.0,3.0,4.0,7.0,11.0,15.0,19.0,23.0,38.0,54.0,77.0,99.0,121.0,141.0,164.0,188.0,211.0,236.0,272.0,303.0,337.0,366.0,391.0
100.0,2,0.0,1.0,1.0,3.0,5.0,9.0,11.0,13.0,19.0,25.0,32.0,38.0,44.0,48.0,54.0,61.0,68.0,78.0,87.0,97.0,106.0,116.0,127.0
100.0,3,0.0,1.0,1.0,2.0,4.0,6.0,7.0,9.0,10.0,11.0,15.0,18.0,21.0,23.0,25.0,27.0,29.0,31.0,33.0,34.0,35.0,37.0,38.0
100.0,4,1.0,2.0,2.0,5.0,9.0,12.0,15.0,18.0,21.0,33.0,47.0,61.0,75.0,85.0,95.0,109.0,123.0,145.0,166.0,188.0,206.0,223.0,233.0
101.0,1,28.0,51.0,65.0,120.0,184.0,244.0,297.0,364.0,589.0,842.0,1193.0,1536.0,1879.0,2192.0,2543.0,2909.0,3273.0,3655.0,4214.0,4687.0,5212.0,5673.0,6063.0
101.0,2,13.0,18.0,24.0,48.0,88.0,149.0,178.0,204.0,307.0,398.0,496.0,589.0,687.0,757.0,843.0,945.0,1059.0,1209.0,1357.0,1500.0,1650.0,1804.0,1971.0
101.0,3,14.0,19.0,21.0,40.0,71.0,100.0,121.0,139.0,161.0,180.0,235.0,284.0,327.0,364.0,398.0,429.0,459.0,485.0,511.0,534.0,555.0,577.0,596.0
101.0,4,20.0,34.0,42.0,84.0,142.0,195.0,240.0,282.0,339.0,512.0,739.0,958.0,1159.0,1314.0,1479.0,1690.0,1914.0,2254.0,2573.0,2909.0,3197.0,3461.0,3615.0
102.0,1,24.0,44.0,56.0,104.0,160.0,212.0,258.0,316.0,512.0,731.0,1036.0,1333.0,1632.0,1903.0,2208.0,2526.0,2842.0,3174.0,3659.0,4069.0,4526.0,4926.0,5264.0
102.0,2,11.0,16.0,21.0,41.0,76.0,129.0,154.0,177.0,267.0,345.0,431.0,511.0,596.0,657.0,732.0,821.0,919.0,1050.0,1178.0,1302.0,1433.0,1566.0,1712.0
102.0,3,12.0,17.0,18.0,34.0,62.0,87.0,105.0,120.0,140.0,156.0,204.0,246.0,284.0,315.0,345.0,373.0,398.0,421.0,443.0,463.0,482.0,501.0,517.0
102.0,4,17.0,29.0,37.0,73.0,123.0,169.0,208.0,245.0,294.0,444.0,642.0,831.0,1007.0,1141.0,1284.0,1468.0,1662.0,1957.0,2234.0,2526.0,2776.0,3005.0,3139.0
103.0,1,4.0,7.0,10.0,18.0,28.0,37.0,45.0,55.0,90.0,128.0,182.0,234.0,287.0,335.0,388.0,444.0,500.0,558.0,644.0,716.0,797.0,867.0,927.0
103.0,2,2.0,2.0,3.0,7.0,13.0,22.0,27.0,31.0,47.0,60.0,76.0,90.0,105.0,115.0,129.0,144.0,162.0,185.0,207.0,229.0,252.0,275.0,301.0
103.0,3,2.0,3.0,3.0,6.0,11.0,15.0,18.0,21.0,24.0,27.0,36.0,43.0,50.0,55.0,60.0,65.0,70.0,74.0,78.0,81.0,85.0,88.0,91.0
103.0,4,3.0,5.0,6.0,13.0,21.0,30.0,36.0,43.0,51.0,78.0,113.0,146.0,177.0,201.0,226.0,258.0,292.0,344.0,393.0,444.0,488.0,529.0,552.0
104.0,1,75.0,134.0,170.0,316.0,485.0,643.0,781.0,958.0,1552.0,2217.0,3142.0,4043.0,4948.0,5772.0,6696.0,7659.0,8618.0,9623.0,11095.0,12339.0,13723.0,14934.0,15961.0
104.0,2,34.0,49.0,64.0,126.0,231.0,393.0,468.0,536.0,809.0,1047.0,1307.0,1550.0,1808.0,1992.0,2219.0,2489.0,2787.0,3184.0,3573.0,3949.0,4344.0,4749.0,5190.0
104.0,3,36.0,51.0,56.0,105.0,188.0,263.0,319.0,366.0,425.0,475.0,619.0,747.0,860.0,957.0,1047.0,1130.0,1208.0,1278.0,1344.0,1405.0,1462.0,1518.0,1569.0
104.0,4,54.0,88.0,112.0,222.0,373.0,514.0,632.0,742.0,892.0,1347.0,1946.0,2522.0,3053.0,3460.0,3893.0,4451.0,5038.0,5934.0,6773.0,7659.0,8417.0,9111.0,9518.0
105.0,1,27.0,48.0,60.0,112.0,172.0,228.0,277.0,339.0,550.0,785.0,1112.0,1431.0,1752.0,2043.0,2370.0,2711.0,3050.0,3406.0,3927.0,4367.0,4857.0,5286.0,5649.0
105.0,2,12.0,18.0,23.0,45.0,82.0,139.0,166.0,190.0,287.0,371.0,463.0,549.0,640.0,705.0,786.0,881.0,987.0,1127.0,1265.0,1398.0,1538.0,1681.0,1837.0
105.0,3,13.0,18.0,20.0,38.0,67.0,93.0,113.0,130.0,151.0,168.0,219.0,265.0,305.0,339.0,371.0,400.0,428.0,453.0,476.0,498.0,518.0,538.0,556.0
105.0,4,19.0,32.0,40.0,79.0,132.0,182.0,224.0,263.0,316.0,477.0,689.0,893.0,1081.0,1225.0,1378.0,1575.0,1783.0,2101.0,2397.0,2711.0,2979.0,3225.0,3369.0
106.0,1,2.0,4.0,5.0,10.0,15.0,20.0,24.0,29.0,48.0,68.0,96.0,124.0,152.0,177.0,205.0,235.0,264.0,295.0,340.0,378.0,421.0,458.0,489.0
106.0,2,1.0,1.0,2.0,4.0,7.0,12.0,14.0,16.0,25.0,32.0,40.0,47.0,55.0,61.0,68.0,76.0,85.0,98.0,109.0,121.0,133.0,145.0,159.0
106.0,3,1.0,1.0,2.0,3.0,6.0,8.0,10.0,11.0,13.0,14.0,19.0,23.0,26.0,29.0,32.0,35.0,37.0,39.0,41.0,43.0,45.0,46.0,48.0
106.0,4,2.0,3.0,3.0,7.0,11.0,16.0,19.0,23.0,27.0,41.0,60.0,77.0,93.0,106.0,119.0,136.0,154.0,182.0,208.0,235.0,258.0,279.0,292.0
107.0,1,90.0,161.0,205.0,380.0,585.0,774.0,942.0,1154.0,1871.0,2672.0,3786.0,4873.0,5963.0,6956.0,8070.0,9230.0,10386.0,11598.0,13371.0,14871.0,16539.0,17999.0,19237.0
107.0,2,41.0,59.0,77.0,151.0,278.0,473.0,564.0,646.0,975.0,1262.0,1575.0,1869.0,2179.0,2401.0,2674.0,3000.0,3359.0,3838.0,4306.0,4759.0,5235.0,5724.0,6255.0
107.0,3,43.0,62.0,67.0,127.0,227.0,317.0,384.0,441.0,512.0,573.0,746.0,901.0,1037.0,1154.0,1262.0,1362.0,1456.0,1540.0,1620.0,1694.0,1762.0,1830.0,1891.0
107.0,4,65.0,107.0,135.0,268.0,450.0,619.0,762.0,894.0,1075.0,1624.0,2346.0,3039.0,3679.0,4170.0,4692.0,5364.0,6072.0,7152.0,8163.0,9231.0,10145.0,10981.0,11472.0
108.0,1,2.0,3.0,4.0,7.0,11.0,14.0,17.0,21.0,33.0,47.0,67.0,86.0,105.0,122.0,142.0,162.0,183.0,204.0,235.0,261.0,290.0,316.0,338.0
108.0,2,1.0,1.0,2.0,3.0,5.0,9.0,10.0,12.0,17.0,22.0,28.0,33.0,39.0,42.0,47.0,53.0,59.0,68.0,76.0,84.0,92.0,101.0,110.0
108.0,3,1.0,1.0,2.0,3.0,4.0,6.0,7.0,8.0,9.0,10.0,13.0,16.0,19.0,21.0,22.0,24.0,26.0,27.0,29.0,30.0,31.0,32.0,33.0
108.0,4,1.0,2.0,3.0,5.0,8.0,11.0,14.0,16.0,19.0,29.0,41.0,54.0,65.0,73.0,83.0,94.0,107.0,126.0,144.0,162.0,178.0,193.0,202.0
109.0,1,40.0,72.0,91.0,170.0,261.0,345.0,420.0,515.0,835.0,1192.0,1690.0,2174.0,2661.0,3104.0,3601.0,4119.0,4635.0,5175.0,5967.0,6636.0,7380.0,8032.0,8584.0
109.0,2,18.0,26.0,34.0,67.0,124.0,211.0,251.0,288.0,435.0,563.0,703.0,834.0,972.0,1071.0,1193.0,1339.0,1499.0,1712.0,1922.0,2124.0,2336.0,2554.0,2791.0
109.0,3,19.0,27.0,30.0,56.0,101.0,141.0,171.0,197.0,228.0,255.0,333.0,402.0,463.0,515.0,563.0,608.0,650.0,687.0,723.0,756.0,786.0,817.0,844.0
109.0,4,29.0,47.0,60.0,119.0,201.0,276.0,340.0,399.0,480.0,724.0,1047.0,1356.0,1642.0,1861.0,2094.0,2393.0,2710.0,3191.0,3642.0,4119.0,4527.0,4900.0,5119.0
110.0,1,37.0,67.0,85.0,158.0,243.0,322.0,392.0,480.0,778.0,1112.0,1576.0,2028.0,2482.0,2896.0,3359.0,3842.0,4324.0,4828.0,5567.0,6191.0,6885.0,7493.0,8009.0
110.0,2,17.0,24.0,32.0,63.0,115.0,197.0,234.0,269.0,406.0,525.0,655.0,778.0,907.0,999.0,1113.0,1249.0,1398.0,1597.0,1793.0,1981.0,2179.0,2383.0,2604.0
110.0,3,18.0,25.0,28.0,52.0,94.0,132.0,160.0,183.0,213.0,238.0,310.0,375.0,431.0,480.0,525.0,567.0,606.0,641.0,674.0,705.0,733.0,762.0,787.0
110.0,4,27.0,44.0,56.0,111.0,187.0,258.0,317.0,372.0,447.0,676.0,976.0,1265.0,1531.0,1736.0,1953.0,2233.0,2528.0,2977.0,3398.0,3843.0,4223.0,4571.0,4776.0
111.0,1,16.0,28.0,35.0,66.0,101.0,134.0,162.0,199.0,322.0,461.0,653.0,840.0,1028.0,1199.0,1391.0,1591.0,1790.0,1999.0,2304.0,2562.0,2850.0,3102.0,3315.0
111.0,2,7.0,10.0,13.0,26.0,48.0,82.0,97.0,111.0,168.0,218.0,271.0,322.0,376.0,414.0,461.0,517.0,579.0,661.0,742.0,820.0,902.0,986.0,1078.0
111.0,3,8.0,11.0,12.0,22.0,39.0,55.0,66.0,76.0,88.0,99.0,129.0,155.0,179.0,199.0,218.0,235.0,251.0,266.0,279.0,292.0,304.0,315.0,326.0
111.0,4,11.0,18.0,23.0,46.0,78.0,107.0,131.0,154.0,185.0,280.0,404.0,524.0,634.0,719.0,809.0,924.0,1046.0,1233.0,1407.0,1591.0,1748.0,1892.0,1977.0
112.0,1,75.0,134.0,170.0,317.0,488.0,646.0,786.0,963.0,1561.0,2230.0,3160.0,4067.0,4978.0,5806.0,6736.0,7705.0,8670.0,9682.0,11162.0,12413.0,13806.0,15025.0,16058.0
112.0,2,33.0,48.0,64.0,126.0,231.0,394.0,470.0,539.0,814.0,1053.0,1314.0,1559.0,1819.0,2004.0,2232.0,2504.0,2804.0,3203.0,3595.0,3972.0,4370.0,4778.0,5221.0
112.0,3,35.0,51.0,56.0,105.0,189.0,264.0,320.0,368.0,427.0,477.0,622.0,751.0,865.0,962.0,1053.0,1136.0,1215.0,1285.0,1352.0,1413.0,1471.0,1527.0,1578.0
112.0,4,53.0,88.0,112.0,223.0,375.0,517.0,635.0,746.0,897.0,1355.0,1958.0,2536.0,3071.0,3481.0,3916.0,4477.0,5069.0,5970.0,6814.0,7705.0,8468.0,9166.0,9576.0
113.0,1,13.0,22.0,28.0,52.0,80.0,106.0,129.0,158.0,255.0,365.0,517.0,665.0,813.0,949.0,1100.0,1259.0,1416.0,1581.0,1823.0,2027.0,2255.0,2454.0,2623.0
113.0,2,6.0,8.0,11.0,21.0,38.0,65.0,77.0,88.0,133.0,172.0,215.0,255.0,297.0,328.0,365.0,409.0,458.0,523.0,587.0,649.0,714.0,781.0,853.0
113.0,3,6.0,9.0,10.0,18.0,31.0,44.0,53.0,60.0,70.0,78.0,102.0,123.0,142.0,158.0,172.0,186.0,199.0,210.0,221.0,231.0,241.0,250.0,258.0
113.0,4,9.0,15.0,19.0,37.0,62.0,85.0,104.0,122.0,147.0,222.0,320.0,415.0,502.0,569.0,640.0,732.0,828.0,975.0,1113.0,1259.0,1383.0,1497.0,1564.0
114.0,1,35.0,62.0,79.0,146.0,225.0,298.0,362.0,444.0,720.0,1028.0,1456.0,1874.0,2293.0,2675.0,3103.0,3550.0,3994.0,4460.0,5142.0,5719.0,6360.0,6922.0,7398.0
114.0,2,16.0,23.0,30.0,58.0,107.0,182.0,217.0,249.0,375.0,486.0,606.0,719.0,838.0,923.0,1029.0,1154.0,1292.0,1476.0,1656.0,1830.0,2013.0,2201.0,2406.0
114.0,3,17.0,24.0,26.0,49.0,87.0,122.0,148.0,170.0,197.0,220.0,287.0,347.0,399.0,444.0,485.0,524.0,560.0,593.0,623.0,652.0,678.0,704.0,727.0
114.0,4,25.0,41.0,52.0,103.0,173.0,238.0,293.0,344.0,414.0,625.0,902.0,1169.0,1415.0,1604.0,1804.0,2063.0,2335.0,2751.0,3139.0,3550.0,3901.0,4223.0,4412.0
115.0,1,55.0,98.0,125.0,231.0,355.0,471.0,572.0,702.0,1137.0,1624.0,2301.0,2961.0,3624.0,4227.0,4904.0,5609.0,6311.0,7047.0,8125.0,9036.0,10049.0,10937.0,11689.0
115.0,2,25.0,36.0,47.0,92.0,169.0,288.0,343.0,393.0,593.0,767.0,957.0,1136.0,1324.0,1459.0,1625.0,1823.0,2041.0,2332.0,2617.0,2892.0,3181.0,3478.0,3801.0
115.0,3,26.0,38.0,41.0,77.0,138.0,193.0,234.0,268.0,311.0,348.0,454.0,547.0,630.0,701.0,767.0,828.0,885.0,936.0,985.0,1029.0,1071.0,1112.0,1149.0
115.0,4,0.0,0.0,0.0,0.0,0.0,0.0,0.0,0.0,0.0,0.0,0.0,0.0,0.0,0.0,0.0,0.0,0.0,0.0,0.0,0.0,0.0,0.0,0.0
116.0,1,38.0,68.0,87.0,161.0,248.0,329.0,400.0,491.0,796.0,1137.0,1612.0,2074.0,2539.0,2962.0,3436.0,3930.0,4422.0,4938.0,5693.0,6332.0,7042.0,7664.0,8191.0
116.0,2,17.0,24.0,32.0,64.0,118.0,201.0,239.0,275.0,415.0,537.0,670.0,795.0,927.0,1022.0,1138.0,1277.0,1430.0,1634.0,1833.0,2026.0,2229.0,2437.0,2663.0
116.0,3,18.0,26.0,28.0,53.0,96.0,134.0,163.0,187.0,217.0,243.0,317.0,383.0,441.0,491.0,537.0,579.0,619.0,655.0,689.0,721.0,750.0,779.0,804.0
116.0,4,27.0,45.0,57.0,113.0,191.0,263.0,324.0,380.0,457.0,691.0,998.0,1294.0,1566.0,1775.0,1997.0,2284.0,2585.0,3045.0,3475.0,3930.0,4319.0,4675.0,4885.0
117.0,1,26.0,45.0,58.0,107.0,164.0,217.0,264.0,323.0,524.0,748.0,1060.0,1364.0,1669.0,1947.0,2259.0,2583.0,2907.0,3246.0,3742.0,4162.0,4629.0,5037.0,5384.0
117.0,2,12.0,17.0,22.0,43.0,78.0,133.0,158.0,181.0,273.0,353.0,441.0,523.0,610.0,672.0,749.0,840.0,940.0,1074.0,1205.0,1332.0,1465.0,1602.0,1751.0
117.0,3,12.0,17.0,19.0,36.0,64.0,89.0,108.0,124.0,143.0,160.0,209.0,252.0,290.0,323.0,353.0,381.0,408.0,431.0,454.0,474.0,493.0,512.0,529.0
117.0,4,18.0,30.0,38.0,75.0,126.0,174.0,213.0,251.0,301.0,455.0,657.0,851.0,1030.0,1167.0,1313.0,1501.0,1700.0,2002.0,2285.0,2583.0,2839.0,3073.0,3211.0
118.0,1,0.0,0.0,0.0,0.0,0.0,0.0,0.0,0.0,0.0,0.0,0.0,0.0,0.0,0.0,0.0,0.0,0.0,0.0,0.0,0.0,0.0,0.0,0.0
118.0,2,0.0,0.0,0.0,0.0,0.0,0.0,0.0,0.0,0.0,0.0,0.0,0.0,0.0,0.0,0.0,0.0,0.0,0.0,0.0,0.0,0.0,0.0,0.0
118.0,3,0.0,0.0,0.0,0.0,0.0,0.0,0.0,0.0,0.0,0.0,0.0,0.0,0.0,0.0,0.0,0.0,0.0,0.0,0.0,0.0,0.0,0.0,0.0
118.0,4,0.0,0.0,0.0,0.0,0.0,0.0,0.0,0.0,0.0,0.0,0.0,0.0,0.0,0.0,0.0,0.0,0.0,0.0,0.0,0.0,0.0,0.0,0.0
119.0,1,49.0,88.0,112.0,208.0,319.0,423.0,515.0,631.0,1023.0,1461.0,2071.0,2665.0,3261.0,3804.0,4413.0,5048.0,5680.0,6343.0,7313.0,8133.0,9046.0,9844.0,10521.0
119.0,2,22.0,32.0,42.0,82.0,152.0,258.0,308.0,353.0,533.0,690.0,861.0,1022.0,1191.0,1313.0,1462.0,1640.0,1837.0,2099.0,2355.0,2603.0,2863.0,3130.0,3421.0
119.0,3,23.0,33.0,36.0,69.0,124.0,173.0,210.0,241.0,279.0,313.0,408.0,492.0,567.0,631.0,690.0,745.0,796.0,842.0,886.0,926.0,963.0,1001.0,1034.0
119.0,4,15.0,25.0,32.0,64.0,109.0,150.0,184.0,217.0,260.0,394.0,569.0,737.0,893.0,1012.0,1139.0,1302.0,1474.0,1736.0,1981.0,2241.0,2463.0,2666.0,2785.0
120.0,1,1.0,2.0,2.0,4.0,6.0,8.0,10.0,12.0,20.0,29.0,41.0,53.0,65.0,76.0,88.0,101.0,114.0,127.0,146.0,163.0,181.0,197.0,211.0
120.0,2,0.0,0.0,1.0,1.0,3.0,5.0,6.0,7.0,11.0,14.0,17.0,20.0,24.0,26.0,29.0,33.0,37.0,42.0,47.0,52.0,57.0,63.0,68.0
120.0,3,0.0,1.0,1.0,1.0,2.0,3.0,4.0,5.0,5.0,6.0,8.0,10.0,11.0,12.0,14.0,15.0,16.0,17.0,18.0,18.0,19.0,20.0,21.0
120.0,4,1.0,1.0,1.0,3.0,5.0,7.0,8.0,10.0,12.0,18.0,26.0,33.0,40.0,46.0,51.0,59.0,66.0,78.0,89.0,101.0,111.0,120.0,126.0
121.0,1,2.0,3.0,4.0,8.0,13.0,17.0,21.0,26.0,42.0,61.0,86.0,111.0,136.0,159.0,184.0,210.0,237.0,265.0,305.0,339.0,377.0,411.0,439.0
121.0,2,1.0,1.0,1.0,3.0,6.0,11.0,13.0,14.0,22.0,29.0,36.0,42.0,49.0,55.0,61.0,68.0,76.0,87.0,98.0,108.0,119.0,130.0,143.0
121.0,3,1.0,1.0,1.0,3.0,5.0,7.0,9.0,10.0,11.0,13.0,17.0,20.0,23.0,26.0,29.0,31.0,33.0,35.0,37.0,38.0,40.0,42.0,43.0
121.0,4,1.0,2.0,3.0,6.0,10.0,14.0,17.0,20.0,24.0,37.0,53.0,69.0,84.0,95.0,107.0,122.0,138.0,163.0,186.0,210.0,231.0,250.0,262.0
122.0,1,21.0,38.0,48.0,90.0,138.0,183.0,223.0,273.0,442.0,631.0,895.0,1152.0,1409.0,1644.0,1907.0,2181.0,2454.0,2741.0,3160.0,3514.0,3908.0,4253.0,4546.0
122.0,2,10.0,14.0,18.0,36.0,66.0,112.0,133.0,153.0,230.0,298.0,372.0,442.0,515.0,567.0,632.0,709.0,794.0,907.0,1018.0,1125.0,1237.0,1353.0,1478.0
122.0,3,10.0,15.0,16.0,30.0,54.0,75.0,91.0,104.0,121.0,135.0,176.0,213.0,245.0,273.0,298.0,322.0,344.0,364.0,383.0,400.0,416.0,432.0,447.0
122.0,4,15.0,25.0,32.0,63.0,106.0,146.0,180.0,211.0,254.0,384.0,554.0,718.0,869.0,985.0,1109.0,1268.0,1435.0,1690.0,1929.0,2181.0,2397.0,2595.0,2711.0
123.0,1,26.0,46.0,59.0,109.0,168.0,223.0,271.0,332.0,538.0,768.0,1089.0,1401.0,1715.0,2000.0,2320.0,2654.0,2987.0,3335.0,3845.0,4276.0,4756.0,5176.0,5531.0
123.0,2,12.0,17.0,22.0,43.0,80.0,136.0,162.0,186.0,280.0,363.0,453.0,537.0,626.0,690.0,769.0,863.0,966.0,1103.0,1238.0,1368.0,1505.0,1646.0,1799.0
123.0,3,12.0,18.0,19.0,36.0,65.0,91.0,110.0,127.0,147.0,164.0,214.0,259.0,298.0,332.0,363.0,391.0,419.0,443.0,466.0,487.0,507.0,526.0,544.0
123.0,4,18.0,31.0,39.0,77.0,129.0,178.0,219.0,257.0,309.0,467.0,674.0,874.0,1058.0,1199.0,1349.0,1542.0,1746.0,2056.0,2347.0,2654.0,2917.0,3157.0,3299.0
124.0,1,41.0,73.0,93.0,172.0,265.0,351.0,428.0,524.0,850.0,1214.0,1720.0,2214.0,2710.0,3161.0,3667.0,4194.0,4720.0,5270.0,6076.0,6758.0,7516.0,8179.0,8742.0
124.0,2,18.0,26.0,34.0,68.0,126.0,214.0,256.0,293.0,443.0,573.0,715.0,849.0,990.0,1091.0,1215.0,1363.0,1526.0,1744.0,1957.0,2162.0,2379.0,2601.0,2842.0
124.0,3,19.0,28.0,30.0,57.0,103.0,144.0,174.0,200.0,232.0,260.0,339.0,409.0,471.0,524.0,573.0,619.0,661.0,700.0,736.0,769.0,800.0,831.0,859.0
124.0,4,29.0,48.0,61.0,121.0,204.0,281.0,346.0,406.0,488.0,737.0,1066.0,1381.0,1672.0,1895.0,2132.0,2437.0,2759.0,3250.0,3709.0,4194.0,4610.0,4990.0,5213.0
125.0,1,39.0,69.0,88.0,163.0,251.0,333.0,405.0,496.0,805.0,1149.0,1629.0,2096.0,2566.0,2993.0,3472.0,3971.0,4469.0,4990.0,5753.0,6398.0,7116.0,7744.0,8277.0
125.0,2,17.0,25.0,33.0,65.0,119.0,203.0,242.0,278.0,419.0,543.0,677.0,804.0,937.0,1033.0,1150.0,1291.0,1445.0,1651.0,1853.0,2047.0,2252.0,2463.0,2691.0
125.0,3,18.0,26.0,29.0,54.0,97.0,136.0,165.0,189.0,220.0,246.0,321.0,387.0,446.0,496.0,543.0,586.0,626.0,662.0,697.0,728.0,758.0,787.0,813.0
125.0,4,27.0,46.0,58.0,115.0,193.0,266.0,327.0,384.0,462.0,698.0,1009.0,1307.0,1583.0,1794.0,2018.0,2308.0,2612.0,3077.0,3512.0,3971.0,4365.0,4724.0,4936.0
126.0,1,16.0,28.0,36.0,66.0,102.0,135.0,164.0,201.0,326.0,466.0,660.0,849.0,1039.0,1212.0,1406.0,1608.0,1810.0,2021.0,2329.0,2591.0,2881.0,3136.0,3351.0
126.0,2,7.0,10.0,14.0,27.0,49.0,83.0,98.0,113.0,170.0,220.0,275.0,326.0,380.0,418.0,466.0,523.0,585.0,669.0,750.0,829.0,912.0,997.0,1090.0
126.0,3,8.0,11.0,12.0,22.0,40.0,56.0,67.0,77.0,89.0,100.0,130.0,157.0,181.0,201.0,220.0,237.0,254.0,269.0,282.0,295.0,307.0,319.0,330.0
126.0,4,11.0,19.0,24.0,47.0,79.0,108.0,133.0,156.0,187.0,283.0,409.0,530.0,641.0,727.0,818.0,935.0,1058.0,1246.0,1422.0,1608.0,1767.0,1913.0,1999.0
127.0,1,38.0,68.0,87.0,161.0,249.0,329.0,401.0,491.0,797.0,1138.0,1613.0,2076.0,2541.0,2964.0,3439.0,3934.0,4426.0,4943.0,5699.0,6338.0,7049.0,7671.0,8199.0
127.0,2,17.0,24.0,32.0,64.0,118.0,201.0,240.0,275.0,415.0,537.0,671.0,796.0,928.0,1023.0,1139.0,1278.0,1431.0,1635.0,1835.0,2028.0,2231.0,2439.0,2666.0
127.0,3,18.0,26.0,28.0,53.0,96.0,135.0,163.0,187.0,217.0,243.0,317.0,383.0,441.0,491.0,537.0,580.0,620.0,656.0,690.0,721.0,751.0,779.0,805.0
127.0,4,0.0,0.0,0.0,0.0,0.0,0.0,0.0,0.0,0.0,0.0,0.0,0.0,0.0,0.0,0.0,0.0,0.0,0.0,0.0,0.0,0.0,0.0,0.0
128.0,1,43.0,77.0,98.0,182.0,280.0,371.0,452.0,554.0,898.0,1283.0,1818.0,2340.0,2864.0,3341.0,3875.0,4433.0,4988.0,5570.0,6422.0,7142.0,7943.0,8644.0,9239.0
128.0,2,19.0,28.0,36.0,72.0,133.0,227.0,270.0,310.0,468.0,606.0,756.0,897.0,1046.0,1153.0,1284.0,1440.0,1613.0,1843.0,2068.0,2285.0,2514.0,2749.0,3004.0
128.0,3,20.0,29.0,32.0,60.0,108.0,152.0,184.0,211.0,245.0,274.0,358.0,432.0,497.0,554.0,606.0,654.0,699.0,739.0,778.0,813.0,846.0,878.0,908.0
128.0,4,0.0,0.0,0.0,0.0,0.0,0.0,0.0,0.0,0.0,0.0,0.0,0.0,0.0,0.0,0.0,0.0,0.0,0.0,0.0,0.0,0.0,0.0,0.0
