1.0,1,0.0,0.0,0.0,0.0,0.0,0.0,0.0,0.0,0.0,0.0,0.0,0.0,0.0,0.0,0.0,0.0,0.0,0.0,0.0,0.0,0.0,0.0,0.0
1.0,2,0.0,0.0,0.0,0.0,0.0,0.0,0.0,0.0,0.0,0.0,0.0,0.0,0.0,0.0,0.0,0.0,0.0,0.0,0.0,0.0,0.0,0.0,0.0
1.0,3,0.0,0.0,0.0,0.0,0.0,0.0,0.0,0.0,0.0,0.0,0.0,0.0,0.0,0.0,0.0,0.0,0.0,0.0,0.0,0.0,0.0,0.0,0.0
1.0,4,0.0,0.0,0.0,0.0,0.0,0.0,0.0,0.0,0.0,0.0,0.0,0.0,0.0,0.0,0.0,0.0,0.0,0.0,0.0,0.0,0.0,0.0,0.0
2.0,1,0.0,0.0,0.15,0.29,0.44,0.62,0.82,1.04,1.39,2.32,3.35,4.51,5.68,6.99,8.34,10.61,14.42,18.22,22.31,25.9,28.89,30.0,30.56
2.0,2,0.0,0.0,0.13,0.25,0.37,0.5,0.62,0.75,0.98,1.66,2.37,3.11,3.79,4.42,4.93,6.23,8.67,11.39,15.66,20.34,24.04,26.86,28.06
2.0,3,0.0,0.0,0.13,0.25,0.37,0.5,0.62,0.75,0.98,1.66,2.37,3.11,3.79,4.42,4.93,6.23,8.67,11.39,15.66,20.34,24.04,26.86,28.06
2.0,4,0.0,0.0,0.17,0.33,0.52,0.76,1.01,1.27,1.69,2.78,3.99,5.35,6.86,8.57,10.23,12.93,17.63,21.9,25.71,28.94,32.17,35.72,37.82
3.0,1,0.0,0.0,0.15,0.29,0.44,0.62,0.82,1.04,1.39,2.32,3.35,4.51,5.68,6.99,8.34,10.61,14.42,18.22,22.31,25.9,28.89,30.0,30.56
3.0,2,0.0,0.0,0.13,0.25,0.37,0.5,0.62,0.75,0.98,1.66,2.37,3.11,3.79,4.42,4.93,6.23,8.67,11.39,15.66,20.34,24.04,26.86,28.06
3.0,3,0.0,0.0,0.13,0.25,0.37,0.5,0.62,0.75,0.98,1.66,2.37,3.11,3.79,4.42,4.93,6.23,8.67,11.39,15.66,20.34,24.04,26.86,28.06
3.0,4,0.0,0.0,0.17,0.33,0.52,0.76,1.01,1.27,1.69,2.78,3.99,5.35,6.86,8.57,10.23,12.93,17.63,21.9,25.71,28.94,32.17,35.72,37.82
4.0,1,0.0,0.0,0.02,0.03,0.05,0.07,0.1,0.12,0.16,0.27,0.39,0.52,0.66,0.81,0.97,1.23,1.68,2.12,2.59,3.01,3.36,3.49,3.55
4.0,2,0.0,0.0,0.01,0.03,0.04,0.06,0.07,0.09,0.11,0.19,0.28,0.36,0.44,0.51,0.57,0.72,1.01,1.32,1.82,2.37,2.8,3.12,3.26
4.0,3,0.0,0.0,0.01,0.03,0.04,0.06,0.07,0.09,0.11,0.19,0.28,0.36,0.44,0.51,0.57,0.72,1.01,1.32,1.82,2.37,2.8,3.12,3.26
4.0,4,0.0,0.0,0.02,0.04,0.06,0.09,0.12,0.15,0.2,0.32,0.46,0.62,0.8,1.0,1.19,1.5,2.05,2.55,2.99,3.37,3.74,4.15,4.4
5.0,1,0.0,0.0,0.15,0.29,0.44,0.62,0.82,1.04,1.39,2.32,3.35,4.51,5.68,6.99,8.34,10.61,14.42,18.22,22.31,25.9,28.89,30.0,30.56
5.0,2,0.0,0.0,0.13,0.25,0.37,0.5,0.62,0.75,0.98,1.66,2.37,3.11,3.79,4.42,4.93,6.23,8.67,11.39,15.66,20.34,24.04,26.86,28.06
5.0,3,0.0,0.0,0.13,0.25,0.37,0.5,0.62,0.75,0.98,1.66,2.37,3.11,3.79,4.42,4.93,6.23,8.67,11.39,15.66,20.34,24.04,26.86,28.06
5.0,4,0.0,0.0,0.17,0.33,0.52,0.76,1.01,1.27,1.69,2.78,3.99,5.35,6.86,8.57,10.23,12.93,17.63,21.9,25.71,28.94,32.17,35.72,37.82
6.0,1,0.0,0.0,0.0,0.0,0.0,0.0,0.0,0.0,0.0,0.0,0.0,0.0,0.0,0.0,0.0,0.0,0.0,0.0,0.0,0.0,0.0,0.0,0.0
6.0,2,0.0,0.0,0.0,0.0,0.0,0.0,0.0,0.0,0.0,0.0,0.0,0.0,0.0,0.0,0.0,0.0,0.0,0.0,0.0,0.0,0.0,0.0,0.0
6.0,3,0.0,0.0,0.0,0.0,0.0,0.0,0.0,0.0,0.0,0.0,0.0,0.0,0.0,0.0,0.0,0.0,0.0,0.0,0.0,0.0,0.0,0.0,0.0
6.0,4,0.0,0.0,0.0,0.0,0.0,0.0,0.0,0.0,0.0,0.0,0.0,0.0,0.0,0.0,0.0,0.0,0.0,0.0,0.0,0.0,0.0,0.0,0.0
7.0,1,0.0,0.0,0.02,0.03,0.05,0.07,0.1,0.12,0.16,0.27,0.39,0.52,0.66,0.81,0.97,1.23,1.68,2.12,2.59,3.01,3.36,3.49,3.55
7.0,2,0.0,0.0,0.01,0.03,0.04,0.06,0.07,0.09,0.11,0.19,0.28,0.36,0.44,0.51,0.57,0.72,1.01,1.32,1.82,2.37,2.8,3.12,3.26
7.0,3,0.0,0.0,0.01,0.03,0.04,0.06,0.07,0.09,0.11,0.19,0.28,0.36,0.44,0.51,0.57,0.72,1.01,1.32,1.82,2.37,2.8,3.12,3.26
7.0,4,0.0,0.0,0.02,0.04,0.06,0.09,0.12,0.15,0.2,0.32,0.46,0.62,0.8,1.0,1.19,1.5,2.05,2.55,2.99,3.37,3.74,4.15,4.4
8.0,1,0.0,0.0,0.02,0.03,0.05,0.07,0.1,0.12,0.16,0.27,0.39,0.52,0.66,0.81,0.97,1.23,1.68,2.12,2.59,3.01,3.36,3.49,3.55
8.0,2,0.0,0.0,0.01,0.03,0.04,0.06,0.07,0.09,0.11,0.19,0.28,0.36,0.44,0.51,0.57,0.72,1.01,1.32,1.82,2.37,2.8,3.12,3.26
8.0,3,0.0,0.0,0.01,0.03,0.04,0.06,0.07,0.09,0.11,0.19,0.28,0.36,0.44,0.51,0.57,0.72,1.01,1.32,1.82,2.37,2.8,3.12,3.26
8.0,4,0.0,0.0,0.02,0.04,0.06,0.09,0.12,0.15,0.2,0.32,0.46,0.62,0.8,1.0,1.19,1.5,2.05,2.55,2.99,3.37,3.74,4.15,4.4
9.0,1,0.0,0.0,0.02,0.03,0.05,0.07,0.1,0.12,0.16,0.27,0.39,0.52,0.66,0.81,0.97,1.23,1.68,2.12,2.59,3.01,3.36,3.49,3.55
9.0,2,0.0,0.0,0.01,0.03,0.04,0.06,0.07,0.09,0.11,0.19,0.28,0.36,0.44,0.51,0.57,0.72,1.01,1.32,1.82,2.37,2.8,3.12,3.26
9.0,3,0.0,0.0,0.01,0.03,0.04,0.06,0.07,0.09,0.11,0.19,0.28,0.36,0.44,0.51,0.57,0.72,1.01,1.32,1.82,2.37,2.8,3.12,3.26
9.0,4,0.0,0.0,0.02,0.04,0.06,0.09,0.12,0.15,0.2,0.32,0.46,0.62,0.8,1.0,1.19,1.5,2.05,2.55,2.99,3.37,3.74,4.15,4.4
10.0,1,0.0,0.0,0.02,0.03,0.05,0.07,0.1,0.12,0.16,0.27,0.39,0.52,0.66,0.81,0.97,1.23,1.68,2.12,2.59,3.01,3.36,3.49,3.55
10.0,2,0.0,0.0,0.01,0.03,0.04,0.06,0.07,0.09,0.11,0.19,0.28,0.36,0.44,0.51,0.57,0.72,1.01,1.32,1.82,2.37,2.8,3.12,3.26
10.0,3,0.0,0.0,0.01,0.03,0.04,0.06,0.07,0.09,0.11,0.19,0.28,0.36,0.44,0.51,0.57,0.72,1.01,1.32,1.82,2.37,2.8,3.12,3.26
10.0,4,0.0,0.0,0.02,0.04,0.06,0.09,0.12,0.15,0.2,0.32,0.46,0.62,0.8,1.0,1.19,1.5,2.05,2.55,2.99,3.37,3.74,4.15,4.4
11.0,1,0.0,0.0,0.02,0.03,0.05,0.07,0.1,0.12,0.16,0.27,0.39,0.52,0.66,0.81,0.97,1.23,1.68,2.12,2.59,3.01,3.36,3.49,3.55
11.0,2,0.0,0.0,0.01,0.03,0.04,0.06,0.07,0.09,0.11,0.19,0.28,0.36,0.44,0.51,0.57,0.72,1.01,1.32,1.82,2.37,2.8,3.12,3.26
11.0,3,0.0,0.0,0.01,0.03,0.04,0.06,0.07,0.09,0.11,0.19,0.28,0.36,0.44,0.51,0.57,0.72,1.01,1.32,1.82,2.37,2.8,3.12,3.26
11.0,4,0.0,0.0,0.02,0.04,0.06,0.09,0.12,0.15,0.2,0.32,0.46,0.62,0.8,1.0,1.19,1.5,2.05,2.55,2.99,3.37,3.74,4.15,4.4
12.0,1,0.0,0.0,0.0,0.0,0.0,0.0,0.0,0.0,0.0,0.0,0.0,0.0,0.0,0.0,0.0,0.0,0.0,0.0,0.0,0.0,0.0,0.0,0.0
12.0,2,0.0,0.0,0.0,0.0,0.0,0.0,0.0,0.0,0.0,0.0,0.0,0.0,0.0,0.0,0.0,0.0,0.0,0.0,0.0,0.0,0.0,0.0,0.0
12.0,3,0.0,0.0,0.0,0.0,0.0,0.0,0.0,0.0,0.0,0.0,0.0,0.0,0.0,0.0,0.0,0.0,0.0,0.0,0.0,0.0,0.0,0.0,0.0
12.0,4,0.0,0.0,0.0,0.0,0.0,0.0,0.0,0.0,0.0,0.0,0.0,0.0,0.0,0.0,0.0,0.0,0.0,0.0,0.0,0.0,0.0,0.0,0.0
13.0,1,0.0,0.0,0.02,0.03,0.05,0.07,0.1,0.12,0.16,0.27,0.39,0.52,0.66,0.81,0.97,1.23,1.68,2.12,2.59,3.01,3.36,3.49,3.55
13.0,2,0.0,0.0,0.01,0.03,0.04,0.06,0.07,0.09,0.11,0.19,0.28,0.36,0.44,0.51,0.57,0.72,1.01,1.32,1.82,2.37,2.8,3.12,3.26
13.0,3,0.0,0.0,0.01,0.03,0.04,0.06,0.07,0.09,0.11,0.19,0.28,0.36,0.44,0.51,0.57,0.72,1.01,1.32,1.82,2.37,2.8,3.12,3.26
13.0,4,0.0,0.0,0.02,0.04,0.06,0.09,0.12,0.15,0.2,0.32,0.46,0.62,0.8,1.0,1.19,1.5,2.05,2.55,2.99,3.37,3.74,4.15,4.4
14.0,1,0.0,0.0,0.02,0.03,0.05,0.07,0.1,0.12,0.16,0.27,0.39,0.52,0.66,0.81,0.97,1.23,1.68,2.12,2.59,3.01,3.36,3.49,3.55
14.0,2,0.0,0.0,0.01,0.03,0.04,0.06,0.07,0.09,0.11,0.19,0.28,0.36,0.44,0.51,0.57,0.72,1.01,1.32,1.82,2.37,2.8,3.12,3.26
14.0,3,0.0,0.0,0.01,0.03,0.04,0.06,0.07,0.09,0.11,0.19,0.28,0.36,0.44,0.51,0.57,0.72,1.01,1.32,1.82,2.37,2.8,3.12,3.26
14.0,4,0.0,0.0,0.02,0.04,0.06,0.09,0.12,0.15,0.2,0.32,0.46,0.62,0.8,1.0,1.19,1.5,2.05,2.55,2.99,3.37,3.74,4.15,4.4
15.0,1,0.0,0.0,0.15,0.29,0.44,0.62,0.82,1.04,1.39,2.32,3.35,4.51,5.68,6.99,8.34,10.61,14.42,18.22,22.31,25.9,28.89,30.0,30.56
15.0,2,0.0,0.0,0.13,0.25,0.37,0.5,0.62,0.75,0.98,1.66,2.37,3.11,3.79,4.42,4.93,6.23,8.67,11.39,15.66,20.34,24.04,26.86,28.06
15.0,3,0.0,0.0,0.13,0.25,0.37,0.5,0.62,0.75,0.98,1.66,2.37,3.11,3.79,4.42,4.93,6.23,8.67,11.39,15.66,20.34,24.04,26.86,28.06
15.0,4,0.0,0.0,0.17,0.33,0.52,0.76,1.01,1.27,1.69,2.78,3.99,5.35,6.86,8.57,10.23,12.93,17.63,21.9,25.71,28.94,32.17,35.72,37.82
16.0,1,1.17,1.8600000000000003,2.01,2.1500000000000004,2.3,2.4800000000000004,2.6900000000000004,2.9000000000000004,3.25,4.18,5.220000000000001,6.369999999999999,7.550000000000001,8.85,10.2,12.48,16.28,20.09,24.17,27.76,30.759999999999998,31.869999999999997,32.42
16.0,2,1.04,1.6399999999999997,1.7599999999999998,1.8899999999999997,2.01,2.13,2.26,2.38,2.62,3.3,4.0,4.75,5.42,6.050000000000001,6.5600000000000005,7.859999999999999,10.31,13.030000000000001,17.29,21.98,25.68,28.490000000000002,29.689999999999998
16.0,3,1.04,1.6399999999999997,1.7599999999999998,1.8899999999999997,2.01,2.13,2.26,2.38,2.62,3.3,4.0,4.75,5.42,6.050000000000001,6.5600000000000005,7.859999999999999,10.31,13.030000000000001,17.29,21.98,25.68,28.490000000000002,29.689999999999998
16.0,4,1.29,2.09,2.26,2.42,2.6100000000000003,2.84,3.09,3.3600000000000003,3.7800000000000002,4.869999999999999,6.08,7.4399999999999995,8.95,10.65,12.32,15.02,19.72,23.99,27.8,31.03,34.26,37.8,39.91
17.0,1,0.0,0.0,0.0,0.0,0.0,0.0,0.0,0.0,0.0,0.0,0.0,0.0,0.0,0.0,0.0,0.0,0.0,0.0,0.0,0.0,0.0,0.0,0.0
17.0,2,0.0,0.0,0.0,0.0,0.0,0.0,0.0,0.0,0.0,0.0,0.0,0.0,0.0,0.0,0.0,0.0,0.0,0.0,0.0,0.0,0.0,0.0,0.0
17.0,3,0.0,0.0,0.0,0.0,0.0,0.0,0.0,0.0,0.0,0.0,0.0,0.0,0.0,0.0,0.0,0.0,0.0,0.0,0.0,0.0,0.0,0.0,0.0
17.0,4,0.0,0.0,0.0,0.0,0.0,0.0,0.0,0.0,0.0,0.0,0.0,0.0,0.0,0.0,0.0,0.0,0.0,0.0,0.0,0.0,0.0,0.0,0.0
18.0,1,0.0,0.0,0.02,0.03,0.05,0.07,0.1,0.12,0.16,0.27,0.39,0.52,0.66,0.81,0.97,1.23,1.68,2.12,2.59,3.01,3.36,3.49,3.55
18.0,2,0.0,0.0,0.01,0.03,0.04,0.06,0.07,0.09,0.11,0.19,0.28,0.36,0.44,0.51,0.57,0.72,1.01,1.32,1.82,2.37,2.8,3.12,3.26
18.0,3,0.0,0.0,0.01,0.03,0.04,0.06,0.07,0.09,0.11,0.19,0.28,0.36,0.44,0.51,0.57,0.72,1.01,1.32,1.82,2.37,2.8,3.12,3.26
18.0,4,0.0,0.0,0.02,0.04,0.06,0.09,0.12,0.15,0.2,0.32,0.46,0.62,0.8,1.0,1.19,1.5,2.05,2.55,2.99,3.37,3.74,4.15,4.4
19.0,1,0.0,0.0,0.02,0.03,0.05,0.07,0.1,0.12,0.16,0.27,0.39,0.52,0.66,0.81,0.97,1.23,1.68,2.12,2.59,3.01,3.36,3.49,3.55
19.0,2,0.0,0.0,0.01,0.03,0.04,0.06,0.07,0.09,0.11,0.19,0.28,0.36,0.44,0.51,0.57,0.72,1.01,1.32,1.82,2.37,2.8,3.12,3.26
19.0,3,0.0,0.0,0.01,0.03,0.04,0.06,0.07,0.09,0.11,0.19,0.28,0.36,0.44,0.51,0.57,0.72,1.01,1.32,1.82,2.37,2.8,3.12,3.26
19.0,4,0.0,0.0,0.02,0.04,0.06,0.09,0.12,0.15,0.2,0.32,0.46,0.62,0.8,1.0,1.19,1.5,2.05,2.55,2.99,3.37,3.74,4.15,4.4
20.0,1,1.46,2.33,2.4699999999999998,2.6100000000000003,2.7699999999999996,2.95,3.1500000000000004,3.3599999999999994,3.7200000000000006,4.640000000000001,5.68,6.84,8.01,9.32,10.66,12.940000000000001,16.74,20.55,24.64,28.22,31.22,32.33,32.89
20.0,2,1.2999999999999998,2.04,2.17,2.29,2.42,2.54,2.67,2.79,3.0299999999999994,3.6999999999999993,4.41,5.16,5.83,6.460000000000001,6.970000000000001,8.27,10.72,13.440000000000001,17.7,22.38,26.09,28.9,30.1
20.0,3,1.2999999999999998,2.04,2.17,2.29,2.42,2.54,2.67,2.79,3.0299999999999994,3.6999999999999993,4.41,5.16,5.83,6.460000000000001,6.970000000000001,8.27,10.72,13.440000000000001,17.7,22.38,26.09,28.9,30.1
20.0,4,1.6100000000000003,2.6100000000000003,2.7800000000000002,2.9400000000000004,3.130000000000001,3.369999999999999,3.619999999999999,3.880000000000001,4.300000000000001,5.390000000000001,6.6,7.960000000000001,9.47,11.170000000000002,12.84,15.54,20.24,24.51,28.32,31.549999999999997,34.78,38.32,40.43
21.0,1,0.0,0.0,0.0,0.0,0.0,0.0,0.0,0.0,0.0,0.0,0.0,0.0,0.0,0.0,0.0,0.0,0.0,0.0,0.0,0.0,0.0,0.0,0.0
21.0,2,0.0,0.0,0.0,0.0,0.0,0.0,0.0,0.0,0.0,0.0,0.0,0.0,0.0,0.0,0.0,0.0,0.0,0.0,0.0,0.0,0.0,0.0,0.0
21.0,3,0.0,0.0,0.0,0.0,0.0,0.0,0.0,0.0,0.0,0.0,0.0,0.0,0.0,0.0,0.0,0.0,0.0,0.0,0.0,0.0,0.0,0.0,0.0
21.0,4,0.0,0.0,0.0,0.0,0.0,0.0,0.0,0.0,0.0,0.0,0.0,0.0,0.0,0.0,0.0,0.0,0.0,0.0,0.0,0.0,0.0,0.0,0.0
22.0,1,0.0,0.0,0.0,0.0,0.0,0.0,0.0,0.0,0.0,0.0,0.0,0.0,0.0,0.0,0.0,0.0,0.0,0.0,0.0,0.0,0.0,0.0,0.0
22.0,2,0.0,0.0,0.0,0.0,0.0,0.0,0.0,0.0,0.0,0.0,0.0,0.0,0.0,0.0,0.0,0.0,0.0,0.0,0.0,0.0,0.0,0.0,0.0
22.0,3,0.0,0.0,0.0,0.0,0.0,0.0,0.0,0.0,0.0,0.0,0.0,0.0,0.0,0.0,0.0,0.0,0.0,0.0,0.0,0.0,0.0,0.0,0.0
22.0,4,0.0,0.0,0.0,0.0,0.0,0.0,0.0,0.0,0.0,0.0,0.0,0.0,0.0,0.0,0.0,0.0,0.0,0.0,0.0,0.0,0.0,0.0,0.0
23.0,1,0.0,0.0,0.0,0.0,0.0,0.0,0.0,0.0,0.0,0.0,0.0,0.0,0.0,0.0,0.0,0.0,0.0,0.0,0.0,0.0,0.0,0.0,0.0
23.0,2,0.0,0.0,0.0,0.0,0.0,0.0,0.0,0.0,0.0,0.0,0.0,0.0,0.0,0.0,0.0,0.0,0.0,0.0,0.0,0.0,0.0,0.0,0.0
23.0,3,0.0,0.0,0.0,0.0,0.0,0.0,0.0,0.0,0.0,0.0,0.0,0.0,0.0,0.0,0.0,0.0,0.0,0.0,0.0,0.0,0.0,0.0,0.0
23.0,4,0.0,0.0,0.0,0.0,0.0,0.0,0.0,0.0,0.0,0.0,0.0,0.0,0.0,0.0,0.0,0.0,0.0,0.0,0.0,0.0,0.0,0.0,0.0
24.0,1,0.0,0.0,0.02,0.03,0.05,0.07,0.1,0.12,0.16,0.27,0.39,0.52,0.66,0.81,0.97,1.23,1.68,2.12,2.59,3.01,3.36,3.49,3.55
24.0,2,0.0,0.0,0.01,0.03,0.04,0.06,0.07,0.09,0.11,0.19,0.28,0.36,0.44,0.51,0.57,0.72,1.01,1.32,1.82,2.37,2.8,3.12,3.26
24.0,3,0.0,0.0,0.01,0.03,0.04,0.06,0.07,0.09,0.11,0.19,0.28,0.36,0.44,0.51,0.57,0.72,1.01,1.32,1.82,2.37,2.8,3.12,3.26
24.0,4,0.0,0.0,0.02,0.04,0.06,0.09,0.12,0.15,0.2,0.32,0.46,0.62,0.8,1.0,1.19,1.5,2.05,2.55,2.99,3.37,3.74,4.15,4.4
25.0,1,0.0,0.0,0.15,0.29,0.44,0.62,0.82,1.04,1.39,2.32,3.35,4.51,5.68,6.99,8.34,10.61,14.42,18.22,22.31,25.9,28.89,30.0,30.56
25.0,2,0.0,0.0,0.13,0.25,0.37,0.5,0.62,0.75,0.98,1.66,2.37,3.11,3.79,4.42,4.93,6.23,8.67,11.39,15.66,20.34,24.04,26.86,28.06
25.0,3,0.0,0.0,0.13,0.25,0.37,0.5,0.62,0.75,0.98,1.66,2.37,3.11,3.79,4.42,4.93,6.23,8.67,11.39,15.66,20.34,24.04,26.86,28.06
25.0,4,0.0,0.0,0.17,0.33,0.52,0.76,1.01,1.27,1.69,2.78,3.99,5.35,6.86,8.57,10.23,12.93,17.63,21.9,25.71,28.94,32.17,35.72,37.82
26.0,1,0.0,0.0,0.0,0.0,0.0,0.0,0.0,0.0,0.0,0.0,0.0,0.0,0.0,0.0,0.0,0.0,0.0,0.0,0.0,0.0,0.0,0.0,0.0
26.0,2,0.0,0.0,0.0,0.0,0.0,0.0,0.0,0.0,0.0,0.0,0.0,0.0,0.0,0.0,0.0,0.0,0.0,0.0,0.0,0.0,0.0,0.0,0.0
26.0,3,0.0,0.0,0.0,0.0,0.0,0.0,0.0,0.0,0.0,0.0,0.0,0.0,0.0,0.0,0.0,0.0,0.0,0.0,0.0,0.0,0.0,0.0,0.0
26.0,4,0.0,0.0,0.0,0.0,0.0,0.0,0.0,0.0,0.0,0.0,0.0,0.0,0.0,0.0,0.0,0.0,0.0,0.0,0.0,0.0,0.0,0.0,0.0
27.0,1,0.0,0.0,0.02,0.03,0.05,0.07,0.1,0.12,0.16,0.27,0.39,0.52,0.66,0.81,0.97,1.23,1.68,2.12,2.59,3.01,3.36,3.49,3.55
27.0,2,0.0,0.0,0.01,0.03,0.04,0.06,0.07,0.09,0.11,0.19,0.28,0.36,0.44,0.51,0.57,0.72,1.01,1.32,1.82,2.37,2.8,3.12,3.26
27.0,3,0.0,0.0,0.01,0.03,0.04,0.06,0.07,0.09,0.11,0.19,0.28,0.36,0.44,0.51,0.57,0.72,1.01,1.32,1.82,2.37,2.8,3.12,3.26
27.0,4,0.0,0.0,0.02,0.04,0.06,0.09,0.12,0.15,0.2,0.32,0.46,0.62,0.8,1.0,1.19,1.5,2.05,2.55,2.99,3.37,3.74,4.15,4.4
28.0,1,0.0,0.0,0.02,0.03,0.05,0.07,0.1,0.12,0.16,0.27,0.39,0.52,0.66,0.81,0.97,1.23,1.68,2.12,2.59,3.01,3.36,3.49,3.55
28.0,2,0.0,0.0,0.01,0.03,0.04,0.06,0.07,0.09,0.11,0.19,0.28,0.36,0.44,0.51,0.57,0.72,1.01,1.32,1.82,2.37,2.8,3.12,3.26
28.0,3,0.0,0.0,0.01,0.03,0.04,0.06,0.07,0.09,0.11,0.19,0.28,0.36,0.44,0.51,0.57,0.72,1.01,1.32,1.82,2.37,2.8,3.12,3.26
28.0,4,0.0,0.0,0.02,0.04,0.06,0.09,0.12,0.15,0.2,0.32,0.46,0.62,0.8,1.0,1.19,1.5,2.05,2.55,2.99,3.37,3.74,4.15,4.4
29.0,1,0.0,0.0,0.02,0.03,0.05,0.07,0.1,0.12,0.16,0.27,0.39,0.52,0.66,0.81,0.97,1.23,1.68,2.12,2.59,3.01,3.36,3.49,3.55
29.0,2,0.0,0.0,0.01,0.03,0.04,0.06,0.07,0.09,0.11,0.19,0.28,0.36,0.44,0.51,0.57,0.72,1.01,1.32,1.82,2.37,2.8,3.12,3.26
29.0,3,0.0,0.0,0.01,0.03,0.04,0.06,0.07,0.09,0.11,0.19,0.28,0.36,0.44,0.51,0.57,0.72,1.01,1.32,1.82,2.37,2.8,3.12,3.26
29.0,4,0.0,0.0,0.02,0.04,0.06,0.09,0.12,0.15,0.2,0.32,0.46,0.62,0.8,1.0,1.19,1.5,2.05,2.55,2.99,3.37,3.74,4.15,4.4
30.0,1,0.0,0.0,0.0,0.0,0.0,0.0,0.0,0.0,0.0,0.0,0.0,0.0,0.0,0.0,0.0,0.0,0.0,0.0,0.0,0.0,0.0,0.0,0.0
30.0,2,0.0,0.0,0.0,0.0,0.0,0.0,0.0,0.0,0.0,0.0,0.0,0.0,0.0,0.0,0.0,0.0,0.0,0.0,0.0,0.0,0.0,0.0,0.0
30.0,3,0.0,0.0,0.0,0.0,0.0,0.0,0.0,0.0,0.0,0.0,0.0,0.0,0.0,0.0,0.0,0.0,0.0,0.0,0.0,0.0,0.0,0.0,0.0
30.0,4,0.0,0.0,0.0,0.0,0.0,0.0,0.0,0.0,0.0,0.0,0.0,0.0,0.0,0.0,0.0,0.0,0.0,0.0,0.0,0.0,0.0,0.0,0.0
31.0,1,0.0,0.0,0.0,0.0,0.0,0.0,0.0,0.0,0.0,0.0,0.0,0.0,0.0,0.0,0.0,0.0,0.0,0.0,0.0,0.0,0.0,0.0,0.0
31.0,2,0.0,0.0,0.0,0.0,0.0,0.0,0.0,0.0,0.0,0.0,0.0,0.0,0.0,0.0,0.0,0.0,0.0,0.0,0.0,0.0,0.0,0.0,0.0
31.0,3,0.0,0.0,0.0,0.0,0.0,0.0,0.0,0.0,0.0,0.0,0.0,0.0,0.0,0.0,0.0,0.0,0.0,0.0,0.0,0.0,0.0,0.0,0.0
31.0,4,0.0,0.0,0.0,0.0,0.0,0.0,0.0,0.0,0.0,0.0,0.0,0.0,0.0,0.0,0.0,0.0,0.0,0.0,0.0,0.0,0.0,0.0,0.0
32.0,1,0.0,0.0,0.0,0.0,0.0,0.0,0.0,0.0,0.0,0.0,0.0,0.0,0.0,0.0,0.0,0.0,0.0,0.0,0.0,0.0,0.0,0.0,0.0
32.0,2,0.0,0.0,0.0,0.0,0.0,0.0,0.0,0.0,0.0,0.0,0.0,0.0,0.0,0.0,0.0,0.0,0.0,0.0,0.0,0.0,0.0,0.0,0.0
32.0,3,0.0,0.0,0.0,0.0,0.0,0.0,0.0,0.0,0.0,0.0,0.0,0.0,0.0,0.0,0.0,0.0,0.0,0.0,0.0,0.0,0.0,0.0,0.0
32.0,4,0.0,0.0,0.0,0.0,0.0,0.0,0.0,0.0,0.0,0.0,0.0,0.0,0.0,0.0,0.0,0.0,0.0,0.0,0.0,0.0,0.0,0.0,0.0
33.0,1,0.0,0.0,0.02,0.03,0.05,0.07,0.1,0.12,0.16,0.27,0.39,0.52,0.66,0.81,0.97,1.23,1.68,2.12,2.59,3.01,3.36,3.49,3.55
33.0,2,0.0,0.0,0.01,0.03,0.04,0.06,0.07,0.09,0.11,0.19,0.28,0.36,0.44,0.51,0.57,0.72,1.01,1.32,1.82,2.37,2.8,3.12,3.26
33.0,3,0.0,0.0,0.01,0.03,0.04,0.06,0.07,0.09,0.11,0.19,0.28,0.36,0.44,0.51,0.57,0.72,1.01,1.32,1.82,2.37,2.8,3.12,3.26
33.0,4,0.0,0.0,0.02,0.04,0.06,0.09,0.12,0.15,0.2,0.32,0.46,0.62,0.8,1.0,1.19,1.5,2.05,2.55,2.99,3.37,3.74,4.15,4.4
34.0,1,0.0,0.0,0.02,0.03,0.05,0.07,0.1,0.12,0.16,0.27,0.39,0.52,0.66,0.81,0.97,1.23,1.68,2.12,2.59,3.01,3.36,3.49,3.55
34.0,2,0.0,0.0,0.01,0.03,0.04,0.06,0.07,0.09,0.11,0.19,0.28,0.36,0.44,0.51,0.57,0.72,1.01,1.32,1.82,2.37,2.8,3.12,3.26
34.0,3,0.0,0.0,0.01,0.03,0.04,0.06,0.07,0.09,0.11,0.19,0.28,0.36,0.44,0.51,0.57,0.72,1.01,1.32,1.82,2.37,2.8,3.12,3.26
34.0,4,0.0,0.0,0.02,0.04,0.06,0.09,0.12,0.15,0.2,0.32,0.46,0.62,0.8,1.0,1.19,1.5,2.05,2.55,2.99,3.37,3.74,4.15,4.4
35.0,1,0.0,0.0,0.02,0.03,0.05,0.07,0.1,0.12,0.16,0.27,0.39,0.52,0.66,0.81,0.97,1.23,1.68,2.12,2.59,3.01,3.36,3.49,3.55
35.0,2,0.0,0.0,0.01,0.03,0.04,0.06,0.07,0.09,0.11,0.19,0.28,0.36,0.44,0.51,0.57,0.72,1.01,1.32,1.82,2.37,2.8,3.12,3.26
35.0,3,0.0,0.0,0.01,0.03,0.04,0.06,0.07,0.09,0.11,0.19,0.28,0.36,0.44,0.51,0.57,0.72,1.01,1.32,1.82,2.37,2.8,3.12,3.26
35.0,4,0.0,0.0,0.02,0.04,0.06,0.09,0.12,0.15,0.2,0.32,0.46,0.62,0.8,1.0,1.19,1.5,2.05,2.55,2.99,3.37,3.74,4.15,4.4
36.0,1,0.0,0.0,0.02,0.03,0.05,0.07,0.1,0.12,0.16,0.27,0.39,0.52,0.66,0.81,0.97,1.23,1.68,2.12,2.59,3.01,3.36,3.49,3.55
36.0,2,0.0,0.0,0.01,0.03,0.04,0.06,0.07,0.09,0.11,0.19,0.28,0.36,0.44,0.51,0.57,0.72,1.01,1.32,1.82,2.37,2.8,3.12,3.26
36.0,3,0.0,0.0,0.01,0.03,0.04,0.06,0.07,0.09,0.11,0.19,0.28,0.36,0.44,0.51,0.57,0.72,1.01,1.32,1.82,2.37,2.8,3.12,3.26
36.0,4,0.0,0.0,0.02,0.04,0.06,0.09,0.12,0.15,0.2,0.32,0.46,0.62,0.8,1.0,1.19,1.5,2.05,2.55,2.99,3.37,3.74,4.15,4.4
37.0,1,0.0,0.0,0.15,0.29,0.44,0.62,0.82,1.04,1.39,2.32,3.35,4.51,5.68,6.99,8.34,10.61,14.42,18.22,22.31,25.9,28.89,30.0,30.56
37.0,2,0.0,0.0,0.13,0.25,0.37,0.5,0.62,0.75,0.98,1.66,2.37,3.11,3.79,4.42,4.93,6.23,8.67,11.39,15.66,20.34,24.04,26.86,28.06
37.0,3,0.0,0.0,0.13,0.25,0.37,0.5,0.62,0.75,0.98,1.66,2.37,3.11,3.79,4.42,4.93,6.23,8.67,11.39,15.66,20.34,24.04,26.86,28.06
37.0,4,0.0,0.0,0.17,0.33,0.52,0.76,1.01,1.27,1.69,2.78,3.99,5.35,6.86,8.57,10.23,12.93,17.63,21.9,25.71,28.94,32.17,35.72,37.82
38.0,1,0.0,0.0,0.15,0.29,0.44,0.62,0.82,1.04,1.39,2.32,3.35,4.51,5.68,6.99,8.34,10.61,14.42,18.22,22.31,25.9,28.89,30.0,30.56
38.0,2,0.0,0.0,0.13,0.25,0.37,0.5,0.62,0.75,0.98,1.66,2.37,3.11,3.79,4.42,4.93,6.23,8.67,11.39,15.66,20.34,24.04,26.86,28.06
38.0,3,0.0,0.0,0.13,0.25,0.37,0.5,0.62,0.75,0.98,1.66,2.37,3.11,3.79,4.42,4.93,6.23,8.67,11.39,15.66,20.34,24.04,26.86,28.06
38.0,4,0.0,0.0,0.17,0.33,0.52,0.76,1.01,1.27,1.69,2.78,3.99,5.35,6.86,8.57,10.23,12.93,17.63,21.9,25.71,28.94,32.17,35.72,37.82
39.0,1,0.0,0.0,0.0,0.0,0.0,0.0,0.0,0.0,0.0,0.0,0.0,0.0,0.0,0.0,0.0,0.0,0.0,0.0,0.0,0.0,0.0,0.0,0.0
39.0,2,0.0,0.0,0.0,0.0,0.0,0.0,0.0,0.0,0.0,0.0,0.0,0.0,0.0,0.0,0.0,0.0,0.0,0.0,0.0,0.0,0.0,0.0,0.0
39.0,3,0.0,0.0,0.0,0.0,0.0,0.0,0.0,0.0,0.0,0.0,0.0,0.0,0.0,0.0,0.0,0.0,0.0,0.0,0.0,0.0,0.0,0.0,0.0
39.0,4,0.0,0.0,0.0,0.0,0.0,0.0,0.0,0.0,0.0,0.0,0.0,0.0,0.0,0.0,0.0,0.0,0.0,0.0,0.0,0.0,0.0,0.0,0.0
40.0,1,0.0,0.0,0.0,0.0,0.0,0.0,0.0,0.0,0.0,0.0,0.0,0.0,0.0,0.0,0.0,0.0,0.0,0.0,0.0,0.0,0.0,0.0,0.0
40.0,2,0.0,0.0,0.0,0.0,0.0,0.0,0.0,0.0,0.0,0.0,0.0,0.0,0.0,0.0,0.0,0.0,0.0,0.0,0.0,0.0,0.0,0.0,0.0
40.0,3,0.0,0.0,0.0,0.0,0.0,0.0,0.0,0.0,0.0,0.0,0.0,0.0,0.0,0.0,0.0,0.0,0.0,0.0,0.0,0.0,0.0,0.0,0.0
40.0,4,0.0,0.0,0.0,0.0,0.0,0.0,0.0,0.0,0.0,0.0,0.0,0.0,0.0,0.0,0.0,0.0,0.0,0.0,0.0,0.0,0.0,0.0,0.0
41.0,1,0.0,0.0,0.0,0.0,0.0,0.0,0.0,0.0,0.0,0.0,0.0,0.0,0.0,0.0,0.0,0.0,0.0,0.0,0.0,0.0,0.0,0.0,0.0
41.0,2,0.0,0.0,0.0,0.0,0.0,0.0,0.0,0.0,0.0,0.0,0.0,0.0,0.0,0.0,0.0,0.0,0.0,0.0,0.0,0.0,0.0,0.0,0.0
41.0,3,0.0,0.0,0.0,0.0,0.0,0.0,0.0,0.0,0.0,0.0,0.0,0.0,0.0,0.0,0.0,0.0,0.0,0.0,0.0,0.0,0.0,0.0,0.0
41.0,4,0.0,0.0,0.0,0.0,0.0,0.0,0.0,0.0,0.0,0.0,0.0,0.0,0.0,0.0,0.0,0.0,0.0,0.0,0.0,0.0,0.0,0.0,0.0
42.0,1,0.0,0.0,0.0,0.0,0.0,0.0,0.0,0.0,0.0,0.0,0.0,0.0,0.0,0.0,0.0,0.0,0.0,0.0,0.0,0.0,0.0,0.0,0.0
42.0,2,0.0,0.0,0.0,0.0,0.0,0.0,0.0,0.0,0.0,0.0,0.0,0.0,0.0,0.0,0.0,0.0,0.0,0.0,0.0,0.0,0.0,0.0,0.0
42.0,3,0.0,0.0,0.0,0.0,0.0,0.0,0.0,0.0,0.0,0.0,0.0,0.0,0.0,0.0,0.0,0.0,0.0,0.0,0.0,0.0,0.0,0.0,0.0
42.0,4,0.0,0.0,0.0,0.0,0.0,0.0,0.0,0.0,0.0,0.0,0.0,0.0,0.0,0.0,0.0,0.0,0.0,0.0,0.0,0.0,0.0,0.0,0.0
43.0,1,0.0,0.0,0.02,0.03,0.05,0.07,0.1,0.12,0.16,0.27,0.39,0.52,0.66,0.81,0.97,1.23,1.68,2.12,2.59,3.01,3.36,3.49,3.55
43.0,2,0.0,0.0,0.01,0.03,0.04,0.06,0.07,0.09,0.11,0.19,0.28,0.36,0.44,0.51,0.57,0.72,1.01,1.32,1.82,2.37,2.8,3.12,3.26
43.0,3,0.0,0.0,0.01,0.03,0.04,0.06,0.07,0.09,0.11,0.19,0.28,0.36,0.44,0.51,0.57,0.72,1.01,1.32,1.82,2.37,2.8,3.12,3.26
43.0,4,0.0,0.0,0.02,0.04,0.06,0.09,0.12,0.15,0.2,0.32,0.46,0.62,0.8,1.0,1.19,1.5,2.05,2.55,2.99,3.37,3.74,4.15,4.4
44.0,1,0.0,0.0,0.0,0.0,0.0,0.0,0.0,0.0,0.0,0.0,0.0,0.0,0.0,0.0,0.0,0.0,0.0,0.0,0.0,0.0,0.0,0.0,0.0
44.0,2,0.0,0.0,0.0,0.0,0.0,0.0,0.0,0.0,0.0,0.0,0.0,0.0,0.0,0.0,0.0,0.0,0.0,0.0,0.0,0.0,0.0,0.0,0.0
44.0,3,0.0,0.0,0.0,0.0,0.0,0.0,0.0,0.0,0.0,0.0,0.0,0.0,0.0,0.0,0.0,0.0,0.0,0.0,0.0,0.0,0.0,0.0,0.0
44.0,4,0.0,0.0,0.0,0.0,0.0,0.0,0.0,0.0,0.0,0.0,0.0,0.0,0.0,0.0,0.0,0.0,0.0,0.0,0.0,0.0,0.0,0.0,0.0
45.0,1,0.0,0.0,0.15,0.29,0.44,0.62,0.82,1.04,1.39,2.32,3.35,4.51,5.68,6.99,8.34,10.61,14.42,18.22,22.31,25.9,28.89,30.0,30.56
45.0,2,0.0,0.0,0.13,0.25,0.37,0.5,0.62,0.75,0.98,1.66,2.37,3.11,3.79,4.42,4.93,6.23,8.67,11.39,15.66,20.34,24.04,26.86,28.06
45.0,3,0.0,0.0,0.13,0.25,0.37,0.5,0.62,0.75,0.98,1.66,2.37,3.11,3.79,4.42,4.93,6.23,8.67,11.39,15.66,20.34,24.04,26.86,28.06
45.0,4,0.0,0.0,0.17,0.33,0.52,0.76,1.01,1.27,1.69,2.78,3.99,5.35,6.86,8.57,10.23,12.93,17.63,21.9,25.71,28.94,32.17,35.72,37.82
46.0,1,0.0,0.0,0.02,0.03,0.05,0.07,0.1,0.12,0.16,0.27,0.39,0.52,0.66,0.81,0.97,1.23,1.68,2.12,2.59,3.01,3.36,3.49,3.55
46.0,2,0.0,0.0,0.01,0.03,0.04,0.06,0.07,0.09,0.11,0.19,0.28,0.36,0.44,0.51,0.57,0.72,1.01,1.32,1.82,2.37,2.8,3.12,3.26
46.0,3,0.0,0.0,0.01,0.03,0.04,0.06,0.07,0.09,0.11,0.19,0.28,0.36,0.44,0.51,0.57,0.72,1.01,1.32,1.82,2.37,2.8,3.12,3.26
46.0,4,0.0,0.0,0.02,0.04,0.06,0.09,0.12,0.15,0.2,0.32,0.46,0.62,0.8,1.0,1.19,1.5,2.05,2.55,2.99,3.37,3.74,4.15,4.4
47.0,1,0.0,0.0,0.02,0.03,0.05,0.07,0.1,0.12,0.16,0.27,0.39,0.52,0.66,0.81,0.97,1.23,1.68,2.12,2.59,3.01,3.36,3.49,3.55
47.0,2,0.0,0.0,0.01,0.03,0.04,0.06,0.07,0.09,0.11,0.19,0.28,0.36,0.44,0.51,0.57,0.72,1.01,1.32,1.82,2.37,2.8,3.12,3.26
47.0,3,0.0,0.0,0.01,0.03,0.04,0.06,0.07,0.09,0.11,0.19,0.28,0.36,0.44,0.51,0.57,0.72,1.01,1.32,1.82,2.37,2.8,3.12,3.26
47.0,4,0.0,0.0,0.02,0.04,0.06,0.09,0.12,0.15,0.2,0.32,0.46,0.62,0.8,1.0,1.19,1.5,2.05,2.55,2.99,3.37,3.74,4.15,4.4
48.0,1,0.0,0.0,0.15,0.29,0.44,0.62,0.82,1.04,1.39,2.32,3.35,4.51,5.68,6.99,8.34,10.61,14.42,18.22,22.31,25.9,28.89,30.0,30.56
48.0,2,0.0,0.0,0.13,0.25,0.37,0.5,0.62,0.75,0.98,1.66,2.37,3.11,3.79,4.42,4.93,6.23,8.67,11.39,15.66,20.34,24.04,26.86,28.06
48.0,3,0.0,0.0,0.13,0.25,0.37,0.5,0.62,0.75,0.98,1.66,2.37,3.11,3.79,4.42,4.93,6.23,8.67,11.39,15.66,20.34,24.04,26.86,28.06
48.0,4,0.0,0.0,0.17,0.33,0.52,0.76,1.01,1.27,1.69,2.78,3.99,5.35,6.86,8.57,10.23,12.93,17.63,21.9,25.71,28.94,32.17,35.72,37.82
49.0,1,0.0,0.0,0.02,0.03,0.05,0.07,0.1,0.12,0.16,0.27,0.39,0.52,0.66,0.81,0.97,1.23,1.68,2.12,2.59,3.01,3.36,3.49,3.55
49.0,2,0.0,0.0,0.01,0.03,0.04,0.06,0.07,0.09,0.11,0.19,0.28,0.36,0.44,0.51,0.57,0.72,1.01,1.32,1.82,2.37,2.8,3.12,3.26
49.0,3,0.0,0.0,0.01,0.03,0.04,0.06,0.07,0.09,0.11,0.19,0.28,0.36,0.44,0.51,0.57,0.72,1.01,1.32,1.82,2.37,2.8,3.12,3.26
49.0,4,0.0,0.0,0.02,0.04,0.06,0.09,0.12,0.15,0.2,0.32,0.46,0.62,0.8,1.0,1.19,1.5,2.05,2.55,2.99,3.37,3.74,4.15,4.4
50.0,1,0.0,0.0,0.02,0.03,0.05,0.07,0.1,0.12,0.16,0.27,0.39,0.52,0.66,0.81,0.97,1.23,1.68,2.12,2.59,3.01,3.36,3.49,3.55
50.0,2,0.0,0.0,0.01,0.03,0.04,0.06,0.07,0.09,0.11,0.19,0.28,0.36,0.44,0.51,0.57,0.72,1.01,1.32,1.82,2.37,2.8,3.12,3.26
50.0,3,0.0,0.0,0.01,0.03,0.04,0.06,0.07,0.09,0.11,0.19,0.28,0.36,0.44,0.51,0.57,0.72,1.01,1.32,1.82,2.37,2.8,3.12,3.26
50.0,4,0.0,0.0,0.02,0.04,0.06,0.09,0.12,0.15,0.2,0.32,0.46,0.62,0.8,1.0,1.19,1.5,2.05,2.55,2.99,3.37,3.74,4.15,4.4
51.0,1,1.46,2.3199999999999994,2.34,2.3599999999999994,2.37,2.3899999999999997,2.42,2.4399999999999995,2.4799999999999995,2.59,2.71,2.8499999999999996,2.9799999999999995,3.1400000000000006,3.289999999999999,3.5600000000000005,4.0,4.4399999999999995,4.92,5.33,5.68,5.8100000000000005,5.879999999999999
51.0,2,1.2999999999999998,2.04,2.0599999999999996,2.0699999999999994,2.08,2.0999999999999996,2.1099999999999994,2.13,2.16,2.2299999999999995,2.3199999999999994,2.3999999999999995,2.4799999999999995,2.55,2.6099999999999994,2.7699999999999996,3.049999999999999,3.369999999999999,3.8599999999999994,4.41,4.84,5.16,5.299999999999999
51.0,3,1.2999999999999998,2.04,2.0599999999999996,2.0699999999999994,2.08,2.0999999999999996,2.1099999999999994,2.13,2.16,2.2299999999999995,2.3199999999999994,2.3999999999999995,2.4799999999999995,2.55,2.6099999999999994,2.7699999999999996,3.049999999999999,3.369999999999999,3.8599999999999994,4.41,4.84,5.16,5.299999999999999
51.0,4,1.6099999999999994,2.5999999999999996,2.62,2.6399999999999997,2.66,2.6899999999999995,2.7199999999999998,2.75,2.8,2.9299999999999997,3.0700000000000003,3.2300000000000004,3.4000000000000004,3.5999999999999996,3.789999999999999,4.109999999999999,4.65,5.15,5.59,5.970000000000001,6.34,6.76,7.0
52.0,1,0.0,0.0,0.15,0.29,0.44,0.62,0.82,1.04,1.39,2.32,3.35,4.51,5.68,6.99,8.34,10.61,14.42,18.22,22.31,25.9,28.89,30.0,30.56
52.0,2,0.0,0.0,0.13,0.25,0.37,0.5,0.62,0.75,0.98,1.66,2.37,3.11,3.79,4.42,4.93,6.23,8.67,11.39,15.66,20.34,24.04,26.86,28.06
52.0,3,0.0,0.0,0.13,0.25,0.37,0.5,0.62,0.75,0.98,1.66,2.37,3.11,3.79,4.42,4.93,6.23,8.67,11.39,15.66,20.34,24.04,26.86,28.06
52.0,4,0.0,0.0,0.17,0.33,0.52,0.76,1.01,1.27,1.69,2.78,3.99,5.35,6.86,8.57,10.23,12.93,17.63,21.9,25.71,28.94,32.17,35.72,37.82
53.0,1,0.0,0.0,0.02,0.03,0.05,0.07,0.1,0.12,0.16,0.27,0.39,0.52,0.66,0.81,0.97,1.23,1.68,2.12,2.59,3.01,3.36,3.49,3.55
53.0,2,0.0,0.0,0.01,0.03,0.04,0.06,0.07,0.09,0.11,0.19,0.28,0.36,0.44,0.51,0.57,0.72,1.01,1.32,1.82,2.37,2.8,3.12,3.26
53.0,3,0.0,0.0,0.01,0.03,0.04,0.06,0.07,0.09,0.11,0.19,0.28,0.36,0.44,0.51,0.57,0.72,1.01,1.32,1.82,2.37,2.8,3.12,3.26
53.0,4,0.0,0.0,0.02,0.04,0.06,0.09,0.12,0.15,0.2,0.32,0.46,0.62,0.8,1.0,1.19,1.5,2.05,2.55,2.99,3.37,3.74,4.15,4.4
54.0,1,0.0,0.0,0.02,0.03,0.05,0.07,0.1,0.12,0.16,0.27,0.39,0.52,0.66,0.81,0.97,1.23,1.68,2.12,2.59,3.01,3.36,3.49,3.55
54.0,2,0.0,0.0,0.01,0.03,0.04,0.06,0.07,0.09,0.11,0.19,0.28,0.36,0.44,0.51,0.57,0.72,1.01,1.32,1.82,2.37,2.8,3.12,3.26
54.0,3,0.0,0.0,0.01,0.03,0.04,0.06,0.07,0.09,0.11,0.19,0.28,0.36,0.44,0.51,0.57,0.72,1.01,1.32,1.82,2.37,2.8,3.12,3.26
54.0,4,0.0,0.0,0.02,0.04,0.06,0.09,0.12,0.15,0.2,0.32,0.46,0.62,0.8,1.0,1.19,1.5,2.05,2.55,2.99,3.37,3.74,4.15,4.4
55.0,1,0.0,0.0,0.02,0.03,0.05,0.07,0.1,0.12,0.16,0.27,0.39,0.52,0.66,0.81,0.97,1.23,1.68,2.12,2.59,3.01,3.36,3.49,3.55
55.0,2,0.0,0.0,0.01,0.03,0.04,0.06,0.07,0.09,0.11,0.19,0.28,0.36,0.44,0.51,0.57,0.72,1.01,1.32,1.82,2.37,2.8,3.12,3.26
55.0,3,0.0,0.0,0.01,0.03,0.04,0.06,0.07,0.09,0.11,0.19,0.28,0.36,0.44,0.51,0.57,0.72,1.01,1.32,1.82,2.37,2.8,3.12,3.26
55.0,4,0.0,0.0,0.02,0.04,0.06,0.09,0.12,0.15,0.2,0.32,0.46,0.62,0.8,1.0,1.19,1.5,2.05,2.55,2.99,3.37,3.74,4.15,4.4
56.0,1,0.0,0.0,0.02,0.03,0.05,0.07,0.1,0.12,0.16,0.27,0.39,0.52,0.66,0.81,0.97,1.23,1.68,2.12,2.59,3.01,3.36,3.49,3.55
56.0,2,0.0,0.0,0.01,0.03,0.04,0.06,0.07,0.09,0.11,0.19,0.28,0.36,0.44,0.51,0.57,0.72,1.01,1.32,1.82,2.37,2.8,3.12,3.26
56.0,3,0.0,0.0,0.01,0.03,0.04,0.06,0.07,0.09,0.11,0.19,0.28,0.36,0.44,0.51,0.57,0.72,1.01,1.32,1.82,2.37,2.8,3.12,3.26
56.0,4,0.0,0.0,0.02,0.04,0.06,0.09,0.12,0.15,0.2,0.32,0.46,0.62,0.8,1.0,1.19,1.5,2.05,2.55,2.99,3.37,3.74,4.15,4.4
57.0,1,0.0,0.0,0.02,0.03,0.05,0.07,0.1,0.12,0.16,0.27,0.39,0.52,0.66,0.81,0.97,1.23,1.68,2.12,2.59,3.01,3.36,3.49,3.55
57.0,2,0.0,0.0,0.01,0.03,0.04,0.06,0.07,0.09,0.11,0.19,0.28,0.36,0.44,0.51,0.57,0.72,1.01,1.32,1.82,2.37,2.8,3.12,3.26
57.0,3,0.0,0.0,0.01,0.03,0.04,0.06,0.07,0.09,0.11,0.19,0.28,0.36,0.44,0.51,0.57,0.72,1.01,1.32,1.82,2.37,2.8,3.12,3.26
57.0,4,0.0,0.0,0.02,0.04,0.06,0.09,0.12,0.15,0.2,0.32,0.46,0.62,0.8,1.0,1.19,1.5,2.05,2.55,2.99,3.37,3.74,4.15,4.4
58.0,1,0.0,0.0,0.0,0.0,0.0,0.0,0.0,0.0,0.0,0.0,0.0,0.0,0.0,0.0,0.0,0.0,0.0,0.0,0.0,0.0,0.0,0.0,0.0
58.0,2,0.0,0.0,0.0,0.0,0.0,0.0,0.0,0.0,0.0,0.0,0.0,0.0,0.0,0.0,0.0,0.0,0.0,0.0,0.0,0.0,0.0,0.0,0.0
58.0,3,0.0,0.0,0.0,0.0,0.0,0.0,0.0,0.0,0.0,0.0,0.0,0.0,0.0,0.0,0.0,0.0,0.0,0.0,0.0,0.0,0.0,0.0,0.0
58.0,4,0.0,0.0,0.0,0.0,0.0,0.0,0.0,0.0,0.0,0.0,0.0,0.0,0.0,0.0,0.0,0.0,0.0,0.0,0.0,0.0,0.0,0.0,0.0
59.0,1,0.0,0.0,0.0,0.0,0.0,0.0,0.0,0.0,0.0,0.0,0.0,0.0,0.0,0.0,0.0,0.0,0.0,0.0,0.0,0.0,0.0,0.0,0.0
59.0,2,0.0,0.0,0.0,0.0,0.0,0.0,0.0,0.0,0.0,0.0,0.0,0.0,0.0,0.0,0.0,0.0,0.0,0.0,0.0,0.0,0.0,0.0,0.0
59.0,3,0.0,0.0,0.0,0.0,0.0,0.0,0.0,0.0,0.0,0.0,0.0,0.0,0.0,0.0,0.0,0.0,0.0,0.0,0.0,0.0,0.0,0.0,0.0
59.0,4,0.0,0.0,0.0,0.0,0.0,0.0,0.0,0.0,0.0,0.0,0.0,0.0,0.0,0.0,0.0,0.0,0.0,0.0,0.0,0.0,0.0,0.0,0.0
60.0,1,0.0,0.0,0.15,0.29,0.44,0.62,0.82,1.04,1.39,2.32,3.35,4.51,5.68,6.99,8.34,10.61,14.42,18.22,22.31,25.9,28.89,30.0,30.56
60.0,2,0.0,0.0,0.13,0.25,0.37,0.5,0.62,0.75,0.98,1.66,2.37,3.11,3.79,4.42,4.93,6.23,8.67,11.39,15.66,20.34,24.04,26.86,28.06
60.0,3,0.0,0.0,0.13,0.25,0.37,0.5,0.62,0.75,0.98,1.66,2.37,3.11,3.79,4.42,4.93,6.23,8.67,11.39,15.66,20.34,24.04,26.86,28.06
60.0,4,0.0,0.0,0.17,0.33,0.52,0.76,1.01,1.27,1.69,2.78,3.99,5.35,6.86,8.57,10.23,12.93,17.63,21.9,25.71,28.94,32.17,35.72,37.82
61.0,1,0.0,0.0,0.02,0.03,0.05,0.07,0.1,0.12,0.16,0.27,0.39,0.52,0.66,0.81,0.97,1.23,1.68,2.12,2.59,3.01,3.36,3.49,3.55
61.0,2,0.0,0.0,0.01,0.03,0.04,0.06,0.07,0.09,0.11,0.19,0.28,0.36,0.44,0.51,0.57,0.72,1.01,1.32,1.82,2.37,2.8,3.12,3.26
61.0,3,0.0,0.0,0.01,0.03,0.04,0.06,0.07,0.09,0.11,0.19,0.28,0.36,0.44,0.51,0.57,0.72,1.01,1.32,1.82,2.37,2.8,3.12,3.26
61.0,4,0.0,0.0,0.02,0.04,0.06,0.09,0.12,0.15,0.2,0.32,0.46,0.62,0.8,1.0,1.19,1.5,2.05,2.55,2.99,3.37,3.74,4.15,4.4
62.0,1,2.42,3.8599999999999994,4.01,4.149999999999999,4.299999999999999,4.489999999999998,4.6899999999999995,4.899999999999999,5.25,6.18,7.219999999999999,8.370000000000001,9.55,10.849999999999998,12.2,14.48,18.279999999999998,22.09,26.169999999999998,29.76,32.760000000000005,33.870000000000005,34.42
62.0,2,2.16,3.389999999999999,3.5199999999999996,3.639999999999999,3.7699999999999996,3.889999999999999,4.02,4.139999999999999,4.379999999999999,5.049999999999999,5.76,6.51,7.18,7.809999999999999,8.32,9.620000000000001,12.07,14.79,19.05,23.73,27.44,30.249999999999996,31.45
62.0,3,2.16,3.389999999999999,3.5199999999999996,3.639999999999999,3.7699999999999996,3.889999999999999,4.02,4.139999999999999,4.379999999999999,5.049999999999999,5.76,6.51,7.18,7.809999999999999,8.32,9.620000000000001,12.07,14.79,19.05,23.73,27.44,30.249999999999996,31.45
62.0,4,2.6799999999999997,4.33,4.5,4.66,4.85,5.09,5.34,5.6,6.029999999999999,7.109999999999999,8.32,9.689999999999998,11.189999999999998,12.899999999999999,14.559999999999999,17.259999999999998,21.96,26.23,30.040000000000003,33.269999999999996,36.5,40.05,42.150000000000006
63.0,1,0.0,0.0,0.0,0.0,0.0,0.0,0.0,0.0,0.0,0.0,0.0,0.0,0.0,0.0,0.0,0.0,0.0,0.0,0.0,0.0,0.0,0.0,0.0
63.0,2,0.0,0.0,0.0,0.0,0.0,0.0,0.0,0.0,0.0,0.0,0.0,0.0,0.0,0.0,0.0,0.0,0.0,0.0,0.0,0.0,0.0,0.0,0.0
63.0,3,0.0,0.0,0.0,0.0,0.0,0.0,0.0,0.0,0.0,0.0,0.0,0.0,0.0,0.0,0.0,0.0,0.0,0.0,0.0,0.0,0.0,0.0,0.0
63.0,4,0.0,0.0,0.0,0.0,0.0,0.0,0.0,0.0,0.0,0.0,0.0,0.0,0.0,0.0,0.0,0.0,0.0,0.0,0.0,0.0,0.0,0.0,0.0
64.0,1,0.0,0.0,0.0,0.0,0.0,0.0,0.0,0.0,0.0,0.0,0.0,0.0,0.0,0.0,0.0,0.0,0.0,0.0,0.0,0.0,0.0,0.0,0.0
64.0,2,0.0,0.0,0.0,0.0,0.0,0.0,0.0,0.0,0.0,0.0,0.0,0.0,0.0,0.0,0.0,0.0,0.0,0.0,0.0,0.0,0.0,0.0,0.0
64.0,3,0.0,0.0,0.0,0.0,0.0,0.0,0.0,0.0,0.0,0.0,0.0,0.0,0.0,0.0,0.0,0.0,0.0,0.0,0.0,0.0,0.0,0.0,0.0
64.0,4,0.0,0.0,0.0,0.0,0.0,0.0,0.0,0.0,0.0,0.0,0.0,0.0,0.0,0.0,0.0,0.0,0.0,0.0,0.0,0.0,0.0,0.0,0.0
65.0,1,0.0,0.0,0.02,0.03,0.05,0.07,0.1,0.12,0.16,0.27,0.39,0.52,0.66,0.81,0.97,1.23,1.68,2.12,2.59,3.01,3.36,3.49,3.55
65.0,2,0.0,0.0,0.01,0.03,0.04,0.06,0.07,0.09,0.11,0.19,0.28,0.36,0.44,0.51,0.57,0.72,1.01,1.32,1.82,2.37,2.8,3.12,3.26
65.0,3,0.0,0.0,0.01,0.03,0.04,0.06,0.07,0.09,0.11,0.19,0.28,0.36,0.44,0.51,0.57,0.72,1.01,1.32,1.82,2.37,2.8,3.12,3.26
65.0,4,0.0,0.0,0.02,0.04,0.06,0.09,0.12,0.15,0.2,0.32,0.46,0.62,0.8,1.0,1.19,1.5,2.05,2.55,2.99,3.37,3.74,4.15,4.4
66.0,1,0.0,0.0,0.0,0.0,0.0,0.0,0.0,0.0,0.0,0.0,0.0,0.0,0.0,0.0,0.0,0.0,0.0,0.0,0.0,0.0,0.0,0.0,0.0
66.0,2,0.0,0.0,0.0,0.0,0.0,0.0,0.0,0.0,0.0,0.0,0.0,0.0,0.0,0.0,0.0,0.0,0.0,0.0,0.0,0.0,0.0,0.0,0.0
66.0,3,0.0,0.0,0.0,0.0,0.0,0.0,0.0,0.0,0.0,0.0,0.0,0.0,0.0,0.0,0.0,0.0,0.0,0.0,0.0,0.0,0.0,0.0,0.0
66.0,4,0.0,0.0,0.0,0.0,0.0,0.0,0.0,0.0,0.0,0.0,0.0,0.0,0.0,0.0,0.0,0.0,0.0,0.0,0.0,0.0,0.0,0.0,0.0
67.0,1,0.0,0.0,0.0,0.0,0.0,0.0,0.0,0.0,0.0,0.0,0.0,0.0,0.0,0.0,0.0,0.0,0.0,0.0,0.0,0.0,0.0,0.0,0.0
67.0,2,0.0,0.0,0.0,0.0,0.0,0.0,0.0,0.0,0.0,0.0,0.0,0.0,0.0,0.0,0.0,0.0,0.0,0.0,0.0,0.0,0.0,0.0,0.0
67.0,3,0.0,0.0,0.0,0.0,0.0,0.0,0.0,0.0,0.0,0.0,0.0,0.0,0.0,0.0,0.0,0.0,0.0,0.0,0.0,0.0,0.0,0.0,0.0
67.0,4,0.0,0.0,0.0,0.0,0.0,0.0,0.0,0.0,0.0,0.0,0.0,0.0,0.0,0.0,0.0,0.0,0.0,0.0,0.0,0.0,0.0,0.0,0.0
68.0,1,0.0,0.0,0.15,0.29,0.44,0.62,0.82,1.04,1.39,2.32,3.35,4.51,5.68,6.99,8.34,10.61,14.42,18.22,22.31,25.9,28.89,30.0,30.56
68.0,2,0.0,0.0,0.13,0.25,0.37,0.5,0.62,0.75,0.98,1.66,2.37,3.11,3.79,4.42,4.93,6.23,8.67,11.39,15.66,20.34,24.04,26.86,28.06
68.0,3,0.0,0.0,0.13,0.25,0.37,0.5,0.62,0.75,0.98,1.66,2.37,3.11,3.79,4.42,4.93,6.23,8.67,11.39,15.66,20.34,24.04,26.86,28.06
68.0,4,0.0,0.0,0.17,0.33,0.52,0.76,1.01,1.27,1.69,2.78,3.99,5.35,6.86,8.57,10.23,12.93,17.63,21.9,25.71,28.94,32.17,35.72,37.82
69.0,1,0.0,0.0,0.02,0.03,0.05,0.07,0.1,0.12,0.16,0.27,0.39,0.52,0.66,0.81,0.97,1.23,1.68,2.12,2.59,3.01,3.36,3.49,3.55
69.0,2,0.0,0.0,0.01,0.03,0.04,0.06,0.07,0.09,0.11,0.19,0.28,0.36,0.44,0.51,0.57,0.72,1.01,1.32,1.82,2.37,2.8,3.12,3.26
69.0,3,0.0,0.0,0.01,0.03,0.04,0.06,0.07,0.09,0.11,0.19,0.28,0.36,0.44,0.51,0.57,0.72,1.01,1.32,1.82,2.37,2.8,3.12,3.26
69.0,4,0.0,0.0,0.02,0.04,0.06,0.09,0.12,0.15,0.2,0.32,0.46,0.62,0.8,1.0,1.19,1.5,2.05,2.55,2.99,3.37,3.74,4.15,4.4
70.0,1,0.0,0.0,0.15,0.29,0.44,0.62,0.82,1.04,1.39,2.32,3.35,4.51,5.68,6.99,8.34,10.61,14.42,18.22,22.31,25.9,28.89,30.0,30.56
70.0,2,0.0,0.0,0.13,0.25,0.37,0.5,0.62,0.75,0.98,1.66,2.37,3.11,3.79,4.42,4.93,6.23,8.67,11.39,15.66,20.34,24.04,26.86,28.06
70.0,3,0.0,0.0,0.13,0.25,0.37,0.5,0.62,0.75,0.98,1.66,2.37,3.11,3.79,4.42,4.93,6.23,8.67,11.39,15.66,20.34,24.04,26.86,28.06
70.0,4,0.0,0.0,0.17,0.33,0.52,0.76,1.01,1.27,1.69,2.78,3.99,5.35,6.86,8.57,10.23,12.93,17.63,21.9,25.71,28.94,32.17,35.72,37.82
71.0,1,0.0,0.0,0.02,0.03,0.05,0.07,0.1,0.12,0.16,0.27,0.39,0.52,0.66,0.81,0.97,1.23,1.68,2.12,2.59,3.01,3.36,3.49,3.55
71.0,2,0.0,0.0,0.01,0.03,0.04,0.06,0.07,0.09,0.11,0.19,0.28,0.36,0.44,0.51,0.57,0.72,1.01,1.32,1.82,2.37,2.8,3.12,3.26
71.0,3,0.0,0.0,0.01,0.03,0.04,0.06,0.07,0.09,0.11,0.19,0.28,0.36,0.44,0.51,0.57,0.72,1.01,1.32,1.82,2.37,2.8,3.12,3.26
71.0,4,0.0,0.0,0.02,0.04,0.06,0.09,0.12,0.15,0.2,0.32,0.46,0.62,0.8,1.0,1.19,1.5,2.05,2.55,2.99,3.37,3.74,4.15,4.4
72.0,1,0.0,0.0,0.02,0.03,0.05,0.07,0.1,0.12,0.16,0.27,0.39,0.52,0.66,0.81,0.97,1.23,1.68,2.12,2.59,3.01,3.36,3.49,3.55
72.0,2,0.0,0.0,0.01,0.03,0.04,0.06,0.07,0.09,0.11,0.19,0.28,0.36,0.44,0.51,0.57,0.72,1.01,1.32,1.82,2.37,2.8,3.12,3.26
72.0,3,0.0,0.0,0.01,0.03,0.04,0.06,0.07,0.09,0.11,0.19,0.28,0.36,0.44,0.51,0.57,0.72,1.01,1.32,1.82,2.37,2.8,3.12,3.26
72.0,4,0.0,0.0,0.02,0.04,0.06,0.09,0.12,0.15,0.2,0.32,0.46,0.62,0.8,1.0,1.19,1.5,2.05,2.55,2.99,3.37,3.74,4.15,4.4
73.0,1,0.0,0.0,0.0,0.0,0.0,0.0,0.0,0.0,0.0,0.0,0.0,0.0,0.0,0.0,0.0,0.0,0.0,0.0,0.0,0.0,0.0,0.0,0.0
73.0,2,0.0,0.0,0.0,0.0,0.0,0.0,0.0,0.0,0.0,0.0,0.0,0.0,0.0,0.0,0.0,0.0,0.0,0.0,0.0,0.0,0.0,0.0,0.0
73.0,3,0.0,0.0,0.0,0.0,0.0,0.0,0.0,0.0,0.0,0.0,0.0,0.0,0.0,0.0,0.0,0.0,0.0,0.0,0.0,0.0,0.0,0.0,0.0
73.0,4,0.0,0.0,0.0,0.0,0.0,0.0,0.0,0.0,0.0,0.0,0.0,0.0,0.0,0.0,0.0,0.0,0.0,0.0,0.0,0.0,0.0,0.0,0.0
74.0,1,0.0,0.0,0.15,0.29,0.44,0.62,0.82,1.04,1.39,2.32,3.35,4.51,5.68,6.99,8.34,10.61,14.42,18.22,22.31,25.9,28.89,30.0,30.56
74.0,2,0.0,0.0,0.13,0.25,0.37,0.5,0.62,0.75,0.98,1.66,2.37,3.11,3.79,4.42,4.93,6.23,8.67,11.39,15.66,20.34,24.04,26.86,28.06
74.0,3,0.0,0.0,0.13,0.25,0.37,0.5,0.62,0.75,0.98,1.66,2.37,3.11,3.79,4.42,4.93,6.23,8.67,11.39,15.66,20.34,24.04,26.86,28.06
74.0,4,0.0,0.0,0.17,0.33,0.52,0.76,1.01,1.27,1.69,2.78,3.99,5.35,6.86,8.57,10.23,12.93,17.63,21.9,25.71,28.94,32.17,35.72,37.82
75.0,1,0.0,0.0,0.0,0.0,0.0,0.0,0.0,0.0,0.0,0.0,0.0,0.0,0.0,0.0,0.0,0.0,0.0,0.0,0.0,0.0,0.0,0.0,0.0
75.0,2,0.0,0.0,0.0,0.0,0.0,0.0,0.0,0.0,0.0,0.0,0.0,0.0,0.0,0.0,0.0,0.0,0.0,0.0,0.0,0.0,0.0,0.0,0.0
75.0,3,0.0,0.0,0.0,0.0,0.0,0.0,0.0,0.0,0.0,0.0,0.0,0.0,0.0,0.0,0.0,0.0,0.0,0.0,0.0,0.0,0.0,0.0,0.0
75.0,4,0.0,0.0,0.0,0.0,0.0,0.0,0.0,0.0,0.0,0.0,0.0,0.0,0.0,0.0,0.0,0.0,0.0,0.0,0.0,0.0,0.0,0.0,0.0
76.0,1,0.0,0.0,0.02,0.03,0.05,0.07,0.1,0.12,0.16,0.27,0.39,0.52,0.66,0.81,0.97,1.23,1.68,2.12,2.59,3.01,3.36,3.49,3.55
76.0,2,0.0,0.0,0.01,0.03,0.04,0.06,0.07,0.09,0.11,0.19,0.28,0.36,0.44,0.51,0.57,0.72,1.01,1.32,1.82,2.37,2.8,3.12,3.26
76.0,3,0.0,0.0,0.01,0.03,0.04,0.06,0.07,0.09,0.11,0.19,0.28,0.36,0.44,0.51,0.57,0.72,1.01,1.32,1.82,2.37,2.8,3.12,3.26
76.0,4,0.0,0.0,0.02,0.04,0.06,0.09,0.12,0.15,0.2,0.32,0.46,0.62,0.8,1.0,1.19,1.5,2.05,2.55,2.99,3.37,3.74,4.15,4.4
77.0,1,0.7799999999999994,1.2899999999999991,1.3399999999999999,1.3699999999999992,1.4100000000000001,1.4699999999999989,1.5299999999999994,1.5999999999999996,1.6600000000000001,1.7400000000000002,1.83,1.9399999999999995,2.379999999999999,3.0199999999999996,3.8499999999999996,4.789999999999999,5.779999999999999,7.520000000000001,9.069999999999999,9.929999999999998,10.540000000000001,11.089999999999998,11.429999999999998
77.0,2,0.5199999999999996,0.8599999999999994,0.8899999999999988,0.9100000000000001,0.9299999999999997,0.9499999999999993,0.9699999999999989,0.9800000000000004,1.0,1.0199999999999996,1.0399999999999991,1.0700000000000003,1.33,1.6799999999999997,2.08,2.959999999999999,4.359999999999999,5.91,7.999999999999998,10.339999999999998,11.62,13.31,14.01
77.0,3,0.5199999999999996,0.8599999999999994,0.8899999999999988,0.9100000000000001,0.9299999999999997,0.9499999999999993,0.9699999999999989,0.9800000000000004,1.0,1.0199999999999996,1.0399999999999991,1.0700000000000003,1.33,1.6799999999999997,2.08,2.959999999999999,4.359999999999999,5.91,7.999999999999998,10.339999999999998,11.62,13.31,14.01
77.0,4,1.0399999999999991,1.7199999999999989,1.7899999999999991,1.83,1.9000000000000004,1.9900000000000002,2.08,2.17,2.26,2.369999999999999,2.49,2.619999999999999,3.17,3.99,5.01,6.119999999999999,7.369999999999999,9.339999999999998,10.78,11.839999999999998,12.889999999999999,14.06,14.76
78.0,1,0.0,0.0,0.05,0.08,0.12,0.17,0.24,0.3,0.37,0.45,0.54,0.65,1.08,1.73,2.57,3.5,4.5,6.24,7.79,8.66,9.27,9.82,10.16
78.0,2,0.0,0.0,0.03,0.05,0.07,0.09,0.1,0.12,0.14,0.15,0.18,0.21,0.47,0.82,1.22,2.1,3.51,5.06,7.15,9.5,10.78,12.47,13.17
78.0,3,0.0,0.0,0.03,0.05,0.07,0.09,0.1,0.12,0.14,0.15,0.18,0.21,0.47,0.82,1.22,2.1,3.51,5.06,7.15,9.5,10.78,12.47,13.17
78.0,4,0.0,0.0,0.06,0.11,0.17,0.26,0.36,0.45,0.54,0.65,0.76,0.89,1.45,2.27,3.3,4.41,5.65,7.63,9.07,10.14,11.19,12.36,13.06
79.0,1,1.8999999999999986,3.16,3.16,3.16,3.16,3.16,3.16,3.16,3.16,3.16,3.16,3.16,3.16,3.16,3.16,3.16,3.16,3.16,3.16,3.16,3.16,3.16,3.16
79.0,2,1.2699999999999996,2.1099999999999994,2.1099999999999994,2.1099999999999994,2.1099999999999994,2.1099999999999994,2.1099999999999994,2.1099999999999994,2.1099999999999994,2.1099999999999994,2.1099999999999994,2.1099999999999994,2.1099999999999994,2.1099999999999994,2.1099999999999994,2.1099999999999994,2.1099999999999994,2.1099999999999994,2.1099999999999994,2.1099999999999994,2.1099999999999994,2.1099999999999994,2.1099999999999994
79.0,3,1.2699999999999996,2.1099999999999994,2.1099999999999994,2.1099999999999994,2.1099999999999994,2.1099999999999994,2.1099999999999994,2.1099999999999994,2.1099999999999994,2.1099999999999994,2.1099999999999994,2.1099999999999994,2.1099999999999994,2.1099999999999994,2.1099999999999994,2.1099999999999994,2.1099999999999994,2.1099999999999994,2.1099999999999994,2.1099999999999994,2.1099999999999994,2.1099999999999994,2.1099999999999994
79.0,4,2.539999999999999,4.210000000000001,4.210000000000001,4.210000000000001,4.210000000000001,4.210000000000001,4.210000000000001,4.210000000000001,4.210000000000001,4.210000000000001,4.210000000000001,4.210000000000001,4.210000000000001,4.210000000000001,4.210000000000001,4.210000000000001,4.210000000000001,4.210000000000001,4.210000000000001,4.210000000000001,4.210000000000001,4.210000000000001,4.210000000000001
80.0,1,0.0,0.0,0.1,0.17,0.25,0.37,0.51,0.65,0.8,0.97,1.16,1.39,2.34,3.73,5.53,7.54,9.69,13.44,16.79,18.65,19.96,21.16,21.88
80.0,2,0.0,0.0,0.07,0.11,0.15,0.19,0.22,0.26,0.29,0.33,0.38,0.45,1.01,1.76,2.64,4.52,7.56,10.89,15.4,20.46,23.22,26.87,28.37
80.0,3,0.0,0.0,0.07,0.11,0.15,0.19,0.22,0.26,0.29,0.33,0.38,0.45,1.01,1.76,2.64,4.52,7.56,10.89,15.4,20.46,23.22,26.87,28.37
80.0,4,0.0,0.0,0.13,0.23,0.37,0.57,0.77,0.97,1.16,1.39,1.64,1.93,3.13,4.9,7.1,9.49,12.18,16.43,19.54,21.84,24.11,26.63,28.14
81.0,1,0.0,0.0,0.0,0.0,0.0,0.0,0.0,0.0,0.0,0.0,0.0,0.0,0.0,0.0,0.0,0.0,0.0,0.0,0.0,0.0,0.0,0.0,0.0
81.0,2,0.0,0.0,0.0,0.0,0.0,0.0,0.0,0.0,0.0,0.0,0.0,0.0,0.0,0.0,0.0,0.0,0.0,0.0,0.0,0.0,0.0,0.0,0.0
81.0,3,0.0,0.0,0.0,0.0,0.0,0.0,0.0,0.0,0.0,0.0,0.0,0.0,0.0,0.0,0.0,0.0,0.0,0.0,0.0,0.0,0.0,0.0,0.0
81.0,4,0.0,0.0,0.0,0.0,0.0,0.0,0.0,0.0,0.0,0.0,0.0,0.0,0.0,0.0,0.0,0.0,0.0,0.0,0.0,0.0,0.0,0.0,0.0
82.0,1,0.0,0.0,0.01,0.02,0.03,0.04,0.06,0.08,0.09,0.11,0.13,0.16,0.27,0.43,0.64,0.87,1.11,1.54,1.93,2.14,2.29,2.43,2.52
82.0,2,0.0,0.0,0.01,0.01,0.02,0.02,0.03,0.03,0.03,0.04,0.04,0.05,0.12,0.2,0.3,0.52,0.87,1.25,1.77,2.35,2.67,3.09,3.26
82.0,3,0.0,0.0,0.01,0.01,0.02,0.02,0.03,0.03,0.03,0.04,0.04,0.05,0.12,0.2,0.3,0.52,0.87,1.25,1.77,2.35,2.67,3.09,3.26
82.0,4,0.0,0.0,0.02,0.03,0.04,0.07,0.09,0.11,0.13,0.16,0.19,0.22,0.36,0.56,0.82,1.09,1.4,1.89,2.25,2.51,2.77,3.06,3.23
83.0,1,0.0,0.0,0.01,0.01,0.02,0.03,0.05,0.06,0.07,0.09,0.1,0.12,0.21,0.33,0.49,0.68,0.87,1.2,1.5,1.67,1.79,1.89,1.96
83.0,2,0.0,0.0,0.01,0.01,0.01,0.02,0.02,0.02,0.03,0.03,0.03,0.04,0.09,0.16,0.24,0.4,0.68,0.98,1.38,1.83,2.08,2.41,2.54
83.0,3,0.0,0.0,0.01,0.01,0.01,0.02,0.02,0.02,0.03,0.03,0.03,0.04,0.09,0.16,0.24,0.4,0.68,0.98,1.38,1.83,2.08,2.41,2.54
83.0,4,0.0,0.0,0.01,0.02,0.03,0.05,0.07,0.09,0.1,0.12,0.15,0.17,0.28,0.44,0.64,0.85,1.09,1.47,1.75,1.96,2.16,2.38,2.52
84.0,1,0.0,0.0,0.0,0.0,0.0,0.0,0.0,0.0,0.0,0.0,0.0,0.0,0.0,0.0,0.0,0.0,0.0,0.0,0.0,0.0,0.0,0.0,0.0
84.0,2,0.0,0.0,0.0,0.0,0.0,0.0,0.0,0.0,0.0,0.0,0.0,0.0,0.0,0.0,0.0,0.0,0.0,0.0,0.0,0.0,0.0,0.0,0.0
84.0,3,0.0,0.0,0.0,0.0,0.0,0.0,0.0,0.0,0.0,0.0,0.0,0.0,0.0,0.0,0.0,0.0,0.0,0.0,0.0,0.0,0.0,0.0,0.0
84.0,4,0.0,0.0,0.0,0.0,0.0,0.0,0.0,0.0,0.0,0.0,0.0,0.0,0.0,0.0,0.0,0.0,0.0,0.0,0.0,0.0,0.0,0.0,0.0
85.0,1,0.0,0.0,0.0,0.01,0.01,0.01,0.02,0.02,0.03,0.03,0.04,0.05,0.08,0.13,0.2,0.27,0.35,0.48,0.6,0.67,0.72,0.76,0.78
85.0,2,0.0,0.0,0.0,0.0,0.01,0.01,0.01,0.01,0.01,0.01,0.01,0.02,0.04,0.06,0.09,0.16,0.27,0.39,0.55,0.73,0.83,0.96,1.02
85.0,3,0.0,0.0,0.0,0.0,0.01,0.01,0.01,0.01,0.01,0.01,0.01,0.02,0.04,0.06,0.09,0.16,0.27,0.39,0.55,0.73,0.83,0.96,1.02
85.0,4,0.0,0.0,0.0,0.01,0.01,0.02,0.03,0.03,0.04,0.05,0.06,0.07,0.11,0.18,0.25,0.34,0.44,0.59,0.7,0.78,0.86,0.95,1.01
86.0,1,0.0,0.0,0.0,0.0,0.0,0.0,0.0,0.0,0.0,0.0,0.0,0.0,0.0,0.0,0.0,0.0,0.0,0.0,0.0,0.0,0.0,0.0,0.0
86.0,2,0.0,0.0,0.0,0.0,0.0,0.0,0.0,0.0,0.0,0.0,0.0,0.0,0.0,0.0,0.0,0.0,0.0,0.0,0.0,0.0,0.0,0.0,0.0
86.0,3,0.0,0.0,0.0,0.0,0.0,0.0,0.0,0.0,0.0,0.0,0.0,0.0,0.0,0.0,0.0,0.0,0.0,0.0,0.0,0.0,0.0,0.0,0.0
86.0,4,0.0,0.0,0.0,0.0,0.0,0.0,0.0,0.0,0.0,0.0,0.0,0.0,0.0,0.0,0.0,0.0,0.0,0.0,0.0,0.0,0.0,0.0,0.0
87.0,1,0.0,0.0,0.0,0.0,0.01,0.01,0.02,0.02,0.02,0.03,0.03,0.04,0.07,0.11,0.17,0.23,0.29,0.4,0.5,0.56,0.6,0.63,0.65
87.0,2,0.0,0.0,0.0,0.0,0.0,0.01,0.01,0.01,0.01,0.01,0.01,0.01,0.03,0.05,0.08,0.13,0.23,0.33,0.46,0.61,0.69,0.8,0.85
87.0,3,0.0,0.0,0.0,0.0,0.0,0.01,0.01,0.01,0.01,0.01,0.01,0.01,0.03,0.05,0.08,0.13,0.23,0.33,0.46,0.61,0.69,0.8,0.85
87.0,4,0.0,0.0,0.0,0.01,0.01,0.02,0.02,0.03,0.03,0.04,0.05,0.06,0.09,0.15,0.21,0.28,0.36,0.49,0.58,0.65,0.72,0.8,0.84
88.0,1,0.0,0.0,0.01,0.01,0.02,0.03,0.04,0.05,0.06,0.07,0.08,0.1,0.17,0.27,0.4,0.54,0.69,0.96,1.2,1.34,1.43,1.52,1.57
88.0,2,0.0,0.0,0.0,0.01,0.01,0.01,0.02,0.02,0.02,0.02,0.03,0.03,0.07,0.13,0.19,0.32,0.54,0.78,1.1,1.47,1.66,1.93,2.03
88.0,3,0.0,0.0,0.0,0.01,0.01,0.01,0.02,0.02,0.02,0.02,0.03,0.03,0.07,0.13,0.19,0.32,0.54,0.78,1.1,1.47,1.66,1.93,2.03
88.0,4,0.0,0.0,0.01,0.02,0.03,0.04,0.05,0.07,0.08,0.1,0.12,0.14,0.22,0.35,0.51,0.68,0.87,1.18,1.4,1.56,1.73,1.91,2.02
89.0,1,0.0,0.0,0.0,0.0,0.0,0.0,0.0,0.0,0.0,0.0,0.0,0.0,0.0,0.0,0.0,0.0,0.0,0.0,0.0,0.0,0.0,0.0,0.0
89.0,2,0.0,0.0,0.0,0.0,0.0,0.0,0.0,0.0,0.0,0.0,0.0,0.0,0.0,0.0,0.0,0.0,0.0,0.0,0.0,0.0,0.0,0.0,0.0
89.0,3,0.0,0.0,0.0,0.0,0.0,0.0,0.0,0.0,0.0,0.0,0.0,0.0,0.0,0.0,0.0,0.0,0.0,0.0,0.0,0.0,0.0,0.0,0.0
89.0,4,0.0,0.0,0.0,0.0,0.0,0.0,0.0,0.0,0.0,0.0,0.0,0.0,0.0,0.0,0.0,0.0,0.0,0.0,0.0,0.0,0.0,0.0,0.0
90.0,1,0.0,0.0,0.03,0.05,0.08,0.11,0.16,0.2,0.25,0.3,0.36,0.43,0.72,1.15,1.71,2.33,2.99,4.15,5.19,5.76,6.17,6.54,6.76
90.0,2,0.0,0.0,0.02,0.03,0.05,0.06,0.07,0.08,0.09,0.1,0.12,0.14,0.31,0.54,0.82,1.4,2.34,3.36,4.76,6.32,7.17,8.3,8.77
90.0,3,0.0,0.0,0.02,0.03,0.05,0.06,0.07,0.08,0.09,0.1,0.12,0.14,0.31,0.54,0.82,1.4,2.34,3.36,4.76,6.32,7.17,8.3,8.77
90.0,4,0.0,0.0,0.04,0.07,0.11,0.18,0.24,0.3,0.36,0.43,0.51,0.6,0.97,1.51,2.19,2.93,3.76,5.08,6.04,6.75,7.45,8.23,8.7
91.0,1,0.0,0.0,0.0,0.0,0.01,0.01,0.02,0.02,0.02,0.03,0.03,0.04,0.07,0.11,0.17,0.23,0.29,0.4,0.5,0.56,0.6,0.63,0.65
91.0,2,0.0,0.0,0.0,0.0,0.0,0.01,0.01,0.01,0.01,0.01,0.01,0.01,0.03,0.05,0.08,0.13,0.23,0.33,0.46,0.61,0.69,0.8,0.85
91.0,3,0.0,0.0,0.0,0.0,0.0,0.01,0.01,0.01,0.01,0.01,0.01,0.01,0.03,0.05,0.08,0.13,0.23,0.33,0.46,0.61,0.69,0.8,0.85
91.0,4,0.0,0.0,0.0,0.01,0.01,0.02,0.02,0.03,0.03,0.04,0.05,0.06,0.09,0.15,0.21,0.28,0.36,0.49,0.58,0.65,0.72,0.8,0.84
92.0,1,0.0,0.0,0.02,0.03,0.05,0.07,0.1,0.12,0.15,0.18,0.22,0.27,0.45,0.71,1.06,1.44,1.85,2.57,3.21,3.56,3.81,4.04,4.18
92.0,2,0.0,0.0,0.01,0.02,0.03,0.04,0.04,0.05,0.06,0.06,0.07,0.09,0.19,0.34,0.5,0.86,1.44,2.08,2.94,3.91,4.44,5.13,5.42
92.0,3,0.0,0.0,0.01,0.02,0.03,0.04,0.04,0.05,0.06,0.06,0.07,0.09,0.19,0.34,0.5,0.86,1.44,2.08,2.94,3.91,4.44,5.13,5.42
92.0,4,0.0,0.0,0.03,0.04,0.07,0.11,0.15,0.18,0.22,0.27,0.31,0.37,0.6,0.94,1.36,1.81,2.33,3.14,3.73,4.17,4.61,5.09,5.38
93.0,1,0.0,0.0,0.0,0.0,0.0,0.0,0.0,0.0,0.0,0.0,0.0,0.0,0.0,0.0,0.0,0.0,0.0,0.0,0.0,0.0,0.0,0.0,0.0
93.0,2,0.0,0.0,0.0,0.0,0.0,0.0,0.0,0.0,0.0,0.0,0.0,0.0,0.0,0.0,0.0,0.0,0.0,0.0,0.0,0.0,0.0,0.0,0.0
93.0,3,0.0,0.0,0.0,0.0,0.0,0.0,0.0,0.0,0.0,0.0,0.0,0.0,0.0,0.0,0.0,0.0,0.0,0.0,0.0,0.0,0.0,0.0,0.0
93.0,4,0.0,0.0,0.0,0.0,0.0,0.0,0.0,0.0,0.0,0.0,0.0,0.0,0.0,0.0,0.0,0.0,0.0,0.0,0.0,0.0,0.0,0.0,0.0
94.0,1,0.0,0.0,0.01,0.01,0.02,0.03,0.05,0.06,0.07,0.09,0.1,0.12,0.21,0.33,0.49,0.68,0.87,1.2,1.5,1.67,1.79,1.89,1.96
94.0,2,0.0,0.0,0.01,0.01,0.01,0.02,0.02,0.02,0.03,0.03,0.03,0.04,0.09,0.16,0.24,0.4,0.68,0.98,1.38,1.83,2.08,2.41,2.54
94.0,3,0.0,0.0,0.01,0.01,0.01,0.02,0.02,0.02,0.03,0.03,0.03,0.04,0.09,0.16,0.24,0.4,0.68,0.98,1.38,1.83,2.08,2.41,2.54
94.0,4,0.0,0.0,0.01,0.02,0.03,0.05,0.07,0.09,0.1,0.12,0.15,0.17,0.28,0.44,0.64,0.85,1.09,1.47,1.75,1.96,2.16,2.38,2.52
95.0,1,0.0,0.0,0.15,0.29,0.44,0.62,0.82,1.04,1.39,2.32,3.35,4.51,5.68,6.99,8.34,10.61,14.42,18.22,22.31,25.9,28.89,30.0,30.56
95.0,2,0.0,0.0,0.13,0.25,0.37,0.5,0.62,0.75,0.98,1.66,2.37,3.11,3.79,4.42,4.93,6.23,8.67,11.39,15.66,20.34,24.04,26.86,28.06
95.0,3,0.0,0.0,0.13,0.25,0.37,0.5,0.62,0.75,0.98,1.66,2.37,3.11,3.79,4.42,4.93,6.23,8.67,11.39,15.66,20.34,24.04,26.86,28.06
95.0,4,0.0,0.0,0.17,0.33,0.52,0.76,1.01,1.27,1.69,2.78,3.99,5.35,6.86,8.57,10.23,12.93,17.63,21.9,25.71,28.94,32.17,35.72,37.82
96.0,1,0.0,0.0,0.01,0.01,0.02,0.03,0.04,0.05,0.06,0.08,0.09,0.11,0.19,0.3,0.45,0.61,0.78,1.08,1.35,1.5,1.61,1.71,1.76
96.0,2,0.0,0.0,0.01,0.01,0.01,0.02,0.02,0.02,0.02,0.03,0.03,0.04,0.08,0.14,0.21,0.36,0.61,0.88,1.24,1.65,1.87,2.17,2.29
96.0,3,0.0,0.0,0.01,0.01,0.01,0.02,0.02,0.02,0.02,0.03,0.03,0.04,0.08,0.14,0.21,0.36,0.61,0.88,1.24,1.65,1.87,2.17,2.29
96.0,4,0.0,0.0,0.01,0.02,0.03,0.05,0.06,0.08,0.09,0.11,0.13,0.16,0.25,0.39,0.57,0.77,0.98,1.32,1.57,1.76,1.94,2.15,2.27
97.0,1,0.0,0.0,0.05,0.09,0.13,0.19,0.27,0.34,0.41,0.5,0.6,0.72,1.21,1.94,2.87,3.92,5.03,6.98,8.72,9.69,10.37,10.99,11.37
97.0,2,0.0,0.0,0.03,0.06,0.08,0.1,0.12,0.13,0.15,0.17,0.2,0.23,0.52,0.91,1.37,2.35,3.93,5.66,8.0,10.63,12.06,13.96,14.74
97.0,3,0.0,0.0,0.03,0.06,0.08,0.1,0.12,0.13,0.15,0.17,0.2,0.23,0.52,0.91,1.37,2.35,3.93,5.66,8.0,10.63,12.06,13.96,14.74
97.0,4,0.0,0.0,0.07,0.12,0.19,0.3,0.4,0.5,0.6,0.72,0.85,1.0,1.63,2.54,3.69,4.93,6.33,8.53,10.15,11.34,12.52,13.83,14.62
98.0,1,0.10000000000000009,0.16999999999999993,0.16999999999999993,0.16999999999999993,0.16999999999999993,0.16999999999999993,0.16999999999999993,0.16999999999999993,0.16999999999999993,0.16999999999999993,0.16999999999999993,0.16999999999999993,0.16999999999999993,0.16999999999999993,0.16999999999999993,0.16999999999999993,0.16999999999999993,0.16999999999999993,0.16999999999999993,0.16999999999999993,0.16999999999999993,0.16999999999999993,0.16999999999999993
98.0,2,0.07000000000000006,0.10999999999999988,0.10999999999999988,0.10999999999999988,0.10999999999999988,0.10999999999999988,0.10999999999999988,0.10999999999999988,0.10999999999999988,0.10999999999999988,0.10999999999999988,0.10999999999999988,0.10999999999999988,0.10999999999999988,0.10999999999999988,0.10999999999999988,0.10999999999999988,0.10999999999999988,0.10999999999999988,0.10999999999999988,0.10999999999999988,0.10999999999999988,0.10999999999999988
98.0,3,0.07000000000000006,0.10999999999999988,0.10999999999999988,0.10999999999999988,0.10999999999999988,0.10999999999999988,0.10999999999999988,0.10999999999999988,0.10999999999999988,0.10999999999999988,0.10999999999999988,0.10999999999999988,0.10999999999999988,0.10999999999999988,0.10999999999999988,0.10999999999999988,0.10999999999999988,0.10999999999999988,0.10999999999999988,0.10999999999999988,0.10999999999999988,0.10999999999999988,0.10999999999999988
98.0,4,0.1399999999999999,0.21999999999999997,0.21999999999999997,0.21999999999999997,0.21999999999999997,0.21999999999999997,0.21999999999999997,0.21999999999999997,0.21999999999999997,0.21999999999999997,0.21999999999999997,0.21999999999999997,0.21999999999999997,0.21999999999999997,0.21999999999999997,0.21999999999999997,0.21999999999999997,0.21999999999999997,0.21999999999999997,0.21999999999999997,0.21999999999999997,0.21999999999999997,0.21999999999999997
99.0,1,0.0,0.0,0.1,0.17,0.25,0.37,0.51,0.65,0.79,0.96,1.16,1.38,2.32,3.7,5.49,7.5,9.63,13.35,16.68,18.53,19.84,21.03,21.75
99.0,2,0.0,0.0,0.07,0.11,0.15,0.19,0.22,0.26,0.29,0.33,0.38,0.45,1.0,1.75,2.62,4.49,7.51,10.82,15.31,20.33,23.08,26.7,28.2
99.0,3,0.0,0.0,0.07,0.11,0.15,0.19,0.22,0.26,0.29,0.33,0.38,0.45,1.0,1.75,2.62,4.49,7.51,10.82,15.31,20.33,23.08,26.7,28.2
99.0,4,0.0,0.0,0.13,0.23,0.37,0.57,0.76,0.96,1.16,1.38,1.63,1.92,3.11,4.87,7.06,9.43,12.1,16.33,19.42,21.7,23.96,26.46,27.97
100.0,1,0.0,0.0,0.02,0.04,0.05,0.08,0.11,0.14,0.17,0.2,0.24,0.29,0.49,0.78,1.16,1.59,2.04,2.83,3.53,3.92,4.2,4.45,4.6
100.0,2,0.0,0.0,0.01,0.02,0.03,0.04,0.05,0.05,0.06,0.07,0.08,0.09,0.21,0.37,0.55,0.95,1.59,2.29,3.24,4.3,4.88,5.65,5.97
100.0,3,0.0,0.0,0.01,0.02,0.03,0.04,0.05,0.05,0.06,0.07,0.08,0.09,0.21,0.37,0.55,0.95,1.59,2.29,3.24,4.3,4.88,5.65,5.97
100.0,4,0.0,0.0,0.03,0.05,0.08,0.12,0.16,0.2,0.24,0.29,0.35,0.41,0.66,1.03,1.49,2.0,2.56,3.46,4.11,4.59,5.07,5.6,5.92
101.0,1,0.0,0.0,0.08,0.14,0.21,0.32,0.44,0.56,0.68,0.82,0.99,1.19,1.99,3.18,4.72,6.44,8.27,11.47,14.32,15.91,17.03,18.05,18.67
101.0,2,0.0,0.0,0.06,0.09,0.13,0.16,0.19,0.22,0.25,0.28,0.33,0.38,0.86,1.5,2.25,3.86,6.45,9.29,13.14,17.46,19.81,22.92,24.21
101.0,3,0.0,0.0,0.06,0.09,0.13,0.16,0.19,0.22,0.25,0.28,0.33,0.38,0.86,1.5,2.25,3.86,6.45,9.29,13.14,17.46,19.81,22.92,24.21
101.0,4,0.0,0.0,0.11,0.2,0.32,0.49,0.65,0.82,0.99,1.19,1.4,1.64,2.67,4.18,6.06,8.1,10.39,14.02,16.67,18.63,20.57,22.72,24.01
102.0,1,0.0,0.0,0.0,0.01,0.01,0.02,0.02,0.03,0.04,0.05,0.06,0.07,0.11,0.18,0.26,0.36,0.46,0.64,0.8,0.89,0.95,1.01,1.05
102.0,2,0.0,0.0,0.0,0.01,0.01,0.01,0.01,0.01,0.01,0.02,0.02,0.02,0.05,0.08,0.13,0.22,0.36,0.52,0.74,0.98,1.11,1.28,1.36
102.0,3,0.0,0.0,0.0,0.01,0.01,0.01,0.01,0.01,0.01,0.02,0.02,0.02,0.05,0.08,0.13,0.22,0.36,0.52,0.74,0.98,1.11,1.28,1.36
102.0,4,0.0,0.0,0.01,0.01,0.02,0.03,0.04,0.05,0.06,0.07,0.08,0.09,0.15,0.23,0.34,0.45,0.58,0.78,0.93,1.04,1.15,1.27,1.34
103.0,1,0.0,0.0,0.06,0.1,0.15,0.22,0.3,0.39,0.47,0.57,0.69,0.82,1.38,2.21,3.28,4.47,5.74,7.96,9.95,11.05,11.83,12.54,12.97
103.0,2,0.0,0.0,0.04,0.06,0.09,0.11,0.13,0.15,0.17,0.2,0.23,0.27,0.6,1.04,1.56,2.68,4.48,6.45,9.13,12.12,13.76,15.92,16.81
103.0,3,0.0,0.0,0.04,0.06,0.09,0.11,0.13,0.15,0.17,0.2,0.23,0.27,0.6,1.04,1.56,2.68,4.48,6.45,9.13,12.12,13.76,15.92,16.81
103.0,4,0.0,0.0,0.08,0.14,0.22,0.34,0.45,0.57,0.69,0.82,0.97,1.14,1.85,2.9,4.21,5.62,7.22,9.74,11.58,12.94,14.29,15.78,16.68
104.0,1,0.0,0.0,0.01,0.02,0.04,0.06,0.08,0.1,0.12,0.14,0.17,0.21,0.35,0.56,0.82,1.13,1.45,2.01,2.51,2.78,2.98,3.16,3.27
104.0,2,0.0,0.0,0.01,0.02,0.02,0.03,0.03,0.04,0.04,0.05,0.06,0.07,0.15,0.26,0.39,0.67,1.13,1.63,2.3,3.05,3.47,4.01,4.23
104.0,3,0.0,0.0,0.01,0.02,0.02,0.03,0.03,0.04,0.04,0.05,0.06,0.07,0.15,0.26,0.39,0.67,1.13,1.63,2.3,3.05,3.47,4.01,4.23
104.0,4,0.0,0.0,0.02,0.03,0.06,0.08,0.11,0.14,0.17,0.21,0.25,0.29,0.47,0.73,1.06,1.42,1.82,2.45,2.92,3.26,3.6,3.97,4.2
105.0,1,0.0,0.0,0.12,0.21,0.32,0.47,0.64,0.82,1.0,1.21,1.46,1.74,2.93,4.67,6.93,9.47,12.16,16.86,21.06,23.4,25.05,26.55,27.46
105.0,2,0.0,0.0,0.08,0.14,0.19,0.23,0.28,0.32,0.37,0.42,0.48,0.56,1.26,2.21,3.31,5.67,9.48,13.66,19.32,25.67,29.13,33.71,35.6
105.0,3,0.0,0.0,0.08,0.14,0.19,0.23,0.28,0.32,0.37,0.42,0.48,0.56,1.26,2.21,3.31,5.67,9.48,13.66,19.32,25.67,29.13,33.71,35.6
105.0,4,0.0,0.0,0.16,0.29,0.47,0.71,0.96,1.21,1.46,1.74,2.06,2.42,3.93,6.15,8.91,11.91,15.28,20.62,24.52,27.4,30.25,33.41,35.31
106.0,1,0.0,0.0,0.03,0.06,0.09,0.13,0.18,0.22,0.27,0.33,0.4,0.48,0.8,1.28,1.9,2.59,3.33,4.61,5.76,6.4,6.85,7.26,7.51
106.0,2,0.0,0.0,0.02,0.04,0.05,0.06,0.08,0.09,0.1,0.11,0.13,0.15,0.35,0.6,0.91,1.55,2.59,3.74,5.29,7.02,7.97,9.22,9.74
106.0,3,0.0,0.0,0.02,0.04,0.05,0.06,0.08,0.09,0.1,0.11,0.13,0.15,0.35,0.6,0.91,1.55,2.59,3.74,5.29,7.02,7.97,9.22,9.74
106.0,4,0.0,0.0,0.04,0.08,0.13,0.2,0.26,0.33,0.4,0.48,0.56,0.66,1.07,1.68,2.44,3.26,4.18,5.64,6.71,7.5,8.28,9.14,9.66
107.0,1,0.1399999999999999,0.24,0.32000000000000006,0.3899999999999999,0.45999999999999974,0.5700000000000001,0.7,0.8200000000000001,0.95,1.0999999999999999,1.28,1.49,2.34,3.59,5.21,7.03,8.959999999999999,12.33,15.34,17.02,18.2,19.279999999999998,19.93
107.0,2,0.08999999999999986,0.15999999999999992,0.21999999999999997,0.24999999999999978,0.2899999999999998,0.32999999999999985,0.3600000000000001,0.3899999999999999,0.42000000000000015,0.45999999999999974,0.4999999999999998,0.5599999999999998,1.0599999999999998,1.74,2.5300000000000002,4.22,6.96,9.959999999999999,14.02,18.57,21.06,24.34,25.689999999999998
107.0,3,0.08999999999999986,0.15999999999999992,0.21999999999999997,0.24999999999999978,0.2899999999999998,0.32999999999999985,0.3600000000000001,0.3899999999999999,0.42000000000000015,0.45999999999999974,0.4999999999999998,0.5599999999999998,1.0599999999999998,1.74,2.5300000000000002,4.22,6.96,9.959999999999999,14.02,18.57,21.06,24.34,25.689999999999998
107.0,4,0.18999999999999995,0.30999999999999983,0.42999999999999994,0.5199999999999998,0.6500000000000001,0.8299999999999998,0.9999999999999998,1.18,1.36,1.5599999999999998,1.7899999999999998,2.05,3.13,4.72,6.7,8.86,11.28,15.099999999999998,17.9,19.97,22.009999999999998,24.279999999999998,25.64
108.0,1,0.0,0.0,0.03,0.06,0.08,0.12,0.17,0.22,0.27,0.32,0.39,0.46,0.78,1.25,1.85,2.52,3.24,4.49,5.61,6.23,6.68,7.07,7.32
108.0,2,0.0,0.0,0.02,0.04,0.05,0.06,0.07,0.09,0.1,0.11,0.13,0.15,0.34,0.59,0.88,1.51,2.53,3.64,5.15,6.84,7.76,8.98,9.49
108.0,3,0.0,0.0,0.02,0.04,0.05,0.06,0.07,0.09,0.1,0.11,0.13,0.15,0.34,0.59,0.88,1.51,2.53,3.64,5.15,6.84,7.76,8.98,9.49
108.0,4,0.0,0.0,0.04,0.08,0.12,0.19,0.26,0.32,0.39,0.46,0.55,0.64,1.05,1.64,2.37,3.17,4.07,5.49,6.53,7.3,8.06,8.9,9.41
109.0,1,0.0,0.0,0.0,0.0,0.01,0.01,0.02,0.02,0.02,0.03,0.03,0.04,0.07,0.11,0.17,0.23,0.29,0.4,0.5,0.56,0.6,0.63,0.65
109.0,2,0.0,0.0,0.0,0.0,0.0,0.01,0.01,0.01,0.01,0.01,0.01,0.01,0.03,0.05,0.08,0.13,0.23,0.33,0.46,0.61,0.69,0.8,0.85
109.0,3,0.0,0.0,0.0,0.0,0.0,0.01,0.01,0.01,0.01,0.01,0.01,0.01,0.03,0.05,0.08,0.13,0.23,0.33,0.46,0.61,0.69,0.8,0.85
109.0,4,0.0,0.0,0.0,0.01,0.01,0.02,0.02,0.03,0.03,0.04,0.05,0.06,0.09,0.15,0.21,0.28,0.36,0.49,0.58,0.65,0.72,0.8,0.84
110.0,1,0.0,0.0,0.0,0.0,0.0,0.0,0.0,0.0,0.0,0.0,0.0,0.0,0.0,0.0,0.0,0.0,0.0,0.0,0.0,0.0,0.0,0.0,0.0
110.0,2,0.0,0.0,0.0,0.0,0.0,0.0,0.0,0.0,0.0,0.0,0.0,0.0,0.0,0.0,0.0,0.0,0.0,0.0,0.0,0.0,0.0,0.0,0.0
110.0,3,0.0,0.0,0.0,0.0,0.0,0.0,0.0,0.0,0.0,0.0,0.0,0.0,0.0,0.0,0.0,0.0,0.0,0.0,0.0,0.0,0.0,0.0,0.0
110.0,4,0.0,0.0,0.0,0.0,0.0,0.0,0.0,0.0,0.0,0.0,0.0,0.0,0.0,0.0,0.0,0.0,0.0,0.0,0.0,0.0,0.0,0.0,0.0
111.0,1,0.18999999999999995,0.31000000000000005,0.41000000000000014,0.48,0.5700000000000003,0.6800000000000002,0.8300000000000001,0.9700000000000002,1.1099999999999999,1.2800000000000002,1.48,1.6999999999999997,2.65,4.040000000000001,5.84,7.859999999999999,10.01,13.749999999999998,17.1,18.96,20.28,21.470000000000002,22.200000000000003
111.0,2,0.1299999999999999,0.20999999999999996,0.27,0.3200000000000003,0.3599999999999999,0.3999999999999999,0.43000000000000016,0.4700000000000002,0.5,0.54,0.5900000000000003,0.6600000000000001,1.2200000000000002,1.9700000000000002,2.85,4.73,7.77,11.1,15.610000000000001,20.67,23.43,27.080000000000002,28.580000000000002
111.0,3,0.1299999999999999,0.20999999999999996,0.27,0.3200000000000003,0.3599999999999999,0.3999999999999999,0.43000000000000016,0.4700000000000002,0.5,0.54,0.5900000000000003,0.6600000000000001,1.2200000000000002,1.9700000000000002,2.85,4.73,7.77,11.1,15.610000000000001,20.67,23.43,27.080000000000002,28.580000000000002
111.0,4,0.25,0.41999999999999993,0.5500000000000003,0.6499999999999999,0.79,0.9900000000000002,1.19,1.38,1.58,1.81,2.06,2.35,3.5500000000000003,5.32,7.52,9.91,12.6,16.85,19.96,22.25,24.53,27.05,28.560000000000002
112.0,1,0.0,0.0,0.04,0.07,0.1,0.15,0.2,0.26,0.32,0.38,0.46,0.55,0.93,1.48,2.19,3.0,3.85,5.34,6.66,7.4,7.93,8.4,8.69
112.0,2,0.0,0.0,0.03,0.04,0.06,0.07,0.09,0.1,0.12,0.13,0.15,0.18,0.4,0.7,1.05,1.79,3.0,4.32,6.11,8.12,9.22,10.67,11.26
112.0,3,0.0,0.0,0.03,0.04,0.06,0.07,0.09,0.1,0.12,0.13,0.15,0.18,0.4,0.7,1.05,1.79,3.0,4.32,6.11,8.12,9.22,10.67,11.26
112.0,4,0.0,0.0,0.05,0.09,0.15,0.23,0.3,0.38,0.46,0.55,0.65,0.77,1.24,1.94,2.82,3.77,4.84,6.52,7.76,8.67,9.57,10.57,11.17
113.0,1,0.0,0.0,0.08,0.14,0.2,0.3,0.42,0.53,0.64,0.78,0.94,1.13,1.89,3.02,4.48,6.12,7.86,10.9,13.61,15.12,16.19,17.15,17.74
113.0,2,0.0,0.0,0.05,0.09,0.12,0.15,0.18,0.21,0.24,0.27,0.31,0.36,0.82,1.43,2.14,3.66,6.13,8.83,12.49,16.59,18.83,21.79,23.0
113.0,3,0.0,0.0,0.05,0.09,0.12,0.15,0.18,0.21,0.24,0.27,0.31,0.36,0.82,1.43,2.14,3.66,6.13,8.83,12.49,16.59,18.83,21.79,23.0
113.0,4,0.0,0.0,0.11,0.19,0.3,0.46,0.62,0.78,0.94,1.13,1.33,1.56,2.54,3.97,5.76,7.7,9.88,13.32,15.84,17.7,19.55,21.59,22.82
114.0,1,0.0,0.0,0.0,0.0,0.0,0.0,0.0,0.0,0.0,0.0,0.0,0.0,0.0,0.0,0.0,0.0,0.0,0.0,0.0,0.0,0.0,0.0,0.0
114.0,2,0.0,0.0,0.0,0.0,0.0,0.0,0.0,0.0,0.0,0.0,0.0,0.0,0.0,0.0,0.0,0.0,0.0,0.0,0.0,0.0,0.0,0.0,0.0
114.0,3,0.0,0.0,0.0,0.0,0.0,0.0,0.0,0.0,0.0,0.0,0.0,0.0,0.0,0.0,0.0,0.0,0.0,0.0,0.0,0.0,0.0,0.0,0.0
114.0,4,0.0,0.0,0.0,0.0,0.0,0.0,0.0,0.0,0.0,0.0,0.0,0.0,0.0,0.0,0.0,0.0,0.0,0.0,0.0,0.0,0.0,0.0,0.0
115.0,1,0.0,0.0,0.04,0.06,0.1,0.14,0.2,0.25,0.3,0.37,0.44,0.53,0.89,1.42,2.1,2.87,3.69,5.11,6.39,7.1,7.6,8.05,8.33
115.0,2,0.0,0.0,0.02,0.04,0.06,0.07,0.09,0.1,0.11,0.13,0.15,0.17,0.38,0.67,1.0,1.72,2.88,4.14,5.86,7.79,8.84,10.23,10.8
115.0,3,0.0,0.0,0.02,0.04,0.06,0.07,0.09,0.1,0.11,0.13,0.15,0.17,0.38,0.67,1.0,1.72,2.88,4.14,5.86,7.79,8.84,10.23,10.8
115.0,4,0.0,0.0,0.05,0.09,0.14,0.22,0.29,0.37,0.44,0.53,0.63,0.73,1.19,1.86,2.7,3.61,4.64,6.25,7.44,8.31,9.18,10.13,10.71
116.0,1,0.0,0.0,0.0,0.0,0.0,0.0,0.0,0.0,0.0,0.0,0.0,0.0,0.0,0.0,0.0,0.0,0.0,0.0,0.0,0.0,0.0,0.0,0.0
116.0,2,0.0,0.0,0.0,0.0,0.0,0.0,0.0,0.0,0.0,0.0,0.0,0.0,0.0,0.0,0.0,0.0,0.0,0.0,0.0,0.0,0.0,0.0,0.0
116.0,3,0.0,0.0,0.0,0.0,0.0,0.0,0.0,0.0,0.0,0.0,0.0,0.0,0.0,0.0,0.0,0.0,0.0,0.0,0.0,0.0,0.0,0.0,0.0
116.0,4,0.0,0.0,0.0,0.0,0.0,0.0,0.0,0.0,0.0,0.0,0.0,0.0,0.0,0.0,0.0,0.0,0.0,0.0,0.0,0.0,0.0,0.0,0.0
117.0,1,0.0,0.0,0.09,0.16,0.24,0.35,0.48,0.61,0.74,0.9,1.09,1.3,2.18,3.48,5.16,7.04,9.04,12.54,15.66,17.4,18.63,19.74,20.42
117.0,2,0.0,0.0,0.06,0.1,0.14,0.17,0.21,0.24,0.27,0.31,0.36,0.42,0.94,1.64,2.46,4.22,7.05,10.16,14.37,19.09,21.66,25.07,26.47
117.0,3,0.0,0.0,0.06,0.1,0.14,0.17,0.21,0.24,0.27,0.31,0.36,0.42,0.94,1.64,2.46,4.22,7.05,10.16,14.37,19.09,21.66,25.07,26.47
117.0,4,0.0,0.0,0.12,0.21,0.35,0.53,0.72,0.9,1.09,1.3,1.53,1.8,2.92,4.57,6.62,8.86,11.36,15.33,18.23,20.37,22.49,24.84,26.25
118.0,1,0.0,0.0,0.01,0.02,0.03,0.04,0.05,0.07,0.08,0.1,0.12,0.14,0.24,0.38,0.57,0.78,1.0,1.38,1.73,1.92,2.06,2.18,2.25
118.0,2,0.0,0.0,0.01,0.01,0.02,0.02,0.02,0.03,0.03,0.03,0.04,0.05,0.1,0.18,0.27,0.47,0.78,1.12,1.59,2.11,2.39,2.77,2.92
118.0,3,0.0,0.0,0.01,0.01,0.02,0.02,0.02,0.03,0.03,0.03,0.04,0.05,0.1,0.18,0.27,0.47,0.78,1.12,1.59,2.11,2.39,2.77,2.92
118.0,4,0.0,0.0,0.01,0.02,0.04,0.06,0.08,0.1,0.12,0.14,0.17,0.2,0.32,0.5,0.73,0.98,1.25,1.69,2.01,2.25,2.48,2.74,2.9
119.0,1,0.0,0.0,0.03,0.06,0.09,0.13,0.18,0.22,0.27,0.33,0.4,0.48,0.8,1.28,1.9,2.59,3.32,4.61,5.76,6.4,6.85,7.26,7.51
119.0,2,0.0,0.0,0.02,0.04,0.05,0.06,0.08,0.09,0.1,0.11,0.13,0.15,0.35,0.6,0.91,1.55,2.59,3.74,5.28,7.02,7.96,9.22,9.73
119.0,3,0.0,0.0,0.02,0.04,0.05,0.06,0.08,0.09,0.1,0.11,0.13,0.15,0.35,0.6,0.91,1.55,2.59,3.74,5.28,7.02,7.96,9.22,9.73
119.0,4,0.0,0.0,0.04,0.08,0.13,0.2,0.26,0.33,0.4,0.48,0.56,0.66,1.07,1.68,2.44,3.26,4.18,5.64,6.7,7.49,8.27,9.13,9.65
120.0,1,0.0,0.0,0.0,0.0,0.0,0.0,0.0,0.0,0.0,0.0,0.0,0.0,0.0,0.0,0.0,0.0,0.0,0.0,0.0,0.0,0.0,0.0,0.0
120.0,2,0.0,0.0,0.0,0.0,0.0,0.0,0.0,0.0,0.0,0.0,0.0,0.0,0.0,0.0,0.0,0.0,0.0,0.0,0.0,0.0,0.0,0.0,0.0
120.0,3,0.0,0.0,0.0,0.0,0.0,0.0,0.0,0.0,0.0,0.0,0.0,0.0,0.0,0.0,0.0,0.0,0.0,0.0,0.0,0.0,0.0,0.0,0.0
120.0,4,0.0,0.0,0.0,0.0,0.0,0.0,0.0,0.0,0.0,0.0,0.0,0.0,0.0,0.0,0.0,0.0,0.0,0.0,0.0,0.0,0.0,0.0,0.0
121.0,1,0.0,0.0,0.01,0.01,0.02,0.02,0.03,0.04,0.05,0.06,0.07,0.08,0.14,0.22,0.33,0.45,0.58,0.8,1.0,1.11,1.19,1.26,1.31
121.0,2,0.0,0.0,0.0,0.01,0.01,0.01,0.01,0.02,0.02,0.02,0.02,0.03,0.06,0.11,0.16,0.27,0.45,0.65,0.92,1.22,1.39,1.6,1.69
121.0,3,0.0,0.0,0.0,0.01,0.01,0.01,0.01,0.02,0.02,0.02,0.02,0.03,0.06,0.11,0.16,0.27,0.45,0.65,0.92,1.22,1.39,1.6,1.69
121.0,4,0.0,0.0,0.01,0.01,0.02,0.03,0.05,0.06,0.07,0.08,0.1,0.12,0.19,0.29,0.42,0.57,0.73,0.98,1.17,1.3,1.44,1.59,1.68
122.0,1,0.1299999999999999,0.20999999999999996,0.2799999999999998,0.32999999999999985,0.3899999999999999,0.48,0.5800000000000001,0.6799999999999997,0.7799999999999998,0.8999999999999999,1.0499999999999998,1.21,1.8900000000000001,2.89,4.1899999999999995,5.640000000000001,7.18,9.88,12.290000000000001,13.63,14.570000000000002,15.430000000000001,15.950000000000001
122.0,2,0.07999999999999985,0.1399999999999999,0.18999999999999995,0.21999999999999997,0.25,0.27,0.2999999999999998,0.32999999999999985,0.34999999999999987,0.3799999999999999,0.41999999999999993,0.45999999999999996,0.8599999999999999,1.4099999999999997,2.04,3.39,5.58,7.970000000000001,11.22,14.860000000000001,16.84,19.47,20.549999999999997
122.0,3,0.07999999999999985,0.1399999999999999,0.18999999999999995,0.21999999999999997,0.25,0.27,0.2999999999999998,0.32999999999999985,0.34999999999999987,0.3799999999999999,0.41999999999999993,0.45999999999999996,0.8599999999999999,1.4099999999999997,2.04,3.39,5.58,7.970000000000001,11.22,14.860000000000001,16.84,19.47,20.549999999999997
122.0,4,0.16999999999999993,0.2799999999999998,0.3699999999999999,0.43999999999999995,0.5499999999999998,0.69,0.8300000000000001,0.9699999999999998,1.12,1.2799999999999998,1.46,1.67,2.53,3.8000000000000003,5.390000000000001,7.110000000000001,9.040000000000001,12.1,14.34,15.99,17.619999999999997,19.43,20.529999999999998
123.0,1,0.3899999999999997,0.6499999999999995,0.6600000000000001,0.6699999999999999,0.6799999999999997,0.7000000000000002,0.71,0.7299999999999995,0.75,0.7699999999999996,0.7999999999999998,0.8300000000000001,0.9500000000000002,1.1399999999999997,1.37,1.6399999999999997,1.92,2.41,2.8499999999999996,3.1000000000000005,3.2700000000000005,3.4300000000000006,3.5200000000000005
123.0,2,0.2599999999999998,0.4299999999999997,0.4399999999999995,0.4500000000000002,0.4500000000000002,0.45999999999999996,0.45999999999999996,0.46999999999999975,0.46999999999999975,0.46999999999999975,0.47999999999999954,0.4900000000000002,0.5599999999999996,0.6600000000000001,0.7800000000000002,1.0199999999999996,1.42,1.8599999999999994,2.45,3.12,3.4799999999999995,3.96,4.159999999999999
123.0,3,0.2599999999999998,0.4299999999999997,0.4399999999999995,0.4500000000000002,0.4500000000000002,0.45999999999999996,0.45999999999999996,0.46999999999999975,0.46999999999999975,0.46999999999999975,0.47999999999999954,0.4900000000000002,0.5599999999999996,0.6600000000000001,0.7800000000000002,1.0199999999999996,1.42,1.8599999999999994,2.45,3.12,3.4799999999999995,3.96,4.159999999999999
123.0,4,0.5199999999999996,0.8599999999999994,0.8799999999999999,0.8899999999999997,0.9100000000000001,0.9399999999999995,0.96,0.9900000000000002,1.0199999999999996,1.04,1.08,1.12,1.2699999999999996,1.5099999999999998,1.79,2.1099999999999994,2.46,3.0199999999999996,3.4300000000000006,3.7299999999999995,4.03,4.36,4.56
124.0,1,0.0,0.0,0.07,0.12,0.18,0.26,0.36,0.46,0.56,0.68,0.82,0.98,1.64,2.62,3.89,5.31,6.82,9.46,11.82,13.13,14.06,14.9,15.41
124.0,2,0.0,0.0,0.05,0.08,0.1,0.13,0.16,0.18,0.21,0.23,0.27,0.32,0.71,1.24,1.86,3.18,5.32,7.67,10.84,14.41,16.35,18.92,19.98
124.0,3,0.0,0.0,0.05,0.08,0.1,0.13,0.16,0.18,0.21,0.23,0.27,0.32,0.71,1.24,1.86,3.18,5.32,7.67,10.84,14.41,16.35,18.92,19.98
124.0,4,0.0,0.0,0.09,0.16,0.26,0.4,0.54,0.68,0.82,0.98,1.16,1.36,2.2,3.45,5.0,6.68,8.58,11.57,13.76,15.37,16.97,18.75,19.81
125.0,1,0.0,0.0,0.15,0.26,0.4,0.58,0.8,1.03,1.25,1.51,1.82,2.18,3.66,5.84,8.67,11.83,15.2,21.07,26.32,29.24,31.31,33.18,34.32
125.0,2,0.0,0.0,0.1,0.17,0.23,0.29,0.35,0.4,0.46,0.52,0.6,0.7,1.58,2.76,4.14,7.09,11.85,17.08,24.15,32.08,36.41,42.13,44.49
125.0,3,0.0,0.0,0.1,0.17,0.23,0.29,0.35,0.4,0.46,0.52,0.6,0.7,1.58,2.76,4.14,7.09,11.85,17.08,24.15,32.08,36.41,42.13,44.49
125.0,4,0.0,0.0,0.21,0.36,0.58,0.89,1.2,1.51,1.82,2.18,2.58,3.02,4.91,7.68,11.13,14.89,19.1,25.77,30.64,34.24,37.81,41.75,44.13
126.0,1,0.0,0.0,0.02,0.03,0.04,0.06,0.08,0.11,0.13,0.16,0.19,0.22,0.38,0.6,0.89,1.22,1.56,2.17,2.71,3.01,3.22,3.41,3.53
126.0,2,0.0,0.0,0.01,0.02,0.02,0.03,0.04,0.04,0.05,0.05,0.06,0.07,0.16,0.28,0.43,0.73,1.22,1.76,2.48,3.3,3.74,4.33,4.57
126.0,3,0.0,0.0,0.01,0.02,0.02,0.03,0.04,0.04,0.05,0.05,0.06,0.07,0.16,0.28,0.43,0.73,1.22,1.76,2.48,3.3,3.74,4.33,4.57
126.0,4,0.0,0.0,0.02,0.04,0.06,0.09,0.12,0.16,0.19,0.22,0.27,0.31,0.5,0.79,1.14,1.53,1.96,2.65,3.15,3.52,3.89,4.29,4.54
127.0,1,0.0,0.0,0.0,0.0,0.0,0.0,0.0,0.0,0.0,0.0,0.0,0.0,0.0,0.0,0.0,0.0,0.0,0.0,0.0,0.0,0.0,0.0,0.0
127.0,2,0.0,0.0,0.0,0.0,0.0,0.0,0.0,0.0,0.0,0.0,0.0,0.0,0.0,0.0,0.0,0.0,0.0,0.0,0.0,0.0,0.0,0.0,0.0
127.0,3,0.0,0.0,0.0,0.0,0.0,0.0,0.0,0.0,0.0,0.0,0.0,0.0,0.0,0.0,0.0,0.0,0.0,0.0,0.0,0.0,0.0,0.0,0.0
127.0,4,0.0,0.0,0.0,0.0,0.0,0.0,0.0,0.0,0.0,0.0,0.0,0.0,0.0,0.0,0.0,0.0,0.0,0.0,0.0,0.0,0.0,0.0,0.0
128.0,1,0.0,0.0,0.0,0.0,0.0,0.0,0.0,0.0,0.0,0.0,0.0,0.0,0.0,0.0,0.0,0.0,0.0,0.0,0.0,0.0,0.0,0.0,0.0
128.0,2,0.0,0.0,0.0,0.0,0.0,0.0,0.0,0.0,0.0,0.0,0.0,0.0,0.0,0.0,0.0,0.0,0.0,0.0,0.0,0.0,0.0,0.0,0.0
128.0,3,0.0,0.0,0.0,0.0,0.0,0.0,0.0,0.0,0.0,0.0,0.0,0.0,0.0,0.0,0.0,0.0,0.0,0.0,0.0,0.0,0.0,0.0,0.0
128.0,4,0.0,0.0,0.0,0.0,0.0,0.0,0.0,0.0,0.0,0.0,0.0,0.0,0.0,0.0,0.0,0.0,0.0,0.0,0.0,0.0,0.0,0.0,0.0
