1.0,1,0.0,0.0,0.0,0.0,0.0,0.0,0.001,0.001,0.001,0.001,0.012,0.07899999999999999,0.291,0.447,1.1720000000000002,1.3739999999999999,1.8210000000000002,2.211,2.491,2.491,2.58,2.58,2.602
1.0,2,0.0,0.0,0.0,0.0,0.0,0.0,0.0,0.012,0.023000000000000003,0.045,0.20099999999999998,0.402,0.537,0.615,0.86,1.318,1.4400000000000002,1.663,1.864,1.9650000000000003,2.311,2.4,2.4779999999999998
1.0,3,0.0,0.0,0.0,0.0,0.0,0.0,0.0,0.0,0.0,0.0,0.0,0.0,0.0,0.0,0.001,0.001,0.001,0.001,0.001,0.001,0.001,0.001,0.001
1.0,4,0.0,0.0,0.0,0.0,0.0,0.0,0.0,0.0,0.001,0.001,0.001,0.001,0.001,0.001,0.001,0.001,0.001,0.001,0.001,0.002,0.002,0.002,0.002
2.0,1,0.0,0.0,0.0,0.0,0.0,0.0,0.001,0.001,0.001,0.001,0.009000000000000001,0.055999999999999994,0.207,0.319,0.8350000000000001,0.978,1.296,1.5739999999999998,1.773,1.773,1.837,1.837,1.852
2.0,2,0.0,0.0,0.0,0.0,0.0,0.0,0.0,0.008,0.016,0.032,0.143,0.287,0.382,0.438,0.612,0.938,1.0250000000000001,1.184,1.327,1.399,1.6449999999999998,1.7089999999999999,1.764
2.0,3,0.0,0.0,0.0,0.0,0.0,0.0,0.0,0.0,0.0,0.0,0.0,0.0,0.0,0.0,0.001,0.001,0.001,0.001,0.001,0.001,0.001,0.001,0.001
2.0,4,0.0,0.0,0.0,0.0,0.0,0.0,0.0,0.0,0.001,0.001,0.001,0.001,0.001,0.001,0.001,0.001,0.001,0.001,0.001,0.002,0.002,0.002,0.002
3.0,1,0.0,0.0,0.0,0.0,0.0,0.0,0.0,0.0,0.0,0.0,0.015,0.105,0.392,0.603,1.581,1.852,2.456,2.983,3.3600000000000003,3.3600000000000003,3.48,3.48,3.5100000000000002
3.0,2,0.0,0.0,0.0,0.0,0.0,0.0,0.0,0.015,0.030000000000000002,0.059000000000000004,0.27,0.542,0.723,0.828,1.1590000000000003,1.777,1.942,2.2430000000000003,2.515,2.65,3.117,3.237,3.3430000000000004
3.0,3,0.0,0.0,0.0,0.0,0.0,0.0,0.0,0.0,0.0,0.0,0.0,0.0,0.0,0.0,0.0,0.0,0.001,0.001,0.001,0.001,0.001,0.001,0.001
3.0,4,0.0,0.0,0.0,0.0,0.0,0.0,0.0,0.0,0.0,0.0,0.0,0.0,0.0,0.0,0.0,0.0,0.0,0.0,0.001,0.001999999999999999,0.001999999999999999,0.001999999999999999,0.001999999999999999
4.0,1,0.0,0.0,0.0,0.0,0.0,0.0,0.0010000000000000009,0.0010000000000000009,0.0010000000000000009,0.0010000000000000009,0.032,0.221,0.818,1.258,3.3010000000000006,3.867,5.126,6.227,7.014,7.014,7.265000000000001,7.265000000000001,7.327000000000001
4.0,2,0.0,0.0,0.0,0.0,0.0,0.0,0.0,0.030999999999999993,0.062000000000000006,0.12400000000000001,0.564,1.1320000000000001,1.51,1.73,2.4210000000000003,3.7100000000000004,4.054,4.683000000000001,5.25,5.532000000000001,6.507000000000001,6.759,6.979
4.0,3,0.0,0.0,0.0,0.0,0.0,0.0,0.0,0.0,0.0,0.0,0.0,0.0,0.0,0.0,0.0,0.0010000000000000009,0.002,0.002,0.002,0.002,0.002,0.002,0.002
4.0,4,0.0,0.0,0.0,0.0,0.0,0.0,0.0,0.0,0.0,0.0010000000000000009,0.0010000000000000009,0.0010000000000000009,0.0010000000000000009,0.0010000000000000009,0.0010000000000000009,0.0010000000000000009,0.0010000000000000009,0.0010000000000000009,0.002,0.003999999999999998,0.004999999999999999,0.004999999999999999,0.004999999999999999
5.0,1,0.0,0.0,0.0,0.0,0.0,0.0,0.0,0.0,0.0,0.0,0.018000000000000002,0.128,0.47500000000000003,0.73,1.915,2.244,2.974,3.613,4.069,4.069,4.215,4.215,4.2509999999999994
5.0,2,0.0,0.0,0.0,0.0,0.0,0.0,0.0,0.018000000000000002,0.036000000000000004,0.072,0.32699999999999996,0.6569999999999999,0.876,1.0030000000000001,1.404,2.152,2.3520000000000003,2.7170000000000005,3.0460000000000003,3.2100000000000004,3.7760000000000002,3.9210000000000003,4.0489999999999995
5.0,3,0.0,0.0,0.0,0.0,0.0,0.0,0.0,0.0,0.0,0.0,0.0,0.0,0.0,0.0,0.0,0.0,0.0009999999999999992,0.0009999999999999992,0.0009999999999999992,0.0009999999999999992,0.0009999999999999992,0.0009999999999999992,0.0009999999999999992
5.0,4,0.0,0.0,0.0,0.0,0.0,0.0,0.0,0.0,0.0,0.0,0.0,0.0,0.0,0.0,0.0,0.0,0.0,0.0,0.0009999999999999992,0.002,0.003000000000000001,0.003000000000000001,0.003000000000000001
6.0,1,0.0,0.0,0.0,0.0,0.0,0.0,0.0,0.0,0.0,0.0,0.005,0.03,0.11,0.169,0.44199999999999995,0.518,0.6869999999999999,0.834,0.939,0.939,0.9730000000000001,0.9730000000000001,0.981
6.0,2,0.0,0.0,0.0,0.0,0.0,0.0,0.0,0.004,0.009000000000000001,0.017,0.076,0.152,0.202,0.232,0.324,0.497,0.543,0.627,0.7030000000000001,0.741,0.872,0.9049999999999999,0.9349999999999999
6.0,3,0.0,0.0,0.0,0.0,0.0,0.0,0.0,0.0,0.0,0.0,0.0,0.0,0.0,0.0,0.0,0.0,0.001,0.001,0.001,0.001,0.001,0.001,0.001
6.0,4,0.0,0.0,0.0,0.0,0.0,0.0,0.0,0.0,0.0,0.0,0.0,0.0,0.0,0.0,0.0,0.0,0.0,0.0,0.001,0.001,0.001,0.001,0.001
7.0,1,0.0,0.0,0.0,0.0,0.0,0.0,0.001,0.001,0.001,0.001,0.012,0.07899999999999999,0.29,0.446,1.169,1.3700000000000003,1.816,2.206,2.484,2.484,2.573,2.573,2.595
7.0,2,0.0,0.0,0.0,0.0,0.0,0.0,0.0,0.012,0.023000000000000003,0.045,0.2,0.40099999999999997,0.5349999999999999,0.613,0.858,1.314,1.4360000000000002,1.659,1.8600000000000003,1.9600000000000002,2.305,2.3939999999999997,2.472
7.0,3,0.0,0.0,0.0,0.0,0.0,0.0,0.0,0.0,0.0,0.0,0.0,0.0,0.0,0.0,0.001,0.001,0.001,0.001,0.001,0.001,0.001,0.001,0.001
7.0,4,0.0,0.0,0.0,0.0,0.0,0.0,0.0,0.0,0.001,0.001,0.001,0.001,0.001,0.001,0.001,0.001,0.001,0.001,0.001,0.002,0.002,0.002,0.002
8.0,1,0.0,0.0,0.0,0.0,0.0,0.0,0.0,0.0,0.0,0.0,0.005,0.031,0.114,0.176,0.46,0.539,0.714,0.867,0.977,0.977,1.012,1.012,1.02
8.0,2,0.0,0.0,0.0,0.0,0.0,0.0,0.0,0.005,0.009000000000000001,0.018,0.079,0.158,0.211,0.241,0.33699999999999997,0.517,0.5650000000000001,0.652,0.731,0.7699999999999999,0.906,0.9410000000000001,0.972
8.0,3,0.0,0.0,0.0,0.0,0.0,0.0,0.0,0.0,0.0,0.0,0.0,0.0,0.0,0.0,0.0,0.001,0.001,0.001,0.001,0.001,0.001,0.001,0.001
8.0,4,0.0,0.0,0.0,0.0,0.0,0.0,0.0,0.0,0.0,0.001,0.001,0.001,0.001,0.001,0.001,0.001,0.001,0.001,0.001,0.001,0.001,0.001,0.001
9.0,1,0.0,0.0,0.0,0.0,0.0,0.0,0.0010000000000000009,0.0010000000000000009,0.0010000000000000009,0.0010000000000000009,0.065,0.451,1.6709999999999998,2.569,6.739,7.896000000000001,10.466,12.713,14.319,14.319,14.831,14.831,14.958
9.0,2,0.0,0.0,0.0,0.0,0.0,0.0,0.0,0.064,0.127,0.25399999999999995,1.152,2.311,3.083,3.532,4.9430000000000005,7.574,8.277000000000001,9.561,10.717,11.294,13.285,13.798,14.247000000000002
9.0,3,0.0,0.0,0.0,0.0,0.0,0.0,0.0,0.0,0.0,0.0,0.0,0.0,0.0,0.0,0.0010000000000000009,0.0020000000000000018,0.004,0.004,0.004,0.004,0.004,0.004,0.004
9.0,4,0.0,0.0,0.0,0.0,0.0,0.0,0.0,0.0,0.0010000000000000009,0.0020000000000000018,0.0020000000000000018,0.0020000000000000018,0.0020000000000000018,0.0020000000000000018,0.0020000000000000018,0.0020000000000000018,0.0020000000000000018,0.0020000000000000018,0.004,0.008999999999999998,0.011,0.011,0.011
10.0,1,0.0,0.0,0.0,0.0,0.0,0.0,0.0,0.0,0.0,0.0,0.001,0.005,0.019,0.03,0.077,0.091,0.12,0.146,0.16399999999999998,0.16399999999999998,0.17,0.17,0.171
10.0,2,0.0,0.0,0.0,0.0,0.0,0.0,0.0,0.001,0.002,0.003,0.013000000000000001,0.027000000000000003,0.035,0.040999999999999995,0.057,0.087,0.095,0.11,0.12300000000000001,0.129,0.152,0.158,0.163
10.0,3,0.0,0.0,0.0,0.0,0.0,0.0,0.0,0.0,0.0,0.0,0.0,0.0,0.0,0.0,0.0,0.0,0.0,0.0,0.0,0.0,0.0,0.0,0.0
10.0,4,0.0,0.0,0.0,0.0,0.0,0.0,0.0,0.0,0.0,0.0,0.0,0.0,0.0,0.0,0.0,0.0,0.0,0.0,0.0,0.0,0.0,0.0,0.0
11.0,1,0.0,0.0,0.0,0.0,0.0,0.0,0.0,0.0,0.0,0.0,0.006,0.040999999999999995,0.153,0.235,0.616,0.7220000000000001,0.9570000000000001,1.163,1.309,1.309,1.356,1.356,1.368
11.0,2,0.0,0.0,0.0,0.0,0.0,0.0,0.0,0.006,0.011000000000000001,0.023,0.105,0.211,0.282,0.323,0.45199999999999996,0.693,0.757,0.8739999999999999,0.98,1.033,1.215,1.262,1.303
11.0,3,0.0,0.0,0.0,0.0,0.0,0.0,0.0,0.0,0.0,0.0,0.0,0.0,0.0,0.0,0.0,0.0,0.0,0.0,0.0,0.0,0.0,0.0,0.0
11.0,4,0.0,0.0,0.0,0.0,0.0,0.0,0.0,0.0,0.0,0.0,0.0,0.0,0.0,0.0,0.0,0.0,0.0,0.0,0.0,0.001,0.001,0.001,0.001
12.0,1,0.0,0.0,0.0,0.0,0.0,0.0,0.0010000000000000009,0.0010000000000000009,0.0010000000000000009,0.0010000000000000009,0.023,0.159,0.59,0.907,2.3779999999999997,2.786,3.693,4.486000000000001,5.053,5.053,5.234000000000001,5.234000000000001,5.279000000000001
12.0,2,0.0,0.0,0.0,0.0,0.0,0.0,0.0,0.023,0.045000000000000005,0.09,0.407,0.816,1.088,1.246,1.744,2.673,2.921,3.374,3.7819999999999996,3.986,4.688000000000001,4.869000000000001,5.0280000000000005
12.0,3,0.0,0.0,0.0,0.0,0.0,0.0,0.0,0.0,0.0,0.0,0.0,0.0,0.0,0.0,0.0,0.0010000000000000009,0.0020000000000000018,0.0020000000000000018,0.0020000000000000018,0.0020000000000000018,0.0020000000000000018,0.0020000000000000018,0.0020000000000000018
12.0,4,0.0,0.0,0.0,0.0,0.0,0.0,0.0,0.0,0.0,0.0010000000000000009,0.0010000000000000009,0.0010000000000000009,0.0010000000000000009,0.0010000000000000009,0.0010000000000000009,0.0010000000000000009,0.0010000000000000009,0.0010000000000000009,0.0020000000000000018,0.003000000000000001,0.004000000000000002,0.004000000000000002,0.004000000000000002
13.0,1,0.0,0.0,0.0,0.0,0.0,0.0,0.0,0.0,0.0,0.0,0.020999999999999998,0.15,0.559,0.859,2.254,2.641,3.501,4.252,4.789000000000001,4.789000000000001,4.961,4.961,5.003
13.0,2,0.0,0.0,0.0,0.0,0.0,0.0,0.0,0.020999999999999998,0.042,0.08499999999999999,0.385,0.773,1.0310000000000001,1.181,1.653,2.533,2.768,3.198,3.585,3.778,4.444000000000001,4.615,4.765000000000001
13.0,3,0.0,0.0,0.0,0.0,0.0,0.0,0.0,0.0,0.0,0.0,0.0,0.0,0.0,0.0,0.0,0.0,0.0010000000000000009,0.0010000000000000009,0.0010000000000000009,0.0010000000000000009,0.0010000000000000009,0.0010000000000000009,0.0010000000000000009
13.0,4,0.0,0.0,0.0,0.0,0.0,0.0,0.0,0.0,0.0,0.0,0.0,0.0,0.0,0.0,0.0,0.0,0.0,0.0,0.0010000000000000009,0.003000000000000001,0.003000000000000001,0.003000000000000001,0.003000000000000001
14.0,1,0.0,0.0,0.0,0.0,0.0,0.0,0.0,0.0,0.0,0.0,0.004,0.028999999999999998,0.108,0.16599999999999998,0.434,0.508,0.673,0.8180000000000001,0.921,0.921,0.954,0.954,0.962
14.0,2,0.0,0.0,0.0,0.0,0.0,0.0,0.0,0.004,0.008,0.017,0.074,0.149,0.199,0.227,0.318,0.487,0.533,0.615,0.69,0.727,0.855,0.888,0.9169999999999999
14.0,3,0.0,0.0,0.0,0.0,0.0,0.0,0.0,0.0,0.0,0.0,0.0,0.0,0.0,0.0,0.0,0.0,0.001,0.001,0.001,0.001,0.001,0.001,0.001
14.0,4,0.0,0.0,0.0,0.0,0.0,0.0,0.0,0.0,0.0,0.0,0.0,0.0,0.0,0.0,0.0,0.0,0.0,0.0,0.001,0.001,0.001,0.001,0.001
15.0,1,0.0,0.0,0.0,0.0,0.0,0.0,0.0,0.0,0.0,0.0,0.013999999999999999,0.10099999999999999,0.376,0.578,1.517,1.7780000000000002,2.357,2.8630000000000004,3.2239999999999998,3.2239999999999998,3.3400000000000003,3.3400000000000003,3.3680000000000003
15.0,2,0.0,0.0,0.0,0.0,0.0,0.0,0.0,0.013999999999999999,0.028,0.057,0.259,0.52,0.6940000000000001,0.795,1.113,1.705,1.864,2.153,2.4130000000000003,2.543,2.992,3.107,3.208
15.0,3,0.0,0.0,0.0,0.0,0.0,0.0,0.0,0.0,0.0,0.0,0.0,0.0,0.0,0.0,0.0,0.0,0.001,0.001,0.001,0.001,0.001,0.001,0.001
15.0,4,0.0,0.0,0.0,0.0,0.0,0.0,0.0,0.0,0.0,0.0,0.0,0.0,0.0,0.0,0.0,0.0,0.0,0.0,0.001,0.001999999999999999,0.001999999999999999,0.001999999999999999,0.001999999999999999
16.0,1,0.0,0.0,0.0,0.0,0.0,0.0,0.0010000000000000009,0.0010000000000000009,0.0010000000000000009,0.0010000000000000009,0.046,0.318,1.1769999999999998,1.81,4.747,5.562,7.373,8.956000000000001,10.087000000000002,10.087000000000002,10.448,10.448,10.538
16.0,2,0.0,0.0,0.0,0.0,0.0,0.0,0.0,0.045000000000000005,0.09000000000000001,0.179,0.8119999999999999,1.628,2.172,2.488,3.4820000000000007,5.335,5.8309999999999995,6.734999999999999,7.55,7.9559999999999995,9.359,9.72,10.036000000000001
16.0,3,0.0,0.0,0.0,0.0,0.0,0.0,0.0,0.0,0.0,0.0,0.0,0.0,0.0,0.0,0.0010000000000000009,0.0020000000000000018,0.0030000000000000027,0.0030000000000000027,0.0030000000000000027,0.0030000000000000027,0.0030000000000000027,0.0030000000000000027,0.0030000000000000027
16.0,4,0.0,0.0,0.0,0.0,0.0,0.0,0.0,0.0,0.0010000000000000009,0.0020000000000000018,0.0020000000000000018,0.0020000000000000018,0.0020000000000000018,0.0020000000000000018,0.0020000000000000018,0.0020000000000000018,0.0020000000000000018,0.0020000000000000018,0.0030000000000000027,0.006000000000000002,0.007000000000000003,0.007000000000000003,0.007000000000000003
17.0,1,0.0,0.0,0.0,0.0,0.0,0.0,0.0,0.0,0.0,0.0,0.0,0.0,0.0,0.0,0.0,0.0,0.0,0.0,0.0,0.0,0.0,0.0,0.0
17.0,2,0.0,0.0,0.0,0.0,0.0,0.0,0.0,0.0,0.0,0.0,0.0,0.0,0.0,0.0,0.0,0.0,0.0,0.0,0.0,0.0,0.0,0.0,0.0
17.0,3,0.0,0.0,0.0,0.0,0.0,0.0,0.0,0.0,0.0,0.0,0.0,0.0,0.0,0.0,0.0,0.0,0.0,0.0,0.0,0.0,0.0,0.0,0.0
17.0,4,0.0,0.0,0.0,0.0,0.0,0.0,0.0,0.0,0.0,0.0,0.0,0.0,0.0,0.0,0.0,0.0,0.0,0.0,0.0,0.0,0.0,0.0,0.0
18.0,1,0.0,0.0,0.0,0.0,0.0,0.0,0.0,0.0,0.0,0.0,0.010000000000000002,0.06999999999999999,0.261,0.40099999999999997,1.0510000000000002,1.231,1.6310000000000002,1.9820000000000002,2.2319999999999998,2.2319999999999998,2.312,2.312,2.332
18.0,2,0.0,0.0,0.0,0.0,0.0,0.0,0.0,0.010000000000000002,0.02,0.039999999999999994,0.18,0.36,0.481,0.5509999999999999,0.771,1.1810000000000003,1.2900000000000003,1.4900000000000002,1.6710000000000003,1.7610000000000001,2.0709999999999997,2.151,2.221
18.0,3,0.0,0.0,0.0,0.0,0.0,0.0,0.0,0.0,0.0,0.0,0.0,0.0,0.0,0.0,0.0,0.0,0.001,0.001,0.001,0.001,0.001,0.001,0.001
18.0,4,0.0,0.0,0.0,0.0,0.0,0.0,0.0,0.0,0.0,0.0,0.0,0.0,0.0,0.0,0.0,0.0,0.0,0.0,0.001,0.002,0.002,0.002,0.002
19.0,1,0.0,0.0,0.0,0.0,0.0,0.0,0.0,0.0,0.0,0.0,0.005,0.031,0.113,0.174,0.455,0.533,0.707,0.859,0.967,0.967,1.002,1.002,1.01
19.0,2,0.0,0.0,0.0,0.0,0.0,0.0,0.0,0.005,0.009000000000000001,0.018,0.078,0.156,0.208,0.239,0.334,0.512,0.559,0.646,0.724,0.763,0.897,0.9319999999999999,0.962
19.0,3,0.0,0.0,0.0,0.0,0.0,0.0,0.0,0.0,0.0,0.0,0.0,0.0,0.0,0.0,0.0,0.001,0.001,0.001,0.001,0.001,0.001,0.001,0.001
19.0,4,0.0,0.0,0.0,0.0,0.0,0.0,0.0,0.0,0.0,0.001,0.001,0.001,0.001,0.001,0.001,0.001,0.001,0.001,0.001,0.001,0.001,0.001,0.001
20.0,1,0.0,0.0,0.0,0.0,0.0,0.0,0.0,0.0,0.0,0.0,0.025,0.174,0.646,0.994,2.607,3.054,4.0489999999999995,4.918,5.539000000000001,5.539000000000001,5.738,5.738,5.787
20.0,2,0.0,0.0,0.0,0.0,0.0,0.0,0.0,0.024,0.049,0.098,0.44599999999999995,0.894,1.192,1.366,1.912,2.93,3.202,3.699,4.146,4.369,5.14,5.338,5.512
20.0,3,0.0,0.0,0.0,0.0,0.0,0.0,0.0,0.0,0.0,0.0,0.0,0.0,0.0,0.0,0.0,0.0010000000000000009,0.0010000000000000009,0.0010000000000000009,0.0010000000000000009,0.0010000000000000009,0.0010000000000000009,0.0010000000000000009,0.0010000000000000009
20.0,4,0.0,0.0,0.0,0.0,0.0,0.0,0.0,0.0,0.0,0.0010000000000000009,0.0010000000000000009,0.0010000000000000009,0.0010000000000000009,0.0010000000000000009,0.0010000000000000009,0.0010000000000000009,0.0010000000000000009,0.0010000000000000009,0.0010000000000000009,0.003000000000000001,0.004,0.004,0.004
21.0,1,0.0,0.0,0.0,0.0,0.0,0.0,0.0,0.0,0.0,0.0,0.001,0.005,0.018000000000000002,0.027000000000000003,0.071,0.083,0.11,0.134,0.151,0.151,0.156,0.156,0.157
21.0,2,0.0,0.0,0.0,0.0,0.0,0.0,0.0,0.001,0.002,0.003,0.012,0.024,0.033,0.037000000000000005,0.052000000000000005,0.08,0.087,0.10099999999999999,0.113,0.11900000000000001,0.14,0.145,0.15
21.0,3,0.0,0.0,0.0,0.0,0.0,0.0,0.0,0.0,0.0,0.0,0.0,0.0,0.0,0.0,0.0,0.0,0.0,0.0,0.0,0.0,0.0,0.0,0.0
21.0,4,0.0,0.0,0.0,0.0,0.0,0.0,0.0,0.0,0.0,0.0,0.0,0.0,0.0,0.0,0.0,0.0,0.0,0.0,0.0,0.0,0.0,0.0,0.0
22.0,1,0.0,0.0,0.0,0.0,0.0,0.0,0.0,0.0,0.0,0.0,0.011,0.08,0.297,0.457,1.199,1.405,1.8619999999999999,2.262,2.548,2.548,2.6390000000000002,2.6390000000000002,2.661
22.0,2,0.0,0.0,0.0,0.0,0.0,0.0,0.0,0.011,0.022000000000000002,0.045,0.205,0.411,0.548,0.628,0.879,1.347,1.472,1.701,1.907,2.009,2.3640000000000003,2.455,2.535
22.0,3,0.0,0.0,0.0,0.0,0.0,0.0,0.0,0.0,0.0,0.0,0.0,0.0,0.0,0.0,0.0,0.0,0.0,0.0,0.0,0.0,0.0,0.0,0.0
22.0,4,0.0,0.0,0.0,0.0,0.0,0.0,0.0,0.0,0.0,0.0,0.0,0.0,0.0,0.0,0.0,0.0,0.0,0.0,0.0,0.001,0.001,0.001,0.001
23.0,1,0.0,0.0,0.0,0.0,0.0,0.0,0.0,0.0,0.0,0.0,0.0,0.0,0.0,0.0,0.0,0.0,0.0,0.0,0.0,0.0,0.0,0.0,0.0
23.0,2,0.0,0.0,0.0,0.0,0.0,0.0,0.0,0.0,0.0,0.0,0.0,0.0,0.0,0.0,0.0,0.0,0.0,0.0,0.0,0.0,0.0,0.0,0.0
23.0,3,0.0,0.0,0.0,0.0,0.0,0.0,0.0,0.0,0.0,0.0,0.0,0.0,0.0,0.0,0.0,0.0,0.0,0.0,0.0,0.0,0.0,0.0,0.0
23.0,4,0.0,0.0,0.0,0.0,0.0,0.0,0.0,0.0,0.0,0.0,0.0,0.0,0.0,0.0,0.0,0.0,0.0,0.0,0.0,0.0,0.0,0.0,0.0
24.0,1,0.0,0.0,0.0,0.0,0.0,0.0,0.0,0.0,0.0,0.0,0.016,0.11199999999999999,0.41600000000000004,0.64,1.6780000000000002,1.966,2.6060000000000003,3.165,3.565,3.565,3.693,3.693,3.7239999999999998
24.0,2,0.0,0.0,0.0,0.0,0.0,0.0,0.0,0.016,0.03200000000000001,0.063,0.287,0.576,0.768,0.879,1.231,1.8860000000000001,2.061,2.3810000000000002,2.669,2.812,3.3080000000000003,3.4360000000000004,3.547
24.0,3,0.0,0.0,0.0,0.0,0.0,0.0,0.0,0.0,0.0,0.0,0.0,0.0,0.0,0.0,0.0,0.001,0.001,0.001,0.001,0.001,0.001,0.001,0.001
24.0,4,0.0,0.0,0.0,0.0,0.0,0.0,0.0,0.0,0.0,0.001,0.001,0.001,0.001,0.001,0.001,0.001,0.001,0.001,0.001,0.001999999999999999,0.003,0.003,0.003
25.0,1,0.0,0.0,0.0,0.0,0.0,0.0,0.0,0.0,0.0,0.0,0.010000000000000002,0.06799999999999999,0.253,0.38999999999999996,1.022,1.197,1.5870000000000002,1.927,2.171,2.171,2.2479999999999998,2.2479999999999998,2.268
25.0,2,0.0,0.0,0.0,0.0,0.0,0.0,0.0,0.010000000000000002,0.019000000000000003,0.039,0.17500000000000002,0.35,0.46699999999999997,0.5349999999999999,0.749,1.1480000000000001,1.2550000000000001,1.449,1.6250000000000002,1.7120000000000002,2.014,2.092,2.16
25.0,3,0.0,0.0,0.0,0.0,0.0,0.0,0.0,0.0,0.0,0.0,0.0,0.0,0.0,0.0,0.0,0.0,0.001,0.001,0.001,0.001,0.001,0.001,0.001
25.0,4,0.0,0.0,0.0,0.0,0.0,0.0,0.0,0.0,0.0,0.0,0.0,0.0,0.0,0.0,0.0,0.0,0.0,0.0,0.001,0.001,0.002,0.002,0.002
26.0,1,0.0,0.0,0.0,0.0,0.0,0.0,0.0009999999999999992,0.0009999999999999992,0.0009999999999999992,0.0009999999999999992,0.021000000000000005,0.143,0.53,0.815,2.1380000000000003,2.5050000000000003,3.3200000000000003,4.0329999999999995,4.542,4.542,4.705,4.705,4.745
26.0,2,0.0,0.0,0.0,0.0,0.0,0.0,0.0,0.021000000000000005,0.041,0.08099999999999999,0.36600000000000005,0.734,0.9780000000000001,1.121,1.568,2.4030000000000005,2.626,3.033,3.4000000000000004,3.583,4.215,4.377,4.52
26.0,3,0.0,0.0,0.0,0.0,0.0,0.0,0.0,0.0,0.0,0.0,0.0,0.0,0.0,0.0,0.0009999999999999992,0.0009999999999999992,0.002,0.002,0.002,0.002,0.002,0.002,0.002
26.0,4,0.0,0.0,0.0,0.0,0.0,0.0,0.0,0.0,0.0009999999999999992,0.0009999999999999992,0.0009999999999999992,0.0009999999999999992,0.0009999999999999992,0.0009999999999999992,0.0009999999999999992,0.0009999999999999992,0.0009999999999999992,0.0009999999999999992,0.002,0.003000000000000001,0.004,0.004,0.004
27.0,1,0.0,0.0,0.0,0.0,0.0,0.0,0.001,0.001,0.001,0.001,0.014000000000000002,0.09799999999999999,0.361,0.5549999999999999,1.455,1.705,2.259,2.744,3.091,3.091,3.2020000000000004,3.2020000000000004,3.229
27.0,2,0.0,0.0,0.0,0.0,0.0,0.0,0.0,0.014000000000000002,0.028,0.05500000000000001,0.249,0.499,0.666,0.763,1.067,1.635,1.787,2.064,2.314,2.4379999999999997,2.868,2.979,3.076
27.0,3,0.0,0.0,0.0,0.0,0.0,0.0,0.0,0.0,0.0,0.0,0.0,0.0,0.0,0.0,0.001,0.001,0.001,0.001,0.001,0.001,0.001,0.001,0.001
27.0,4,0.0,0.0,0.0,0.0,0.0,0.0,0.0,0.0,0.001,0.001,0.001,0.001,0.001,0.001,0.001,0.001,0.001,0.001,0.001,0.002,0.002999999999999999,0.002999999999999999,0.002999999999999999
28.0,1,0.0,0.0,0.0,0.0,0.0,0.0,0.0,0.0,0.0,0.0,0.0,0.0,0.0,0.0,0.0,0.0,0.0,0.0,0.0,0.0,0.0,0.0,0.0
28.0,2,0.0,0.0,0.0,0.0,0.0,0.0,0.0,0.0,0.0,0.0,0.0,0.0,0.0,0.0,0.0,0.0,0.0,0.0,0.0,0.0,0.0,0.0,0.0
28.0,3,0.0,0.0,0.0,0.0,0.0,0.0,0.0,0.0,0.0,0.0,0.0,0.0,0.0,0.0,0.0,0.0,0.0,0.0,0.0,0.0,0.0,0.0,0.0
28.0,4,0.0,0.0,0.0,0.0,0.0,0.0,0.0,0.0,0.0,0.0,0.0,0.0,0.0,0.0,0.0,0.0,0.0,0.0,0.0,0.0,0.0,0.0,0.0
29.0,1,0.0,0.0,0.0,0.0,0.0,0.0,0.0,0.0,0.0,0.0,0.039999999999999994,0.28099999999999997,1.042,1.603,4.2059999999999995,4.928,6.532,7.935,8.937,8.937,9.257,9.257,9.336
29.0,2,0.0,0.0,0.0,0.0,0.0,0.0,0.0,0.03900000000000001,0.079,0.158,0.719,1.4420000000000002,1.924,2.204,3.0850000000000004,4.727,5.1659999999999995,5.9670000000000005,6.689000000000001,7.049,8.292,8.612,8.892
29.0,3,0.0,0.0,0.0,0.0,0.0,0.0,0.0,0.0,0.0,0.0,0.0,0.0,0.0,0.0,0.0,0.0009999999999999974,0.0019999999999999983,0.0019999999999999983,0.0019999999999999983,0.0019999999999999983,0.0019999999999999983,0.0019999999999999983,0.0019999999999999983
29.0,4,0.0,0.0,0.0,0.0,0.0,0.0,0.0,0.0,0.0,0.0009999999999999974,0.0009999999999999974,0.0009999999999999974,0.0009999999999999974,0.0009999999999999974,0.0009999999999999974,0.0009999999999999974,0.0009999999999999974,0.0009999999999999974,0.0019999999999999983,0.005000000000000001,0.005999999999999998,0.005999999999999998,0.005999999999999998
30.0,1,0.0,0.0,0.0,0.0,0.0,0.0,0.0,0.0,0.0,0.0,0.004999999999999999,0.037,0.138,0.212,0.558,0.6539999999999999,0.8670000000000001,1.053,1.186,1.186,1.228,1.228,1.2389999999999999
30.0,2,0.0,0.0,0.0,0.0,0.0,0.0,0.0,0.004999999999999999,0.01,0.020999999999999998,0.09499999999999999,0.191,0.255,0.292,0.40900000000000003,0.627,0.685,0.792,0.888,0.935,1.1,1.143,1.18
30.0,3,0.0,0.0,0.0,0.0,0.0,0.0,0.0,0.0,0.0,0.0,0.0,0.0,0.0,0.0,0.0,0.0,0.0,0.0,0.0,0.0,0.0,0.0,0.0
30.0,4,0.0,0.0,0.0,0.0,0.0,0.0,0.0,0.0,0.0,0.0,0.0,0.0,0.0,0.0,0.0,0.0,0.0,0.0,0.0,0.0,0.001,0.001,0.001
31.0,1,0.0,0.0,0.0,0.0,0.0,0.0,0.0,0.0,0.0,0.0,0.004999999999999999,0.034,0.129,0.199,0.522,0.611,0.8109999999999999,0.985,1.109,1.109,1.149,1.149,1.159
31.0,2,0.0,0.0,0.0,0.0,0.0,0.0,0.0,0.004,0.009000000000000001,0.019000000000000003,0.089,0.17900000000000002,0.238,0.273,0.383,0.586,0.641,0.74,0.8300000000000001,0.875,1.029,1.069,1.1039999999999999
31.0,3,0.0,0.0,0.0,0.0,0.0,0.0,0.0,0.0,0.0,0.0,0.0,0.0,0.0,0.0,0.0,0.0,0.0,0.0,0.0,0.0,0.0,0.0,0.0
31.0,4,0.0,0.0,0.0,0.0,0.0,0.0,0.0,0.0,0.0,0.0,0.0,0.0,0.0,0.0,0.0,0.0,0.0,0.0,0.0,0.0,0.0,0.0,0.0
32.0,1,0.0,0.0,0.0,0.0,0.0,0.0,0.0,0.0,0.0,0.0,0.0,0.0,0.001,0.001,0.003,0.003,0.004,0.005,0.006,0.006,0.006,0.006,0.006
32.0,2,0.0,0.0,0.0,0.0,0.0,0.0,0.0,0.0,0.0,0.0,0.0,0.001,0.001,0.001,0.002,0.003,0.003,0.004,0.004,0.004,0.005,0.005,0.005
32.0,3,0.0,0.0,0.0,0.0,0.0,0.0,0.0,0.0,0.0,0.0,0.0,0.0,0.0,0.0,0.0,0.0,0.0,0.0,0.0,0.0,0.0,0.0,0.0
32.0,4,0.0,0.0,0.0,0.0,0.0,0.0,0.0,0.0,0.0,0.0,0.0,0.0,0.0,0.0,0.0,0.0,0.0,0.0,0.0,0.0,0.0,0.0,0.0
33.0,1,0.0,0.0,0.0,0.0,0.0,0.0,0.0,0.0,0.0,0.0,0.022,0.155,0.576,0.885,2.323,2.7219999999999995,3.608,4.382,4.936000000000001,4.936000000000001,5.112,5.112,5.156
33.0,2,0.0,0.0,0.0,0.0,0.0,0.0,0.0,0.022,0.044,0.088,0.39699999999999996,0.797,1.0630000000000002,1.217,1.704,2.611,2.8529999999999998,3.296,3.694,3.893,4.579000000000001,4.756,4.9110000000000005
33.0,3,0.0,0.0,0.0,0.0,0.0,0.0,0.0,0.0,0.0,0.0,0.0,0.0,0.0,0.0,0.0,0.0010000000000000009,0.0010000000000000009,0.0010000000000000009,0.0010000000000000009,0.0010000000000000009,0.0010000000000000009,0.0010000000000000009,0.0010000000000000009
33.0,4,0.0,0.0,0.0,0.0,0.0,0.0,0.0,0.0,0.0,0.0010000000000000009,0.0010000000000000009,0.0010000000000000009,0.0010000000000000009,0.0010000000000000009,0.0010000000000000009,0.0010000000000000009,0.0010000000000000009,0.0010000000000000009,0.0010000000000000009,0.003000000000000001,0.004000000000000002,0.004000000000000002,0.004000000000000002
34.0,1,0.0,0.0,0.0,0.0,0.0,0.0,0.0,0.0,0.0,0.0,0.010000000000000002,0.06999999999999999,0.261,0.40099999999999997,1.0510000000000002,1.2320000000000002,1.633,1.983,2.234,2.234,2.3139999999999996,2.3139999999999996,2.3329999999999997
34.0,2,0.0,0.0,0.0,0.0,0.0,0.0,0.0,0.010000000000000002,0.02,0.039999999999999994,0.18,0.361,0.481,0.5509999999999999,0.771,1.1810000000000003,1.2910000000000001,1.491,1.6720000000000002,1.762,2.072,2.1519999999999997,2.222
34.0,3,0.0,0.0,0.0,0.0,0.0,0.0,0.0,0.0,0.0,0.0,0.0,0.0,0.0,0.0,0.0,0.0,0.001,0.001,0.001,0.001,0.001,0.001,0.001
34.0,4,0.0,0.0,0.0,0.0,0.0,0.0,0.0,0.0,0.0,0.0,0.0,0.0,0.0,0.0,0.0,0.0,0.0,0.0,0.001,0.002,0.002,0.002,0.002
35.0,1,0.0,0.0,0.0,0.0,0.0,0.0,0.0,0.0,0.0,0.0,0.0,0.0,0.0,0.0,0.0,0.0,0.0,0.0,0.0,0.0,0.0,0.0,0.0
35.0,2,0.0,0.0,0.0,0.0,0.0,0.0,0.0,0.0,0.0,0.0,0.0,0.0,0.0,0.0,0.0,0.0,0.0,0.0,0.0,0.0,0.0,0.0,0.0
35.0,3,0.0,0.0,0.0,0.0,0.0,0.0,0.0,0.0,0.0,0.0,0.0,0.0,0.0,0.0,0.0,0.0,0.0,0.0,0.0,0.0,0.0,0.0,0.0
35.0,4,0.0,0.0,0.0,0.0,0.0,0.0,0.0,0.0,0.0,0.0,0.0,0.0,0.0,0.0,0.0,0.0,0.0,0.0,0.0,0.0,0.0,0.0,0.0
36.0,1,0.0,0.0,0.0,0.0,0.0,0.0,0.001,0.001,0.001,0.001,0.008,0.053,0.19499999999999998,0.3,0.787,0.922,1.222,1.484,1.6720000000000002,1.6720000000000002,1.732,1.732,1.7460000000000002
36.0,2,0.0,0.0,0.0,0.0,0.0,0.0,0.0,0.008,0.015000000000000001,0.03,0.13499999999999998,0.27,0.36000000000000004,0.413,0.577,0.8839999999999999,0.9670000000000001,1.1159999999999999,1.251,1.319,1.5510000000000002,1.6110000000000002,1.663
36.0,3,0.0,0.0,0.0,0.0,0.0,0.0,0.0,0.0,0.0,0.0,0.0,0.0,0.0,0.0,0.0,0.001,0.001,0.001,0.001,0.001,0.001,0.001,0.001
36.0,4,0.0,0.0,0.0,0.0,0.0,0.0,0.0,0.0,0.0,0.001,0.001,0.001,0.001,0.001,0.001,0.001,0.001,0.001,0.001,0.001,0.002,0.002,0.002
37.0,1,0.0,0.0,0.0,0.0,0.0,0.0,0.0,0.0,0.0,0.0,0.003,0.02,0.075,0.11499999999999999,0.302,0.354,0.469,0.5700000000000001,0.642,0.642,0.6649999999999999,0.6649999999999999,0.671
37.0,2,0.0,0.0,0.0,0.0,0.0,0.0,0.0,0.003,0.005999999999999999,0.011,0.052,0.104,0.138,0.158,0.222,0.34,0.37100000000000005,0.429,0.48100000000000004,0.507,0.596,0.619,0.639
37.0,3,0.0,0.0,0.0,0.0,0.0,0.0,0.0,0.0,0.0,0.0,0.0,0.0,0.0,0.0,0.0,0.0,0.0,0.0,0.0,0.0,0.0,0.0,0.0
37.0,4,0.0,0.0,0.0,0.0,0.0,0.0,0.0,0.0,0.0,0.0,0.0,0.0,0.0,0.0,0.0,0.0,0.0,0.0,0.0,0.0,0.0,0.0,0.0
38.0,1,0.0,0.0,0.0,0.0,0.0,0.0,0.0,0.0,0.0,0.0,0.012,0.08299999999999999,0.308,0.47300000000000003,1.242,1.455,1.929,2.3440000000000003,2.6399999999999997,2.6399999999999997,2.734,2.734,2.758
38.0,2,0.0,0.0,0.0,0.0,0.0,0.0,0.0,0.011,0.023000000000000003,0.047,0.21200000000000002,0.426,0.5680000000000001,0.651,0.911,1.396,1.526,1.762,1.976,2.082,2.4490000000000003,2.544,2.626
38.0,3,0.0,0.0,0.0,0.0,0.0,0.0,0.0,0.0,0.0,0.0,0.0,0.0,0.0,0.0,0.0,0.0,0.001,0.001,0.001,0.001,0.001,0.001,0.001
38.0,4,0.0,0.0,0.0,0.0,0.0,0.0,0.0,0.0,0.0,0.0,0.0,0.0,0.0,0.0,0.0,0.0,0.0,0.0,0.001,0.001,0.002,0.002,0.002
39.0,1,0.0,0.0,0.0,0.0,0.0,0.0,0.0,0.0,0.0,0.0,0.0,0.0,0.0,0.0,0.0,0.0,0.0,0.0,0.0,0.0,0.0,0.0,0.0
39.0,2,0.0,0.0,0.0,0.0,0.0,0.0,0.0,0.0,0.0,0.0,0.0,0.0,0.0,0.0,0.0,0.0,0.0,0.0,0.0,0.0,0.0,0.0,0.0
39.0,3,0.0,0.0,0.0,0.0,0.0,0.0,0.0,0.0,0.0,0.0,0.0,0.0,0.0,0.0,0.0,0.0,0.0,0.0,0.0,0.0,0.0,0.0,0.0
39.0,4,0.0,0.0,0.0,0.0,0.0,0.0,0.0,0.0,0.0,0.0,0.0,0.0,0.0,0.0,0.0,0.0,0.0,0.0,0.0,0.0,0.0,0.0,0.0
40.0,1,0.0,0.0,0.0,0.0,0.0,0.0,0.0,0.0,0.0,0.0,0.004,0.024,0.089,0.137,0.359,0.42000000000000004,0.5569999999999999,0.6769999999999999,0.762,0.762,0.7899999999999999,0.7899999999999999,0.7969999999999999
40.0,2,0.0,0.0,0.0,0.0,0.0,0.0,0.0,0.003,0.007,0.013999999999999999,0.061,0.123,0.164,0.18799999999999997,0.263,0.40299999999999997,0.441,0.509,0.5710000000000001,0.601,0.707,0.735,0.759
40.0,3,0.0,0.0,0.0,0.0,0.0,0.0,0.0,0.0,0.0,0.0,0.0,0.0,0.0,0.0,0.0,0.0,0.0,0.0,0.0,0.0,0.0,0.0,0.0
40.0,4,0.0,0.0,0.0,0.0,0.0,0.0,0.0,0.0,0.0,0.0,0.0,0.0,0.0,0.0,0.0,0.0,0.0,0.0,0.0,0.001,0.001,0.001,0.001
41.0,1,0.0,0.0,0.0,0.0,0.0,0.0,0.0,0.0,0.0,0.0,0.009000000000000001,0.064,0.237,0.365,0.957,1.122,1.487,1.8060000000000003,2.034,2.034,2.1069999999999998,2.1069999999999998,2.125
41.0,2,0.0,0.0,0.0,0.0,0.0,0.0,0.0,0.009000000000000001,0.018000000000000002,0.036,0.16399999999999998,0.328,0.438,0.502,0.702,1.076,1.1760000000000002,1.358,1.5230000000000001,1.6050000000000002,1.887,1.9600000000000002,2.0239999999999996
41.0,3,0.0,0.0,0.0,0.0,0.0,0.0,0.0,0.0,0.0,0.0,0.0,0.0,0.0,0.0,0.0,0.0,0.0,0.0,0.0,0.0,0.0,0.0,0.0
41.0,4,0.0,0.0,0.0,0.0,0.0,0.0,0.0,0.0,0.0,0.0,0.0,0.0,0.0,0.0,0.0,0.0,0.0,0.0,0.0,0.001,0.001,0.001,0.001
42.0,1,0.0,0.0,0.0,0.0,0.0,0.0,0.0,0.0,0.0,0.0,0.002,0.017,0.063,0.097,0.254,0.298,0.395,0.48000000000000004,0.541,0.541,0.56,0.56,0.5650000000000001
42.0,2,0.0,0.0,0.0,0.0,0.0,0.0,0.0,0.002,0.005,0.009000000000000001,0.043000000000000003,0.08700000000000001,0.11599999999999999,0.133,0.186,0.286,0.312,0.36100000000000004,0.405,0.42600000000000005,0.502,0.521,0.538
42.0,3,0.0,0.0,0.0,0.0,0.0,0.0,0.0,0.0,0.0,0.0,0.0,0.0,0.0,0.0,0.0,0.0,0.0,0.0,0.0,0.0,0.0,0.0,0.0
42.0,4,0.0,0.0,0.0,0.0,0.0,0.0,0.0,0.0,0.0,0.0,0.0,0.0,0.0,0.0,0.0,0.0,0.0,0.0,0.0,0.0,0.0,0.0,0.0
43.0,1,0.0,0.0,0.0,0.0,0.0,0.0,0.001,0.001,0.001,0.001,0.011,0.077,0.284,0.436,1.1440000000000001,1.3400000000000003,1.7760000000000002,2.157,2.43,2.43,2.517,2.517,2.538
43.0,2,0.0,0.0,0.0,0.0,0.0,0.0,0.0,0.011,0.022000000000000002,0.044,0.19599999999999998,0.393,0.523,0.6,0.8390000000000001,1.2850000000000001,1.4050000000000002,1.623,1.819,1.917,2.2539999999999996,2.3409999999999997,2.4179999999999997
43.0,3,0.0,0.0,0.0,0.0,0.0,0.0,0.0,0.0,0.0,0.0,0.0,0.0,0.0,0.0,0.001,0.001,0.001,0.001,0.001,0.001,0.001,0.001,0.001
43.0,4,0.0,0.0,0.0,0.0,0.0,0.0,0.0,0.0,0.001,0.001,0.001,0.001,0.001,0.001,0.001,0.001,0.001,0.001,0.001,0.002,0.002,0.002,0.002
44.0,1,0.0,0.0,0.0,0.0,0.0,0.0,0.0,0.0,0.0,0.0,0.004999999999999999,0.036,0.134,0.207,0.543,0.637,0.844,1.0250000000000001,1.155,1.155,1.196,1.196,1.206
44.0,2,0.0,0.0,0.0,0.0,0.0,0.0,0.0,0.004999999999999999,0.01,0.020000000000000004,0.093,0.186,0.248,0.285,0.398,0.611,0.667,0.771,0.864,0.9109999999999999,1.071,1.113,1.149
44.0,3,0.0,0.0,0.0,0.0,0.0,0.0,0.0,0.0,0.0,0.0,0.0,0.0,0.0,0.0,0.0,0.0,0.0,0.0,0.0,0.0,0.0,0.0,0.0
44.0,4,0.0,0.0,0.0,0.0,0.0,0.0,0.0,0.0,0.0,0.0,0.0,0.0,0.0,0.0,0.0,0.0,0.0,0.0,0.0,0.0,0.0,0.0,0.0
45.0,1,0.0,0.0,0.0,0.0,0.0,0.0,0.0,0.0,0.0,0.0,0.016,0.109,0.40499999999999997,0.622,1.6330000000000002,1.9130000000000003,2.535,3.08,3.469,3.469,3.5930000000000004,3.5930000000000004,3.6239999999999997
45.0,2,0.0,0.0,0.0,0.0,0.0,0.0,0.0,0.015,0.031000000000000003,0.061000000000000006,0.27899999999999997,0.5599999999999999,0.747,0.855,1.197,1.8350000000000002,2.005,2.316,2.5960000000000005,2.736,3.2180000000000004,3.3430000000000004,3.4510000000000005
45.0,3,0.0,0.0,0.0,0.0,0.0,0.0,0.0,0.0,0.0,0.0,0.0,0.0,0.0,0.0,0.0,0.0,0.001,0.001,0.001,0.001,0.001,0.001,0.001
45.0,4,0.0,0.0,0.0,0.0,0.0,0.0,0.0,0.0,0.0,0.0,0.0,0.0,0.0,0.0,0.0,0.0,0.0,0.0,0.001,0.001999999999999999,0.001999999999999999,0.001999999999999999,0.001999999999999999
46.0,1,0.0,0.0,0.0,0.0,0.0,0.0,0.001,0.001,0.001,0.001,0.011,0.075,0.277,0.426,1.1170000000000002,1.308,1.734,2.106,2.372,2.372,2.457,2.457,2.4779999999999998
46.0,2,0.0,0.0,0.0,0.0,0.0,0.0,0.0,0.011,0.021,0.041999999999999996,0.19099999999999998,0.383,0.511,0.585,0.8190000000000001,1.2550000000000001,1.3710000000000002,1.584,1.7760000000000002,1.8710000000000002,2.201,2.286,2.36
46.0,3,0.0,0.0,0.0,0.0,0.0,0.0,0.0,0.0,0.0,0.0,0.0,0.0,0.0,0.0,0.0,0.001,0.001,0.001,0.001,0.001,0.001,0.001,0.001
46.0,4,0.0,0.0,0.0,0.0,0.0,0.0,0.0,0.0,0.0,0.001,0.001,0.001,0.001,0.001,0.001,0.001,0.001,0.001,0.001,0.002,0.002,0.002,0.002
47.0,1,0.0,0.0,0.0,0.0,0.0,0.0,0.0009999999999999992,0.0009999999999999992,0.0009999999999999992,0.0009999999999999992,0.037,0.254,0.9430000000000001,1.449,3.802,4.454,5.904,7.171,8.077,8.077,8.366000000000001,8.366000000000001,8.438
47.0,2,0.0,0.0,0.0,0.0,0.0,0.0,0.0,0.036,0.07200000000000001,0.144,0.6499999999999999,1.304,1.739,1.9920000000000002,2.788,4.272,4.669,5.393,6.046,6.371,7.494,7.7829999999999995,8.036000000000001
47.0,3,0.0,0.0,0.0,0.0,0.0,0.0,0.0,0.0,0.0,0.0,0.0,0.0,0.0,0.0,0.0009999999999999992,0.002,0.0029999999999999975,0.0029999999999999975,0.0029999999999999975,0.0029999999999999975,0.0029999999999999975,0.0029999999999999975,0.0029999999999999975
47.0,4,0.0,0.0,0.0,0.0,0.0,0.0,0.0,0.0,0.0009999999999999992,0.002,0.002,0.002,0.002,0.002,0.002,0.002,0.002,0.002,0.0029999999999999975,0.004999999999999999,0.006,0.006,0.006
48.0,1,0.0,0.0,0.0,0.0,0.0,0.0,0.001,0.001,0.001,0.001,0.017,0.119,0.439,0.675,1.77,2.0740000000000003,2.7489999999999997,3.339,3.761,3.761,3.895,3.895,3.929
48.0,2,0.0,0.0,0.0,0.0,0.0,0.0,0.0,0.017,0.034,0.067,0.303,0.607,0.8099999999999999,0.9279999999999999,1.2980000000000003,1.989,2.1740000000000004,2.511,2.815,2.966,3.489,3.6239999999999997,3.742
48.0,3,0.0,0.0,0.0,0.0,0.0,0.0,0.0,0.0,0.0,0.0,0.0,0.0,0.0,0.0,0.0,0.001,0.001,0.001,0.001,0.001,0.001,0.001,0.001
48.0,4,0.0,0.0,0.0,0.0,0.0,0.0,0.0,0.0,0.0,0.001,0.001,0.001,0.001,0.001,0.001,0.001,0.001,0.001,0.001,0.003,0.003,0.003,0.003
49.0,1,0.0,0.0,0.0,0.0,0.0,0.0,0.0,0.0,0.0,0.0,0.004,0.028999999999999998,0.108,0.16599999999999998,0.434,0.508,0.674,0.8180000000000001,0.9219999999999999,0.9219999999999999,0.955,0.955,0.9630000000000001
49.0,2,0.0,0.0,0.0,0.0,0.0,0.0,0.0,0.004,0.008,0.017,0.074,0.149,0.199,0.22799999999999998,0.318,0.488,0.533,0.615,0.69,0.727,0.855,0.888,0.9169999999999999
49.0,3,0.0,0.0,0.0,0.0,0.0,0.0,0.0,0.0,0.0,0.0,0.0,0.0,0.0,0.0,0.0,0.0,0.001,0.001,0.001,0.001,0.001,0.001,0.001
49.0,4,0.0,0.0,0.0,0.0,0.0,0.0,0.0,0.0,0.0,0.0,0.0,0.0,0.0,0.0,0.0,0.0,0.0,0.0,0.001,0.001,0.001,0.001,0.001
50.0,1,0.0,0.0,0.0,0.0,0.0,0.0,0.0,0.0,0.0,0.0,0.019000000000000003,0.132,0.489,0.751,1.9709999999999999,2.31,3.0620000000000003,3.7190000000000003,4.189,4.189,4.3389999999999995,4.3389999999999995,4.3759999999999994
50.0,2,0.0,0.0,0.0,0.0,0.0,0.0,0.0,0.018000000000000002,0.037,0.074,0.33699999999999997,0.676,0.9019999999999999,1.0330000000000001,1.446,2.216,2.4210000000000003,2.797,3.1350000000000002,3.3040000000000003,3.886,4.036,4.167999999999999
50.0,3,0.0,0.0,0.0,0.0,0.0,0.0,0.0,0.0,0.0,0.0,0.0,0.0,0.0,0.0,0.0,0.0009999999999999992,0.0009999999999999992,0.0009999999999999992,0.0009999999999999992,0.0009999999999999992,0.0009999999999999992,0.0009999999999999992,0.0009999999999999992
50.0,4,0.0,0.0,0.0,0.0,0.0,0.0,0.0,0.0,0.0,0.0009999999999999992,0.0009999999999999992,0.0009999999999999992,0.0009999999999999992,0.0009999999999999992,0.0009999999999999992,0.0009999999999999992,0.0009999999999999992,0.0009999999999999992,0.0009999999999999992,0.003000000000000001,0.003000000000000001,0.003000000000000001,0.003000000000000001
51.0,1,0.0,0.0,0.0,0.0,0.0,0.0,0.0,0.0,0.0,0.0,0.009000000000000001,0.062,0.23199999999999998,0.357,0.9369999999999999,1.098,1.4550000000000003,1.768,1.991,1.991,2.0629999999999997,2.0629999999999997,2.08
51.0,2,0.0,0.0,0.0,0.0,0.0,0.0,0.0,0.009000000000000001,0.017,0.034999999999999996,0.16,0.321,0.42900000000000005,0.491,0.6869999999999999,1.0530000000000002,1.1510000000000002,1.3300000000000003,1.4900000000000002,1.5710000000000002,1.848,1.919,1.981
51.0,3,0.0,0.0,0.0,0.0,0.0,0.0,0.0,0.0,0.0,0.0,0.0,0.0,0.0,0.0,0.0,0.0,0.0,0.0,0.0,0.0,0.0,0.0,0.0
51.0,4,0.0,0.0,0.0,0.0,0.0,0.0,0.0,0.0,0.0,0.0,0.0,0.0,0.0,0.0,0.0,0.0,0.0,0.0,0.0,0.001,0.001,0.001,0.001
52.0,1,0.0,0.0,0.0,0.0,0.0,0.0,0.001,0.001,0.001,0.001,0.014000000000000002,0.096,0.355,0.5449999999999999,1.4300000000000002,1.675,2.22,2.697,3.0370000000000004,3.0370000000000004,3.146,3.146,3.173
52.0,2,0.0,0.0,0.0,0.0,0.0,0.0,0.0,0.014000000000000002,0.027,0.05399999999999999,0.245,0.49,0.6539999999999999,0.749,1.049,1.607,1.756,2.028,2.2729999999999997,2.396,2.818,2.927,3.0220000000000002
52.0,3,0.0,0.0,0.0,0.0,0.0,0.0,0.0,0.0,0.0,0.0,0.0,0.0,0.0,0.0,0.0,0.001,0.001,0.001,0.001,0.001,0.001,0.001,0.001
52.0,4,0.0,0.0,0.0,0.0,0.0,0.0,0.0,0.0,0.0,0.001,0.001,0.001,0.001,0.001,0.001,0.001,0.001,0.001,0.001,0.002,0.002,0.002,0.002
53.0,1,0.0,0.0,0.0,0.0,0.0,0.0,0.0,0.0,0.0,0.0,0.033999999999999996,0.24,0.8899999999999999,1.369,3.592,4.209,5.579,6.776000000000001,7.632,7.632,7.906000000000001,7.906000000000001,7.974
53.0,2,0.0,0.0,0.0,0.0,0.0,0.0,0.0,0.033999999999999996,0.067,0.13499999999999998,0.614,1.232,1.6430000000000002,1.8820000000000001,2.634,4.037,4.412,5.096,5.713,6.0200000000000005,7.082,7.355,7.594
53.0,3,0.0,0.0,0.0,0.0,0.0,0.0,0.0,0.0,0.0,0.0,0.0,0.0,0.0,0.0,0.0,0.0009999999999999992,0.002,0.002,0.002,0.002,0.002,0.002,0.002
53.0,4,0.0,0.0,0.0,0.0,0.0,0.0,0.0,0.0,0.0,0.0009999999999999992,0.0009999999999999992,0.0009999999999999992,0.0009999999999999992,0.0009999999999999992,0.0009999999999999992,0.0009999999999999992,0.0009999999999999992,0.0009999999999999992,0.002,0.004999999999999999,0.004999999999999999,0.004999999999999999,0.004999999999999999
54.0,1,0.0,0.0,0.0,0.0,0.0,0.0,0.0009999999999999992,0.0009999999999999992,0.0009999999999999992,0.0009999999999999992,0.021000000000000005,0.146,0.539,0.829,2.1740000000000004,2.547,3.376,4.101,4.619,4.619,4.785,4.785,4.826
54.0,2,0.0,0.0,0.0,0.0,0.0,0.0,0.0,0.021000000000000005,0.041,0.082,0.37199999999999994,0.746,0.9949999999999999,1.14,1.595,2.443,2.6700000000000004,3.084,3.458,3.643,4.286,4.451,4.596
54.0,3,0.0,0.0,0.0,0.0,0.0,0.0,0.0,0.0,0.0,0.0,0.0,0.0,0.0,0.0,0.0009999999999999992,0.0009999999999999992,0.002,0.002,0.002,0.002,0.002,0.002,0.002
54.0,4,0.0,0.0,0.0,0.0,0.0,0.0,0.0,0.0,0.0009999999999999992,0.0009999999999999992,0.0009999999999999992,0.0009999999999999992,0.0009999999999999992,0.0009999999999999992,0.0009999999999999992,0.0009999999999999992,0.0009999999999999992,0.0009999999999999992,0.002,0.003000000000000001,0.004,0.004,0.004
55.0,1,0.0,0.0,0.0,0.0,0.0,0.0,0.0,0.0,0.0,0.0,0.008,0.051,0.19,0.291,0.7639999999999999,0.895,1.186,1.441,1.623,1.623,1.681,1.681,1.6960000000000002
55.0,2,0.0,0.0,0.0,0.0,0.0,0.0,0.0,0.007000000000000001,0.015000000000000001,0.028999999999999998,0.131,0.262,0.35000000000000003,0.40099999999999997,0.56,0.859,0.938,1.0839999999999999,1.215,1.2799999999999998,1.506,1.5639999999999998,1.615
55.0,3,0.0,0.0,0.0,0.0,0.0,0.0,0.0,0.0,0.0,0.0,0.0,0.0,0.0,0.0,0.0,0.001,0.001,0.001,0.001,0.001,0.001,0.001,0.001
55.0,4,0.0,0.0,0.0,0.0,0.0,0.0,0.0,0.0,0.0,0.001,0.001,0.001,0.001,0.001,0.001,0.001,0.001,0.001,0.001,0.001,0.001,0.001,0.001
56.0,1,0.0,0.0,0.0,0.0,0.0,0.0,0.001,0.001,0.001,0.001,0.015,0.099,0.367,0.565,1.481,1.735,2.3000000000000003,2.7929999999999997,3.146,3.146,3.259,3.259,3.2870000000000004
56.0,2,0.0,0.0,0.0,0.0,0.0,0.0,0.0,0.014000000000000002,0.028,0.055999999999999994,0.254,0.508,0.678,0.776,1.086,1.6640000000000001,1.8190000000000002,2.101,2.355,2.4819999999999998,2.919,3.032,3.13
56.0,3,0.0,0.0,0.0,0.0,0.0,0.0,0.0,0.0,0.0,0.0,0.0,0.0,0.0,0.0,0.001,0.001,0.001,0.001,0.001,0.001,0.001,0.001,0.001
56.0,4,0.0,0.0,0.0,0.0,0.0,0.0,0.0,0.0,0.001,0.001,0.001,0.001,0.001,0.001,0.001,0.001,0.001,0.001,0.001,0.002,0.002999999999999999,0.002999999999999999,0.002999999999999999
57.0,1,0.0,0.0,0.0,0.0,0.0,0.0,0.001,0.001,0.001,0.001,0.008,0.055,0.20299999999999999,0.312,0.819,0.959,1.271,1.544,1.7389999999999999,1.7389999999999999,1.8010000000000002,1.8010000000000002,1.816
57.0,2,0.0,0.0,0.0,0.0,0.0,0.0,0.0,0.008,0.016,0.031,0.13999999999999999,0.281,0.375,0.429,0.6,0.92,1.0050000000000001,1.161,1.302,1.372,1.613,1.6760000000000002,1.73
57.0,3,0.0,0.0,0.0,0.0,0.0,0.0,0.0,0.0,0.0,0.0,0.0,0.0,0.0,0.0,0.001,0.001,0.001,0.001,0.001,0.001,0.001,0.001,0.001
57.0,4,0.0,0.0,0.0,0.0,0.0,0.0,0.0,0.0,0.001,0.001,0.001,0.001,0.001,0.001,0.001,0.001,0.001,0.001,0.001,0.002,0.002,0.002,0.002
58.0,1,0.0,0.0,0.0,0.0,0.0,0.0,0.0,0.0,0.0,0.0,0.009000000000000001,0.063,0.233,0.358,0.94,1.1010000000000002,1.459,1.7730000000000001,1.997,1.997,2.0679999999999996,2.0679999999999996,2.086
58.0,2,0.0,0.0,0.0,0.0,0.0,0.0,0.0,0.009000000000000001,0.018000000000000002,0.034999999999999996,0.16099999999999998,0.322,0.43,0.492,0.6890000000000001,1.0560000000000003,1.1540000000000001,1.333,1.4950000000000003,1.5750000000000002,1.853,1.924,1.987
58.0,3,0.0,0.0,0.0,0.0,0.0,0.0,0.0,0.0,0.0,0.0,0.0,0.0,0.0,0.0,0.0,0.0,0.0,0.0,0.0,0.0,0.0,0.0,0.0
58.0,4,0.0,0.0,0.0,0.0,0.0,0.0,0.0,0.0,0.0,0.0,0.0,0.0,0.0,0.0,0.0,0.0,0.0,0.0,0.0,0.001,0.001,0.001,0.001
59.0,1,0.0,0.0,0.0,0.0,0.0,0.0,0.0,0.0,0.0,0.0,0.002,0.009000000000000001,0.032,0.049,0.129,0.151,0.2,0.243,0.27399999999999997,0.27399999999999997,0.28300000000000003,0.28300000000000003,0.28600000000000003
59.0,2,0.0,0.0,0.0,0.0,0.0,0.0,0.0,0.002,0.003,0.005,0.022000000000000002,0.044000000000000004,0.059000000000000004,0.068,0.095,0.145,0.158,0.183,0.205,0.21600000000000003,0.254,0.264,0.272
59.0,3,0.0,0.0,0.0,0.0,0.0,0.0,0.0,0.0,0.0,0.0,0.0,0.0,0.0,0.0,0.0,0.0,0.0,0.0,0.0,0.0,0.0,0.0,0.0
59.0,4,0.0,0.0,0.0,0.0,0.0,0.0,0.0,0.0,0.0,0.0,0.0,0.0,0.0,0.0,0.0,0.0,0.0,0.0,0.0,0.001,0.001,0.001,0.001
60.0,1,0.0,0.0,0.0,0.0,0.0,0.0,0.001,0.001,0.001,0.001,0.008,0.05399999999999999,0.199,0.306,0.8009999999999999,0.938,1.243,1.5099999999999998,1.701,1.701,1.762,1.762,1.7770000000000001
60.0,2,0.0,0.0,0.0,0.0,0.0,0.0,0.0,0.008,0.015000000000000001,0.031,0.137,0.27499999999999997,0.366,0.42000000000000004,0.587,0.9,0.983,1.136,1.273,1.342,1.578,1.639,1.692
60.0,3,0.0,0.0,0.0,0.0,0.0,0.0,0.0,0.0,0.0,0.0,0.0,0.0,0.0,0.0,0.0,0.001,0.001,0.001,0.001,0.001,0.001,0.001,0.001
60.0,4,0.0,0.0,0.0,0.0,0.0,0.0,0.0,0.0,0.0,0.001,0.001,0.001,0.001,0.001,0.001,0.001,0.001,0.001,0.001,0.001,0.002,0.002,0.002
61.0,1,0.0,0.0,0.0,0.0,0.0,0.0,0.0,0.0,0.0,0.0,0.020999999999999998,0.15,0.5579999999999999,0.859,2.2529999999999997,2.6399999999999997,3.499,4.25,4.787,4.787,4.958,4.958,5.001
61.0,2,0.0,0.0,0.0,0.0,0.0,0.0,0.0,0.020999999999999998,0.042,0.08499999999999999,0.385,0.772,1.03,1.1800000000000002,1.6520000000000001,2.532,2.7669999999999995,3.196,3.5829999999999997,3.776,4.441000000000001,4.613,4.763
61.0,3,0.0,0.0,0.0,0.0,0.0,0.0,0.0,0.0,0.0,0.0,0.0,0.0,0.0,0.0,0.0,0.0,0.0010000000000000009,0.0010000000000000009,0.0010000000000000009,0.0010000000000000009,0.0010000000000000009,0.0010000000000000009,0.0010000000000000009
61.0,4,0.0,0.0,0.0,0.0,0.0,0.0,0.0,0.0,0.0,0.0,0.0,0.0,0.0,0.0,0.0,0.0,0.0,0.0,0.0010000000000000009,0.003000000000000001,0.003000000000000001,0.003000000000000001,0.003000000000000001
62.0,1,0.0,0.0,0.0,0.0,0.0,0.0,0.0,0.0,0.0,0.0,0.010000000000000002,0.06799999999999999,0.253,0.389,1.0210000000000001,1.1960000000000002,1.586,1.9260000000000002,2.17,2.17,2.247,2.247,2.267
62.0,2,0.0,0.0,0.0,0.0,0.0,0.0,0.0,0.010000000000000002,0.019000000000000003,0.039,0.17500000000000002,0.35,0.46699999999999997,0.5349999999999999,0.749,1.1480000000000001,1.2540000000000002,1.449,1.6239999999999999,1.711,2.013,2.0909999999999997,2.159
62.0,3,0.0,0.0,0.0,0.0,0.0,0.0,0.0,0.0,0.0,0.0,0.0,0.0,0.0,0.0,0.0,0.0,0.001,0.001,0.001,0.001,0.001,0.001,0.001
62.0,4,0.0,0.0,0.0,0.0,0.0,0.0,0.0,0.0,0.0,0.0,0.0,0.0,0.0,0.0,0.0,0.0,0.0,0.0,0.001,0.001,0.002,0.002,0.002
63.0,1,0.0,0.0,0.0,0.0,0.0,0.0,0.0,0.0,0.0,0.0,0.012,0.08299999999999999,0.308,0.474,1.243,1.4569999999999999,1.931,2.346,2.6420000000000003,2.6420000000000003,2.737,2.737,2.76
63.0,2,0.0,0.0,0.0,0.0,0.0,0.0,0.0,0.011,0.023000000000000003,0.047,0.21200000000000002,0.426,0.569,0.651,0.9119999999999999,1.397,1.527,1.764,1.978,2.084,2.452,2.546,2.629
63.0,3,0.0,0.0,0.0,0.0,0.0,0.0,0.0,0.0,0.0,0.0,0.0,0.0,0.0,0.0,0.0,0.0,0.001,0.001,0.001,0.001,0.001,0.001,0.001
63.0,4,0.0,0.0,0.0,0.0,0.0,0.0,0.0,0.0,0.0,0.0,0.0,0.0,0.0,0.0,0.0,0.0,0.0,0.0,0.001,0.001,0.002,0.002,0.002
64.0,1,0.0,0.0,0.0,0.0,0.0,0.0,0.0,0.0,0.0,0.0,0.003,0.022,0.08099999999999999,0.124,0.325,0.381,0.505,0.613,0.6910000000000001,0.6910000000000001,0.715,0.715,0.721
64.0,2,0.0,0.0,0.0,0.0,0.0,0.0,0.0,0.003,0.005999999999999999,0.012,0.056,0.11099999999999999,0.149,0.17,0.238,0.365,0.399,0.461,0.517,0.545,0.641,0.6649999999999999,0.6869999999999999
64.0,3,0.0,0.0,0.0,0.0,0.0,0.0,0.0,0.0,0.0,0.0,0.0,0.0,0.0,0.0,0.0,0.0,0.0,0.0,0.0,0.0,0.0,0.0,0.0
64.0,4,0.0,0.0,0.0,0.0,0.0,0.0,0.0,0.0,0.0,0.0,0.0,0.0,0.0,0.0,0.0,0.0,0.0,0.0,0.0,0.0,0.0,0.0,0.0
65.0,1,0.0,0.0,0.0,0.0,0.0,0.0,0.0,0.0,0.0,0.0,0.014000000000000002,0.094,0.34800000000000003,0.535,1.4040000000000001,1.645,2.18,2.6479999999999997,2.983,2.983,3.09,3.09,3.116
65.0,2,0.0,0.0,0.0,0.0,0.0,0.0,0.0,0.013000000000000001,0.027,0.053000000000000005,0.24,0.482,0.6419999999999999,0.736,1.03,1.5779999999999998,1.7240000000000002,1.992,2.233,2.3529999999999998,2.768,2.874,2.968
65.0,3,0.0,0.0,0.0,0.0,0.0,0.0,0.0,0.0,0.0,0.0,0.0,0.0,0.0,0.0,0.0,0.001,0.001,0.001,0.001,0.001,0.001,0.001,0.001
65.0,4,0.0,0.0,0.0,0.0,0.0,0.0,0.0,0.0,0.0,0.001,0.001,0.001,0.001,0.001,0.001,0.001,0.001,0.001,0.001,0.002,0.002,0.002,0.002
66.0,1,0.0,0.0,0.0,0.0,0.0,0.0,0.001,0.001,0.001,0.001,0.005,0.033,0.121,0.18500000000000003,0.485,0.568,0.753,0.914,1.03,1.03,1.0670000000000002,1.0670000000000002,1.076
66.0,2,0.0,0.0,0.0,0.0,0.0,0.0,0.0,0.005,0.010000000000000002,0.019,0.083,0.167,0.222,0.254,0.35600000000000004,0.545,0.595,0.6880000000000001,0.771,0.8119999999999999,0.955,0.992,1.0250000000000001
66.0,3,0.0,0.0,0.0,0.0,0.0,0.0,0.0,0.0,0.0,0.0,0.0,0.0,0.0,0.0,0.001,0.001,0.001,0.001,0.001,0.001,0.001,0.001,0.001
66.0,4,0.0,0.0,0.0,0.0,0.0,0.0,0.0,0.0,0.001,0.001,0.001,0.001,0.001,0.001,0.001,0.001,0.001,0.001,0.001,0.001,0.001,0.001,0.001
67.0,1,0.0,0.0,0.0,0.0,0.0,0.0,0.0,0.0,0.0,0.0,0.0,0.0,0.0,0.0,0.0,0.0,0.0,0.0,0.0,0.0,0.0,0.0,0.0
67.0,2,0.0,0.0,0.0,0.0,0.0,0.0,0.0,0.0,0.0,0.0,0.0,0.0,0.0,0.0,0.0,0.0,0.0,0.0,0.0,0.0,0.0,0.0,0.0
67.0,3,0.0,0.0,0.0,0.0,0.0,0.0,0.0,0.0,0.0,0.0,0.0,0.0,0.0,0.0,0.0,0.0,0.0,0.0,0.0,0.0,0.0,0.0,0.0
67.0,4,0.0,0.0,0.0,0.0,0.0,0.0,0.0,0.0,0.0,0.0,0.0,0.0,0.0,0.0,0.0,0.0,0.0,0.0,0.0,0.0,0.0,0.0,0.0
68.0,1,0.0,0.0,0.0,0.0,0.0,0.0,0.0009999999999999974,0.0009999999999999974,0.0009999999999999974,0.0009999999999999974,0.044,0.303,1.1210000000000002,1.723,4.519,5.2940000000000005,7.017,8.524000000000001,9.600999999999999,9.600999999999999,9.944,9.944,10.03
68.0,2,0.0,0.0,0.0,0.0,0.0,0.0,0.0,0.043,0.08600000000000001,0.17099999999999999,0.7729999999999999,1.5500000000000003,2.067,2.368,3.314,5.078,5.55,6.411,7.186,7.573,8.908,9.251,9.553
68.0,3,0.0,0.0,0.0,0.0,0.0,0.0,0.0,0.0,0.0,0.0,0.0,0.0,0.0,0.0,0.0009999999999999974,0.0019999999999999983,0.002999999999999999,0.002999999999999999,0.002999999999999999,0.002999999999999999,0.002999999999999999,0.002999999999999999,0.002999999999999999
68.0,4,0.0,0.0,0.0,0.0,0.0,0.0,0.0,0.0,0.0009999999999999974,0.0019999999999999983,0.0019999999999999983,0.0019999999999999983,0.0019999999999999983,0.0019999999999999983,0.0019999999999999983,0.0019999999999999983,0.0019999999999999983,0.0019999999999999983,0.002999999999999999,0.006999999999999999,0.006999999999999999,0.006999999999999999,0.006999999999999999
69.0,1,0.0,0.0,0.0,0.0,0.0,0.0,0.0,0.0,0.0,0.0,0.009000000000000001,0.066,0.244,0.376,0.9860000000000001,1.155,1.5310000000000001,1.8600000000000003,2.095,2.095,2.17,2.17,2.1889999999999996
69.0,2,0.0,0.0,0.0,0.0,0.0,0.0,0.0,0.009000000000000001,0.019000000000000003,0.037,0.16899999999999998,0.338,0.45099999999999996,0.517,0.723,1.108,1.211,1.399,1.568,1.6520000000000001,1.944,2.0189999999999997,2.0839999999999996
69.0,3,0.0,0.0,0.0,0.0,0.0,0.0,0.0,0.0,0.0,0.0,0.0,0.0,0.0,0.0,0.0,0.0,0.001,0.001,0.001,0.001,0.001,0.001,0.001
69.0,4,0.0,0.0,0.0,0.0,0.0,0.0,0.0,0.0,0.0,0.0,0.0,0.0,0.0,0.0,0.0,0.0,0.0,0.0,0.001,0.001,0.001,0.001,0.001
70.0,1,0.0,0.0,0.0,0.0,0.0,0.0,0.0,0.0,0.0,0.0,0.013000000000000001,0.08900000000000001,0.331,0.51,1.337,1.566,2.076,2.522,2.841,2.841,2.942,2.942,2.968
70.0,2,0.0,0.0,0.0,0.0,0.0,0.0,0.0,0.013000000000000001,0.024999999999999998,0.05,0.229,0.45899999999999996,0.612,0.701,0.981,1.503,1.642,1.897,2.126,2.241,2.636,2.737,2.826
70.0,3,0.0,0.0,0.0,0.0,0.0,0.0,0.0,0.0,0.0,0.0,0.0,0.0,0.0,0.0,0.0,0.0,0.001,0.001,0.001,0.001,0.001,0.001,0.001
70.0,4,0.0,0.0,0.0,0.0,0.0,0.0,0.0,0.0,0.0,0.0,0.0,0.0,0.0,0.0,0.0,0.0,0.0,0.0,0.001,0.002,0.002,0.002,0.002
71.0,1,0.0,0.0,0.0,0.0,0.0,0.0,0.0,0.0,0.0,0.0,0.004999999999999999,0.035,0.131,0.201,0.528,0.619,0.821,0.9970000000000001,1.123,1.123,1.163,1.163,1.173
71.0,2,0.0,0.0,0.0,0.0,0.0,0.0,0.0,0.004999999999999999,0.01,0.020000000000000004,0.09,0.181,0.241,0.27699999999999997,0.387,0.594,0.6489999999999999,0.75,0.841,0.886,1.042,1.082,1.117
71.0,3,0.0,0.0,0.0,0.0,0.0,0.0,0.0,0.0,0.0,0.0,0.0,0.0,0.0,0.0,0.0,0.0,0.0,0.0,0.0,0.0,0.0,0.0,0.0
71.0,4,0.0,0.0,0.0,0.0,0.0,0.0,0.0,0.0,0.0,0.0,0.0,0.0,0.0,0.0,0.0,0.0,0.0,0.0,0.0,0.0,0.0,0.0,0.0
72.0,1,0.0,0.0,0.0,0.0,0.0,0.0,0.001,0.001,0.001,0.001,0.018,0.12,0.445,0.6829999999999999,1.792,2.1,2.7830000000000004,3.3810000000000002,3.8080000000000003,3.8080000000000003,3.944,3.944,3.978
72.0,2,0.0,0.0,0.0,0.0,0.0,0.0,0.0,0.017,0.034,0.06799999999999999,0.307,0.615,0.82,0.9390000000000001,1.3150000000000002,2.0140000000000002,2.201,2.543,2.85,3.004,3.5330000000000004,3.669,3.7889999999999997
72.0,3,0.0,0.0,0.0,0.0,0.0,0.0,0.0,0.0,0.0,0.0,0.0,0.0,0.0,0.0,0.001,0.001,0.001,0.001,0.001,0.001,0.001,0.001,0.001
72.0,4,0.0,0.0,0.0,0.0,0.0,0.0,0.0,0.0,0.001,0.001,0.001,0.001,0.001,0.001,0.001,0.001,0.001,0.001,0.001,0.003,0.003,0.003,0.003
73.0,1,0.0,0.0,0.0,0.0,0.0,0.0,0.0,0.0,0.0,0.0,0.001,0.004,0.013999999999999999,0.021,0.054000000000000006,0.063,0.084,0.102,0.115,0.115,0.11900000000000001,0.11900000000000001,0.12
73.0,2,0.0,0.0,0.0,0.0,0.0,0.0,0.0,0.001,0.001,0.002,0.009000000000000001,0.019,0.025,0.027999999999999997,0.04,0.061,0.066,0.077,0.086,0.091,0.107,0.111,0.114
73.0,3,0.0,0.0,0.0,0.0,0.0,0.0,0.0,0.0,0.0,0.0,0.0,0.0,0.0,0.0,0.0,0.0,0.0,0.0,0.0,0.0,0.0,0.0,0.0
73.0,4,0.0,0.0,0.0,0.0,0.0,0.0,0.0,0.0,0.0,0.0,0.0,0.0,0.0,0.0,0.0,0.0,0.0,0.0,0.0,0.0,0.0,0.0,0.0
74.0,1,0.0,0.0,0.0,0.0,0.0,0.0,0.0,0.0,0.0,0.0,0.009000000000000001,0.061,0.227,0.35,0.9179999999999999,1.0750000000000002,1.4250000000000003,1.731,1.9500000000000002,1.9500000000000002,2.02,2.02,2.037
74.0,2,0.0,0.0,0.0,0.0,0.0,0.0,0.0,0.008,0.017,0.034,0.157,0.315,0.42,0.481,0.6729999999999999,1.0310000000000001,1.127,1.302,1.4600000000000002,1.538,1.809,1.879,1.9400000000000002
74.0,3,0.0,0.0,0.0,0.0,0.0,0.0,0.0,0.0,0.0,0.0,0.0,0.0,0.0,0.0,0.0,0.0,0.0,0.0,0.0,0.0,0.0,0.0,0.0
74.0,4,0.0,0.0,0.0,0.0,0.0,0.0,0.0,0.0,0.0,0.0,0.0,0.0,0.0,0.0,0.0,0.0,0.0,0.0,0.0,0.001,0.001,0.001,0.001
75.0,1,0.0,0.0,0.0,0.0,0.0,0.0,0.0,0.0,0.0,0.0,0.006,0.044,0.164,0.252,0.66,0.773,1.0250000000000001,1.245,1.4020000000000001,1.4020000000000001,1.453,1.453,1.4649999999999999
75.0,2,0.0,0.0,0.0,0.0,0.0,0.0,0.0,0.006,0.011999999999999999,0.025,0.113,0.226,0.302,0.346,0.484,0.7420000000000001,0.8109999999999999,0.9359999999999999,1.05,1.1059999999999999,1.3010000000000002,1.3510000000000002,1.3949999999999998
75.0,3,0.0,0.0,0.0,0.0,0.0,0.0,0.0,0.0,0.0,0.0,0.0,0.0,0.0,0.0,0.0,0.0,0.0,0.0,0.0,0.0,0.0,0.0,0.0
75.0,4,0.0,0.0,0.0,0.0,0.0,0.0,0.0,0.0,0.0,0.0,0.0,0.0,0.0,0.0,0.0,0.0,0.0,0.0,0.0,0.001,0.001,0.001,0.001
76.0,1,0.0,0.0,0.0,0.0,0.0,0.0,0.0,0.0,0.0,0.0,0.020000000000000004,0.13599999999999998,0.504,0.7749999999999999,2.0320000000000005,2.3810000000000002,3.156,3.834,4.318,4.318,4.473,4.473,4.510999999999999
76.0,2,0.0,0.0,0.0,0.0,0.0,0.0,0.0,0.019000000000000003,0.038000000000000006,0.077,0.348,0.697,0.9299999999999999,1.065,1.4909999999999999,2.2840000000000003,2.496,2.883,3.232,3.406,4.005999999999999,4.161,4.295999999999999
76.0,3,0.0,0.0,0.0,0.0,0.0,0.0,0.0,0.0,0.0,0.0,0.0,0.0,0.0,0.0,0.0,0.0009999999999999992,0.0009999999999999992,0.0009999999999999992,0.0009999999999999992,0.0009999999999999992,0.0009999999999999992,0.0009999999999999992,0.0009999999999999992
76.0,4,0.0,0.0,0.0,0.0,0.0,0.0,0.0,0.0,0.0,0.0009999999999999992,0.0009999999999999992,0.0009999999999999992,0.0009999999999999992,0.0009999999999999992,0.0009999999999999992,0.0009999999999999992,0.0009999999999999992,0.0009999999999999992,0.0009999999999999992,0.003000000000000001,0.003000000000000001,0.003000000000000001,0.003000000000000001
77.0,1,0.0,0.0,0.0,0.0,0.0,0.0,0.0,0.0,0.0,0.0,0.0,0.0,0.0,0.0,0.0,0.0,0.0,0.0,0.0,0.0,0.0,0.0,0.0
77.0,2,0.0,0.0,0.0,0.0,0.0,0.0,0.0,0.0,0.0,0.0,0.0,0.0,0.0,0.0,0.0,0.0,0.0,0.0,0.0,0.0,0.0,0.0,0.0
77.0,3,0.0,0.0,0.0,0.0,0.0,0.0,0.0,0.0,0.0,0.0,0.0,0.0,0.0,0.0,0.0,0.0,0.0,0.0,0.0,0.0,0.0,0.0,0.0
77.0,4,0.0,0.0,0.0,0.0,0.0,0.0,0.0,0.0,0.0,0.0,0.0,0.0,0.0,0.0,0.0,0.0,0.0,0.0,0.0,0.0,0.0,0.0,0.0
78.0,1,0.0,0.0,0.0,0.0,0.0,0.0,0.0,0.0,0.0,0.0,0.010000000000000002,0.06999999999999999,0.258,0.397,1.0410000000000001,1.22,1.6170000000000002,1.964,2.2119999999999997,2.2119999999999997,2.291,2.291,2.311
78.0,2,0.0,0.0,0.0,0.0,0.0,0.0,0.0,0.010000000000000002,0.02,0.039,0.17800000000000002,0.357,0.476,0.5459999999999999,0.764,1.1700000000000002,1.279,1.477,1.6560000000000001,1.7450000000000003,2.052,2.131,2.201
78.0,3,0.0,0.0,0.0,0.0,0.0,0.0,0.0,0.0,0.0,0.0,0.0,0.0,0.0,0.0,0.0,0.0,0.001,0.001,0.001,0.001,0.001,0.001,0.001
78.0,4,0.0,0.0,0.0,0.0,0.0,0.0,0.0,0.0,0.0,0.0,0.0,0.0,0.0,0.0,0.0,0.0,0.0,0.0,0.001,0.001,0.002,0.002,0.002
79.0,1,0.0,0.0,0.0,0.0,0.0,0.0,0.0009999999999999992,0.0009999999999999992,0.0009999999999999992,0.0009999999999999992,0.031,0.212,0.785,1.207,3.164,3.7070000000000003,4.914,5.968999999999999,6.723,6.723,6.9639999999999995,6.9639999999999995,7.023
79.0,2,0.0,0.0,0.0,0.0,0.0,0.0,0.0,0.03,0.060000000000000005,0.12,0.541,1.086,1.448,1.658,2.321,3.556,3.886,4.489,5.032,5.303,6.238,6.478,6.688999999999999
79.0,3,0.0,0.0,0.0,0.0,0.0,0.0,0.0,0.0,0.0,0.0,0.0,0.0,0.0,0.0,0.0009999999999999992,0.0009999999999999992,0.002,0.002,0.002,0.002,0.002,0.002,0.002
79.0,4,0.0,0.0,0.0,0.0,0.0,0.0,0.0,0.0,0.0009999999999999992,0.0009999999999999992,0.0009999999999999992,0.0009999999999999992,0.0009999999999999992,0.0009999999999999992,0.0009999999999999992,0.0009999999999999992,0.0009999999999999992,0.0009999999999999992,0.002,0.0049999999999999975,0.0049999999999999975,0.0049999999999999975,0.0049999999999999975
80.0,1,0.0,0.0,0.0,0.0,0.0,0.0,0.0,0.0,0.0,0.0,0.008,0.057999999999999996,0.21599999999999997,0.332,0.872,1.0210000000000001,1.354,1.644,1.852,1.852,1.919,1.919,1.9350000000000003
80.0,2,0.0,0.0,0.0,0.0,0.0,0.0,0.0,0.008,0.016,0.032,0.149,0.299,0.398,0.457,0.639,0.98,1.0710000000000002,1.237,1.3860000000000001,1.461,1.719,1.7850000000000001,1.843
80.0,3,0.0,0.0,0.0,0.0,0.0,0.0,0.0,0.0,0.0,0.0,0.0,0.0,0.0,0.0,0.0,0.0,0.0,0.0,0.0,0.0,0.0,0.0,0.0
80.0,4,0.0,0.0,0.0,0.0,0.0,0.0,0.0,0.0,0.0,0.0,0.0,0.0,0.0,0.0,0.0,0.0,0.0,0.0,0.0,0.001,0.001,0.001,0.001
81.0,1,0.0,0.0,0.0,0.0,0.0,0.0,0.0,0.0,0.0,0.0,0.016,0.114,0.42200000000000004,0.648,1.7000000000000002,1.992,2.64,3.207,3.612,3.612,3.742,3.742,3.774
81.0,2,0.0,0.0,0.0,0.0,0.0,0.0,0.0,0.016,0.03200000000000001,0.064,0.29100000000000004,0.583,0.7779999999999999,0.8909999999999999,1.247,1.911,2.088,2.412,2.7039999999999997,2.8489999999999998,3.352,3.4810000000000003,3.594
81.0,3,0.0,0.0,0.0,0.0,0.0,0.0,0.0,0.0,0.0,0.0,0.0,0.0,0.0,0.0,0.0,0.001,0.001,0.001,0.001,0.001,0.001,0.001,0.001
81.0,4,0.0,0.0,0.0,0.0,0.0,0.0,0.0,0.0,0.0,0.001,0.001,0.001,0.001,0.001,0.001,0.001,0.001,0.001,0.001,0.001999999999999999,0.003,0.003,0.003
82.0,1,0.0,0.0,0.0,0.0,0.0,0.0,0.001,0.001,0.001,0.001,0.011,0.075,0.277,0.425,1.115,1.3060000000000003,1.7320000000000002,2.1029999999999998,2.3689999999999998,2.3689999999999998,2.4539999999999997,2.4539999999999997,2.475
82.0,2,0.0,0.0,0.0,0.0,0.0,0.0,0.0,0.011,0.021,0.041999999999999996,0.19099999999999998,0.383,0.51,0.585,0.818,1.2530000000000001,1.3700000000000003,1.582,1.7730000000000001,1.869,2.198,2.283,2.3569999999999998
82.0,3,0.0,0.0,0.0,0.0,0.0,0.0,0.0,0.0,0.0,0.0,0.0,0.0,0.0,0.0,0.0,0.001,0.001,0.001,0.001,0.001,0.001,0.001,0.001
82.0,4,0.0,0.0,0.0,0.0,0.0,0.0,0.0,0.0,0.0,0.001,0.001,0.001,0.001,0.001,0.001,0.001,0.001,0.001,0.001,0.002,0.002,0.002,0.002
83.0,1,0.0,0.0,0.0,0.0,0.0,0.0,0.001,0.001,0.001,0.001,0.008,0.053,0.19499999999999998,0.3,0.785,0.92,1.22,1.481,1.668,1.668,1.728,1.728,1.743
83.0,2,0.0,0.0,0.0,0.0,0.0,0.0,0.0,0.008,0.015000000000000001,0.03,0.13499999999999998,0.27,0.359,0.412,0.576,0.883,0.9650000000000001,1.1139999999999999,1.2489999999999999,1.316,1.548,1.608,1.66
83.0,3,0.0,0.0,0.0,0.0,0.0,0.0,0.0,0.0,0.0,0.0,0.0,0.0,0.0,0.0,0.0,0.001,0.001,0.001,0.001,0.001,0.001,0.001,0.001
83.0,4,0.0,0.0,0.0,0.0,0.0,0.0,0.0,0.0,0.0,0.001,0.001,0.001,0.001,0.001,0.001,0.001,0.001,0.001,0.001,0.001,0.002,0.002,0.002
84.0,1,0.0,0.0,0.0,0.0,0.0,0.0,0.0010000000000000009,0.0010000000000000009,0.0010000000000000009,0.0010000000000000009,0.032,0.223,0.826,1.27,3.3310000000000004,3.9030000000000005,5.173,6.284,7.077999999999999,7.077999999999999,7.331,7.331,7.394
84.0,2,0.0,0.0,0.0,0.0,0.0,0.0,0.0,0.030999999999999993,0.063,0.126,0.57,1.1420000000000001,1.524,1.746,2.4430000000000005,3.7439999999999998,4.091,4.726000000000001,5.298,5.582000000000001,6.567000000000001,6.82,7.042000000000001
84.0,3,0.0,0.0,0.0,0.0,0.0,0.0,0.0,0.0,0.0,0.0,0.0,0.0,0.0,0.0,0.0,0.0010000000000000009,0.002,0.002,0.002,0.002,0.002,0.002,0.002
84.0,4,0.0,0.0,0.0,0.0,0.0,0.0,0.0,0.0,0.0,0.0010000000000000009,0.0010000000000000009,0.0010000000000000009,0.0010000000000000009,0.0010000000000000009,0.0010000000000000009,0.0010000000000000009,0.0010000000000000009,0.0010000000000000009,0.002,0.003999999999999998,0.004999999999999999,0.004999999999999999,0.004999999999999999
85.0,1,0.0,0.0,0.0,0.0,0.0,0.0,0.0,0.0,0.0,0.0,0.010000000000000002,0.07100000000000001,0.262,0.402,1.0550000000000002,1.2360000000000002,1.6380000000000001,1.9900000000000002,2.241,2.241,2.322,2.322,2.342
85.0,2,0.0,0.0,0.0,0.0,0.0,0.0,0.0,0.010000000000000002,0.02,0.039999999999999994,0.181,0.362,0.483,0.553,0.774,1.1860000000000002,1.2960000000000003,1.497,1.6780000000000002,1.768,2.08,2.16,2.23
85.0,3,0.0,0.0,0.0,0.0,0.0,0.0,0.0,0.0,0.0,0.0,0.0,0.0,0.0,0.0,0.0,0.0,0.001,0.001,0.001,0.001,0.001,0.001,0.001
85.0,4,0.0,0.0,0.0,0.0,0.0,0.0,0.0,0.0,0.0,0.0,0.0,0.0,0.0,0.0,0.0,0.0,0.0,0.0,0.001,0.002,0.002,0.002,0.002
86.0,1,0.0,0.0,0.0,0.0,0.0,0.0,0.0,0.0,0.0,0.0,0.004,0.028999999999999998,0.106,0.16299999999999998,0.427,0.5,0.663,0.8049999999999999,0.9069999999999999,0.9069999999999999,0.94,0.94,0.9480000000000001
86.0,2,0.0,0.0,0.0,0.0,0.0,0.0,0.0,0.004,0.008,0.016,0.07300000000000001,0.14700000000000002,0.195,0.224,0.313,0.48000000000000004,0.524,0.606,0.679,0.7160000000000001,0.842,0.874,0.903
86.0,3,0.0,0.0,0.0,0.0,0.0,0.0,0.0,0.0,0.0,0.0,0.0,0.0,0.0,0.0,0.0,0.0,0.001,0.001,0.001,0.001,0.001,0.001,0.001
86.0,4,0.0,0.0,0.0,0.0,0.0,0.0,0.0,0.0,0.0,0.0,0.0,0.0,0.0,0.0,0.0,0.0,0.0,0.0,0.001,0.001,0.001,0.001,0.001
87.0,1,0.0,0.0,0.0,0.0,0.0,0.0,0.0010000000000000009,0.0010000000000000009,0.0010000000000000009,0.0010000000000000009,0.032999999999999995,0.22699999999999998,0.841,1.2930000000000001,3.3910000000000005,3.9730000000000003,5.267,6.397,7.205,7.205,7.463,7.463,7.527000000000001
87.0,2,0.0,0.0,0.0,0.0,0.0,0.0,0.0,0.032,0.06400000000000002,0.128,0.58,1.163,1.551,1.777,2.487,3.8110000000000004,4.165,4.811000000000001,5.393,5.683,6.6850000000000005,6.943,7.169
87.0,3,0.0,0.0,0.0,0.0,0.0,0.0,0.0,0.0,0.0,0.0,0.0,0.0,0.0,0.0,0.0010000000000000009,0.0010000000000000009,0.002,0.002,0.002,0.002,0.002,0.002,0.002
87.0,4,0.0,0.0,0.0,0.0,0.0,0.0,0.0,0.0,0.0010000000000000009,0.0010000000000000009,0.0010000000000000009,0.0010000000000000009,0.0010000000000000009,0.0010000000000000009,0.0010000000000000009,0.0010000000000000009,0.0010000000000000009,0.0010000000000000009,0.002,0.004999999999999999,0.004999999999999999,0.004999999999999999,0.004999999999999999
88.0,1,0.0,0.0,0.0,0.0,0.0,0.0,0.0,0.0,0.0,0.0,0.004,0.027999999999999997,0.105,0.161,0.422,0.495,0.656,0.7969999999999999,0.897,0.897,0.929,0.929,0.9369999999999999
88.0,2,0.0,0.0,0.0,0.0,0.0,0.0,0.0,0.004,0.008,0.016,0.072,0.145,0.19299999999999998,0.221,0.31,0.47500000000000003,0.519,0.599,0.6719999999999999,0.7080000000000001,0.832,0.865,0.893
88.0,3,0.0,0.0,0.0,0.0,0.0,0.0,0.0,0.0,0.0,0.0,0.0,0.0,0.0,0.0,0.0,0.0,0.001,0.001,0.001,0.001,0.001,0.001,0.001
88.0,4,0.0,0.0,0.0,0.0,0.0,0.0,0.0,0.0,0.0,0.0,0.0,0.0,0.0,0.0,0.0,0.0,0.0,0.0,0.001,0.001,0.001,0.001,0.001
89.0,1,0.0,0.0,0.0,0.0,0.0,0.0,0.0,0.0,0.0,0.0,0.001,0.008,0.028999999999999998,0.045,0.11800000000000001,0.138,0.182,0.222,0.249,0.249,0.258,0.258,0.261
89.0,2,0.0,0.0,0.0,0.0,0.0,0.0,0.0,0.001,0.003,0.005,0.02,0.040999999999999995,0.054000000000000006,0.062,0.086,0.132,0.14400000000000002,0.16699999999999998,0.187,0.19699999999999998,0.231,0.24,0.248
89.0,3,0.0,0.0,0.0,0.0,0.0,0.0,0.0,0.0,0.0,0.0,0.0,0.0,0.0,0.0,0.0,0.0,0.0,0.0,0.0,0.0,0.0,0.0,0.0
89.0,4,0.0,0.0,0.0,0.0,0.0,0.0,0.0,0.0,0.0,0.0,0.0,0.0,0.0,0.0,0.0,0.0,0.0,0.0,0.0,0.001,0.001,0.001,0.001
90.0,1,0.0,0.0,0.0,0.0,0.0,0.0,0.0,0.0,0.0,0.0,0.0,0.001,0.004,0.006,0.016,0.019,0.025,0.03,0.034,0.034,0.035,0.035,0.035
90.0,2,0.0,0.0,0.0,0.0,0.0,0.0,0.0,0.0,0.0,0.001,0.003,0.005,0.006999999999999999,0.008,0.012,0.018000000000000002,0.02,0.023,0.025,0.027000000000000003,0.031,0.033,0.034
90.0,3,0.0,0.0,0.0,0.0,0.0,0.0,0.0,0.0,0.0,0.0,0.0,0.0,0.0,0.0,0.0,0.0,0.0,0.0,0.0,0.0,0.0,0.0,0.0
90.0,4,0.0,0.0,0.0,0.0,0.0,0.0,0.0,0.0,0.0,0.0,0.0,0.0,0.0,0.0,0.0,0.0,0.0,0.0,0.0,0.0,0.0,0.0,0.0
91.0,1,0.0,0.0,0.0,0.0,0.0,0.0,0.0,0.0,0.0,0.0,0.008,0.06,0.22399999999999998,0.345,0.904,1.06,1.4050000000000002,1.7060000000000002,1.9220000000000002,1.9220000000000002,1.9900000000000002,1.9900000000000002,2.008
91.0,2,0.0,0.0,0.0,0.0,0.0,0.0,0.0,0.008,0.017,0.034,0.154,0.31,0.41300000000000003,0.47400000000000003,0.6629999999999999,1.0160000000000002,1.1110000000000002,1.2830000000000001,1.438,1.5160000000000002,1.7830000000000001,1.852,1.9120000000000001
91.0,3,0.0,0.0,0.0,0.0,0.0,0.0,0.0,0.0,0.0,0.0,0.0,0.0,0.0,0.0,0.0,0.0,0.0,0.0,0.0,0.0,0.0,0.0,0.0
91.0,4,0.0,0.0,0.0,0.0,0.0,0.0,0.0,0.0,0.0,0.0,0.0,0.0,0.0,0.0,0.0,0.0,0.0,0.0,0.0,0.001,0.001,0.001,0.001
92.0,1,0.0,0.0,0.0,0.0,0.0,0.0,0.0009999999999999992,0.0009999999999999992,0.0009999999999999992,0.0009999999999999992,0.020000000000000004,0.137,0.507,0.779,2.0450000000000004,2.395,3.1750000000000003,3.857,4.343999999999999,4.343999999999999,4.5,4.5,4.537999999999999
92.0,2,0.0,0.0,0.0,0.0,0.0,0.0,0.0,0.019000000000000003,0.039,0.077,0.35000000000000003,0.7010000000000001,0.9349999999999999,1.071,1.5,2.2980000000000005,2.511,2.9010000000000002,3.251,3.426,4.03,4.186,4.322
92.0,3,0.0,0.0,0.0,0.0,0.0,0.0,0.0,0.0,0.0,0.0,0.0,0.0,0.0,0.0,0.0,0.0009999999999999992,0.0009999999999999992,0.0009999999999999992,0.0009999999999999992,0.0009999999999999992,0.0009999999999999992,0.0009999999999999992,0.0009999999999999992
92.0,4,0.0,0.0,0.0,0.0,0.0,0.0,0.0,0.0,0.0,0.0009999999999999992,0.0009999999999999992,0.0009999999999999992,0.0009999999999999992,0.0009999999999999992,0.0009999999999999992,0.0009999999999999992,0.0009999999999999992,0.0009999999999999992,0.0009999999999999992,0.003000000000000001,0.003000000000000001,0.003000000000000001,0.003000000000000001
93.0,1,0.0,0.0,0.0,0.0,0.0,0.0,0.0,0.0,0.0,0.0,0.002,0.011000000000000001,0.039,0.06,0.157,0.184,0.244,0.29600000000000004,0.33399999999999996,0.33399999999999996,0.34600000000000003,0.34600000000000003,0.349
93.0,2,0.0,0.0,0.0,0.0,0.0,0.0,0.0,0.002,0.003,0.006,0.027000000000000003,0.054000000000000006,0.07200000000000001,0.083,0.11599999999999999,0.177,0.193,0.223,0.25,0.263,0.31,0.322,0.332
93.0,3,0.0,0.0,0.0,0.0,0.0,0.0,0.0,0.0,0.0,0.0,0.0,0.0,0.0,0.0,0.0,0.001,0.001,0.001,0.001,0.001,0.001,0.001,0.001
93.0,4,0.0,0.0,0.0,0.0,0.0,0.0,0.0,0.0,0.0,0.001,0.001,0.001,0.001,0.001,0.001,0.001,0.001,0.001,0.001,0.001,0.001,0.001,0.001
94.0,1,0.0,0.0,0.0,0.0,0.0,0.0,0.0,0.0,0.0,0.0,0.002,0.016,0.061,0.094,0.247,0.289,0.384,0.466,0.525,0.525,0.544,0.544,0.5479999999999999
94.0,2,0.0,0.0,0.0,0.0,0.0,0.0,0.0,0.002,0.004,0.009000000000000001,0.041999999999999996,0.08499999999999999,0.113,0.129,0.181,0.277,0.303,0.35000000000000003,0.39299999999999996,0.414,0.487,0.506,0.522
94.0,3,0.0,0.0,0.0,0.0,0.0,0.0,0.0,0.0,0.0,0.0,0.0,0.0,0.0,0.0,0.0,0.0,0.0,0.0,0.0,0.0,0.0,0.0,0.0
94.0,4,0.0,0.0,0.0,0.0,0.0,0.0,0.0,0.0,0.0,0.0,0.0,0.0,0.0,0.0,0.0,0.0,0.0,0.0,0.0,0.0,0.0,0.0,0.0
95.0,1,0.0,0.0,0.0,0.0,0.0,0.0,0.0,0.0,0.0,0.0,0.005,0.031,0.11499999999999999,0.176,0.461,0.54,0.7160000000000001,0.869,0.979,0.979,1.014,1.014,1.0230000000000001
95.0,2,0.0,0.0,0.0,0.0,0.0,0.0,0.0,0.005,0.009000000000000001,0.018,0.079,0.158,0.211,0.242,0.33799999999999997,0.518,0.5660000000000001,0.654,0.7330000000000001,0.772,0.909,0.944,0.974
95.0,3,0.0,0.0,0.0,0.0,0.0,0.0,0.0,0.0,0.0,0.0,0.0,0.0,0.0,0.0,0.0,0.001,0.001,0.001,0.001,0.001,0.001,0.001,0.001
95.0,4,0.0,0.0,0.0,0.0,0.0,0.0,0.0,0.0,0.0,0.001,0.001,0.001,0.001,0.001,0.001,0.001,0.001,0.001,0.001,0.001,0.001,0.001,0.001
96.0,1,0.0,0.0,0.0,0.0,0.0,0.0,0.0,0.0,0.0,0.0,0.002,0.016,0.059,0.091,0.24000000000000002,0.28099999999999997,0.373,0.45299999999999996,0.511,0.511,0.529,0.529,0.533
96.0,2,0.0,0.0,0.0,0.0,0.0,0.0,0.0,0.002,0.004,0.009000000000000001,0.041,0.082,0.11,0.126,0.176,0.27,0.29500000000000004,0.341,0.38199999999999995,0.40299999999999997,0.474,0.492,0.508
96.0,3,0.0,0.0,0.0,0.0,0.0,0.0,0.0,0.0,0.0,0.0,0.0,0.0,0.0,0.0,0.0,0.0,0.0,0.0,0.0,0.0,0.0,0.0,0.0
96.0,4,0.0,0.0,0.0,0.0,0.0,0.0,0.0,0.0,0.0,0.0,0.0,0.0,0.0,0.0,0.0,0.0,0.0,0.0,0.0,0.0,0.0,0.0,0.0
97.0,1,0.0,0.0,0.0,0.0,0.0,0.0,0.0009999999999999992,0.0009999999999999992,0.0009999999999999992,0.0009999999999999992,0.020000000000000004,0.138,0.511,0.786,2.0620000000000003,2.416,3.2020000000000004,3.8900000000000006,4.380999999999999,4.380999999999999,4.537999999999999,4.537999999999999,4.577
97.0,2,0.0,0.0,0.0,0.0,0.0,0.0,0.0,0.020000000000000004,0.039,0.078,0.353,0.707,0.9430000000000001,1.081,1.512,2.317,2.5330000000000004,2.9250000000000003,3.2790000000000004,3.456,4.065,4.2219999999999995,4.359
97.0,3,0.0,0.0,0.0,0.0,0.0,0.0,0.0,0.0,0.0,0.0,0.0,0.0,0.0,0.0,0.0,0.0009999999999999992,0.0009999999999999992,0.0009999999999999992,0.0009999999999999992,0.0009999999999999992,0.0009999999999999992,0.0009999999999999992,0.0009999999999999992
97.0,4,0.0,0.0,0.0,0.0,0.0,0.0,0.0,0.0,0.0,0.0009999999999999992,0.0009999999999999992,0.0009999999999999992,0.0009999999999999992,0.0009999999999999992,0.0009999999999999992,0.0009999999999999992,0.0009999999999999992,0.0009999999999999992,0.0009999999999999992,0.003000000000000001,0.003000000000000001,0.003000000000000001,0.003000000000000001
98.0,1,0.0,0.0,0.0,0.0,0.0,0.0,0.0010000000000000009,0.0010000000000000009,0.0010000000000000009,0.0010000000000000009,0.025,0.16799999999999998,0.622,0.9570000000000001,2.509,2.939,3.896,4.732,5.329000000000001,5.329000000000001,5.5200000000000005,5.5200000000000005,5.5680000000000005
98.0,2,0.0,0.0,0.0,0.0,0.0,0.0,0.0,0.024,0.048,0.095,0.429,0.861,1.1480000000000001,1.315,1.84,2.819,3.081,3.559,3.9890000000000003,4.204000000000001,4.945,5.136,5.303
98.0,3,0.0,0.0,0.0,0.0,0.0,0.0,0.0,0.0,0.0,0.0,0.0,0.0,0.0,0.0,0.0010000000000000009,0.0010000000000000009,0.0020000000000000018,0.0020000000000000018,0.0020000000000000018,0.0020000000000000018,0.0020000000000000018,0.0020000000000000018,0.0020000000000000018
98.0,4,0.0,0.0,0.0,0.0,0.0,0.0,0.0,0.0,0.0010000000000000009,0.0010000000000000009,0.0010000000000000009,0.0010000000000000009,0.0010000000000000009,0.0010000000000000009,0.0010000000000000009,0.0010000000000000009,0.0010000000000000009,0.0010000000000000009,0.0020000000000000018,0.004000000000000002,0.004000000000000002,0.004000000000000002,0.004000000000000002
99.0,1,0.0,0.0,0.0,0.0,0.0,0.0,0.0,0.0,0.0,0.0,0.007000000000000001,0.048,0.17900000000000002,0.27499999999999997,0.7220000000000001,0.846,1.121,1.362,1.534,1.534,1.589,1.589,1.602
99.0,2,0.0,0.0,0.0,0.0,0.0,0.0,0.0,0.007000000000000001,0.014,0.026999999999999996,0.124,0.248,0.33,0.378,0.529,0.8109999999999999,0.887,1.024,1.148,1.21,1.423,1.478,1.526
99.0,3,0.0,0.0,0.0,0.0,0.0,0.0,0.0,0.0,0.0,0.0,0.0,0.0,0.0,0.0,0.0,0.0,0.001,0.001,0.001,0.001,0.001,0.001,0.001
99.0,4,0.0,0.0,0.0,0.0,0.0,0.0,0.0,0.0,0.0,0.0,0.0,0.0,0.0,0.0,0.0,0.0,0.0,0.0,0.001,0.001,0.001,0.001,0.001
100.0,1,0.0,0.0,0.0,0.0,0.0,0.0,0.0,0.0,0.0,0.0,0.001,0.003,0.01,0.016,0.040999999999999995,0.048,0.064,0.078,0.08800000000000001,0.08800000000000001,0.091,0.091,0.092
100.0,2,0.0,0.0,0.0,0.0,0.0,0.0,0.0,0.001,0.001,0.002,0.006999999999999999,0.013999999999999999,0.019,0.022000000000000002,0.03,0.046,0.051,0.059000000000000004,0.066,0.069,0.081,0.084,0.087
100.0,3,0.0,0.0,0.0,0.0,0.0,0.0,0.0,0.0,0.0,0.0,0.0,0.0,0.0,0.0,0.0,0.0,0.0,0.0,0.0,0.0,0.0,0.0,0.0
100.0,4,0.0,0.0,0.0,0.0,0.0,0.0,0.0,0.0,0.0,0.0,0.0,0.0,0.0,0.0,0.0,0.0,0.0,0.0,0.0,0.0,0.0,0.0,0.0
101.0,1,0.0,0.0,0.0,0.0,0.0,0.0,0.0,0.0,0.0,0.0,0.004,0.026999999999999996,0.10099999999999999,0.155,0.406,0.47600000000000003,0.631,0.766,0.8630000000000001,0.8630000000000001,0.894,0.894,0.901
101.0,2,0.0,0.0,0.0,0.0,0.0,0.0,0.0,0.004,0.008,0.016,0.06999999999999999,0.139,0.186,0.213,0.298,0.456,0.499,0.5760000000000001,0.646,0.681,0.801,0.8310000000000001,0.859
101.0,3,0.0,0.0,0.0,0.0,0.0,0.0,0.0,0.0,0.0,0.0,0.0,0.0,0.0,0.0,0.0,0.0,0.0,0.0,0.0,0.0,0.0,0.0,0.0
101.0,4,0.0,0.0,0.0,0.0,0.0,0.0,0.0,0.0,0.0,0.0,0.0,0.0,0.0,0.0,0.0,0.0,0.0,0.0,0.0,0.001,0.001,0.001,0.001
102.0,1,0.0,0.0,0.0,0.0,0.0,0.0,0.0,0.0,0.0,0.0,0.0,0.0,0.0,0.0,0.0,0.0,0.0,0.0,0.0,0.0,0.0,0.0,0.0
102.0,2,0.0,0.0,0.0,0.0,0.0,0.0,0.0,0.0,0.0,0.0,0.0,0.0,0.0,0.0,0.0,0.0,0.0,0.0,0.0,0.0,0.0,0.0,0.0
102.0,3,0.0,0.0,0.0,0.0,0.0,0.0,0.0,0.0,0.0,0.0,0.0,0.0,0.0,0.0,0.0,0.0,0.0,0.0,0.0,0.0,0.0,0.0,0.0
102.0,4,0.0,0.0,0.0,0.0,0.0,0.0,0.0,0.0,0.0,0.0,0.0,0.0,0.0,0.0,0.0,0.0,0.0,0.0,0.0,0.0,0.0,0.0,0.0
103.0,1,0.0,0.0,0.0,0.0,0.0,0.0,0.0,0.0,0.0,0.0,0.002,0.01,0.034,0.052000000000000005,0.13699999999999998,0.16,0.212,0.258,0.29,0.29,0.301,0.301,0.303
103.0,2,0.0,0.0,0.0,0.0,0.0,0.0,0.0,0.002,0.003,0.006,0.024,0.047,0.063,0.07200000000000001,0.10099999999999999,0.154,0.168,0.19399999999999998,0.218,0.22899999999999998,0.27,0.28,0.289
103.0,3,0.0,0.0,0.0,0.0,0.0,0.0,0.0,0.0,0.0,0.0,0.0,0.0,0.0,0.0,0.0,0.0,0.0,0.0,0.0,0.0,0.0,0.0,0.0
103.0,4,0.0,0.0,0.0,0.0,0.0,0.0,0.0,0.0,0.0,0.0,0.0,0.0,0.0,0.0,0.0,0.0,0.0,0.0,0.0,0.001,0.001,0.001,0.001
104.0,1,0.0,0.0,0.0,0.0,0.0,0.0,0.0,0.0,0.0,0.0,0.022,0.156,0.5800000000000001,0.891,2.338,2.7399999999999998,3.631,4.4110000000000005,4.968,4.968,5.146,5.146,5.19
104.0,2,0.0,0.0,0.0,0.0,0.0,0.0,0.0,0.022,0.044,0.088,0.4,0.802,1.069,1.225,1.715,2.6279999999999997,2.8719999999999994,3.3169999999999997,3.7190000000000003,3.919,4.609000000000001,4.787,4.9430000000000005
104.0,3,0.0,0.0,0.0,0.0,0.0,0.0,0.0,0.0,0.0,0.0,0.0,0.0,0.0,0.0,0.0,0.0010000000000000009,0.0010000000000000009,0.0010000000000000009,0.0010000000000000009,0.0010000000000000009,0.0010000000000000009,0.0010000000000000009,0.0010000000000000009
104.0,4,0.0,0.0,0.0,0.0,0.0,0.0,0.0,0.0,0.0,0.0010000000000000009,0.0010000000000000009,0.0010000000000000009,0.0010000000000000009,0.0010000000000000009,0.0010000000000000009,0.0010000000000000009,0.0010000000000000009,0.0010000000000000009,0.0010000000000000009,0.003000000000000001,0.004000000000000002,0.004000000000000002,0.004000000000000002
105.0,1,0.0,0.0,0.0,0.0,0.0,0.0,0.0,0.0,0.0,0.0,0.006,0.04,0.15,0.231,0.605,0.709,0.9400000000000001,1.1420000000000001,1.286,1.286,1.333,1.333,1.3439999999999999
105.0,2,0.0,0.0,0.0,0.0,0.0,0.0,0.0,0.006,0.011000000000000001,0.023,0.103,0.207,0.27699999999999997,0.317,0.444,0.68,0.744,0.859,0.963,1.0150000000000001,1.194,1.24,1.2799999999999998
105.0,3,0.0,0.0,0.0,0.0,0.0,0.0,0.0,0.0,0.0,0.0,0.0,0.0,0.0,0.0,0.0,0.0,0.0,0.0,0.0,0.0,0.0,0.0,0.0
105.0,4,0.0,0.0,0.0,0.0,0.0,0.0,0.0,0.0,0.0,0.0,0.0,0.0,0.0,0.0,0.0,0.0,0.0,0.0,0.0,0.001,0.001,0.001,0.001
106.0,1,0.0,0.0,0.0,0.0,0.0,0.0,0.0,0.0,0.0,0.0,0.002,0.013999999999999999,0.053000000000000005,0.082,0.21500000000000002,0.252,0.334,0.406,0.45699999999999996,0.45699999999999996,0.473,0.473,0.477
106.0,2,0.0,0.0,0.0,0.0,0.0,0.0,0.0,0.002,0.004,0.008,0.036000000000000004,0.07300000000000001,0.098,0.112,0.157,0.242,0.264,0.305,0.34199999999999997,0.36,0.424,0.44,0.455
106.0,3,0.0,0.0,0.0,0.0,0.0,0.0,0.0,0.0,0.0,0.0,0.0,0.0,0.0,0.0,0.0,0.0,0.0,0.0,0.0,0.0,0.0,0.0,0.0
106.0,4,0.0,0.0,0.0,0.0,0.0,0.0,0.0,0.0,0.0,0.0,0.0,0.0,0.0,0.0,0.0,0.0,0.0,0.0,0.0,0.0,0.0,0.0,0.0
107.0,1,0.0,0.0,0.0,0.0,0.0,0.0,0.0010000000000000009,0.0010000000000000009,0.0010000000000000009,0.0010000000000000009,0.032,0.22399999999999998,0.83,1.277,3.349,3.924,5.202000000000001,6.318,7.117000000000001,7.117000000000001,7.371,7.371,7.4350000000000005
107.0,2,0.0,0.0,0.0,0.0,0.0,0.0,0.0,0.032,0.063,0.126,0.573,1.149,1.5319999999999998,1.755,2.4570000000000003,3.764,4.114,4.752,5.327000000000001,5.6129999999999995,6.603,6.858,7.081
107.0,3,0.0,0.0,0.0,0.0,0.0,0.0,0.0,0.0,0.0,0.0,0.0,0.0,0.0,0.0,0.0,0.0010000000000000009,0.002,0.002,0.002,0.002,0.002,0.002,0.002
107.0,4,0.0,0.0,0.0,0.0,0.0,0.0,0.0,0.0,0.0,0.0010000000000000009,0.0010000000000000009,0.0010000000000000009,0.0010000000000000009,0.0010000000000000009,0.0010000000000000009,0.0010000000000000009,0.0010000000000000009,0.0010000000000000009,0.002,0.003999999999999998,0.004999999999999999,0.004999999999999999,0.004999999999999999
108.0,1,0.0,0.0,0.0,0.0,0.0,0.0,0.0,0.0,0.0,0.0,0.003,0.02,0.07300000000000001,0.112,0.29500000000000004,0.34600000000000003,0.45799999999999996,0.5569999999999999,0.627,0.627,0.6499999999999999,0.6499999999999999,0.6549999999999999
108.0,2,0.0,0.0,0.0,0.0,0.0,0.0,0.0,0.003,0.005,0.011,0.049999999999999996,0.10099999999999999,0.135,0.155,0.216,0.33199999999999996,0.362,0.419,0.469,0.495,0.582,0.604,0.624
108.0,3,0.0,0.0,0.0,0.0,0.0,0.0,0.0,0.0,0.0,0.0,0.0,0.0,0.0,0.0,0.0,0.0,0.0,0.0,0.0,0.0,0.0,0.0,0.0
108.0,4,0.0,0.0,0.0,0.0,0.0,0.0,0.0,0.0,0.0,0.0,0.0,0.0,0.0,0.0,0.0,0.0,0.0,0.0,0.0,0.0,0.0,0.0,0.0
109.0,1,0.0,0.0,0.0,0.0,0.0,0.0,0.0009999999999999992,0.0009999999999999992,0.0009999999999999992,0.0009999999999999992,0.021000000000000005,0.14200000000000002,0.525,0.8069999999999999,2.115,2.478,3.2850000000000006,3.9900000000000007,4.494,4.494,4.655,4.655,4.695
109.0,2,0.0,0.0,0.0,0.0,0.0,0.0,0.0,0.020000000000000004,0.04,0.07999999999999999,0.362,0.726,0.9680000000000001,1.109,1.552,2.3770000000000002,2.598,3.001,3.3640000000000003,3.5450000000000004,4.17,4.3309999999999995,4.4719999999999995
109.0,3,0.0,0.0,0.0,0.0,0.0,0.0,0.0,0.0,0.0,0.0,0.0,0.0,0.0,0.0,0.0009999999999999992,0.0009999999999999992,0.002,0.002,0.002,0.002,0.002,0.002,0.002
109.0,4,0.0,0.0,0.0,0.0,0.0,0.0,0.0,0.0,0.0009999999999999992,0.0009999999999999992,0.0009999999999999992,0.0009999999999999992,0.0009999999999999992,0.0009999999999999992,0.0009999999999999992,0.0009999999999999992,0.0009999999999999992,0.0009999999999999992,0.002,0.003000000000000001,0.004,0.004,0.004
110.0,1,0.0,0.0,0.0,0.0,0.0,0.0,0.001,0.001,0.001,0.001,0.014000000000000002,0.095,0.35300000000000004,0.542,1.422,1.666,2.2079999999999997,2.6820000000000004,3.021,3.021,3.129,3.129,3.156
110.0,2,0.0,0.0,0.0,0.0,0.0,0.0,0.0,0.014000000000000002,0.027,0.05399999999999999,0.243,0.48800000000000004,0.65,0.7450000000000001,1.043,1.5979999999999999,1.746,2.017,2.261,2.383,2.803,2.911,3.006
110.0,3,0.0,0.0,0.0,0.0,0.0,0.0,0.0,0.0,0.0,0.0,0.0,0.0,0.0,0.0,0.0,0.001,0.001,0.001,0.001,0.001,0.001,0.001,0.001
110.0,4,0.0,0.0,0.0,0.0,0.0,0.0,0.0,0.0,0.0,0.001,0.001,0.001,0.001,0.001,0.001,0.001,0.001,0.001,0.001,0.002,0.002,0.002,0.002
111.0,1,0.0,0.0,0.0,0.0,0.0,0.0,0.0,0.0,0.0,0.0,0.020999999999999998,0.149,0.5519999999999999,0.85,2.2289999999999996,2.6119999999999997,3.4619999999999997,4.206,4.737,4.737,4.907,4.907,4.949000000000001
111.0,2,0.0,0.0,0.0,0.0,0.0,0.0,0.0,0.020999999999999998,0.042,0.08399999999999999,0.38099999999999995,0.7639999999999999,1.0200000000000002,1.1680000000000001,1.635,2.505,2.738,3.163,3.546,3.736,4.3950000000000005,4.565,4.713
111.0,3,0.0,0.0,0.0,0.0,0.0,0.0,0.0,0.0,0.0,0.0,0.0,0.0,0.0,0.0,0.0,0.0,0.0010000000000000009,0.0010000000000000009,0.0010000000000000009,0.0010000000000000009,0.0010000000000000009,0.0010000000000000009,0.0010000000000000009
111.0,4,0.0,0.0,0.0,0.0,0.0,0.0,0.0,0.0,0.0,0.0,0.0,0.0,0.0,0.0,0.0,0.0,0.0,0.0,0.0010000000000000009,0.003000000000000001,0.003000000000000001,0.003000000000000001,0.003000000000000001
112.0,1,0.0,0.0,0.0,0.0,0.0,0.0,0.0,0.0,0.0,0.0,0.020000000000000004,0.13499999999999998,0.502,0.772,2.0260000000000002,2.373,3.146,3.821,4.303999999999999,4.303999999999999,4.457999999999999,4.457999999999999,4.4959999999999996
112.0,2,0.0,0.0,0.0,0.0,0.0,0.0,0.0,0.019000000000000003,0.038000000000000006,0.07599999999999998,0.34600000000000003,0.695,0.9269999999999999,1.062,1.486,2.277,2.4880000000000004,2.874,3.221,3.3950000000000005,3.993,4.147,4.282
112.0,3,0.0,0.0,0.0,0.0,0.0,0.0,0.0,0.0,0.0,0.0,0.0,0.0,0.0,0.0,0.0,0.0009999999999999992,0.0009999999999999992,0.0009999999999999992,0.0009999999999999992,0.0009999999999999992,0.0009999999999999992,0.0009999999999999992,0.0009999999999999992
112.0,4,0.0,0.0,0.0,0.0,0.0,0.0,0.0,0.0,0.0,0.0009999999999999992,0.0009999999999999992,0.0009999999999999992,0.0009999999999999992,0.0009999999999999992,0.0009999999999999992,0.0009999999999999992,0.0009999999999999992,0.0009999999999999992,0.0009999999999999992,0.003000000000000001,0.003000000000000001,0.003000000000000001,0.003000000000000001
113.0,1,0.0,0.0,0.0,0.0,0.0,0.0,0.0,0.0,0.0,0.0,0.006,0.044,0.164,0.253,0.663,0.776,1.029,1.25,1.408,1.408,1.458,1.458,1.471
113.0,2,0.0,0.0,0.0,0.0,0.0,0.0,0.0,0.006,0.011999999999999999,0.025,0.113,0.22699999999999998,0.303,0.347,0.486,0.745,0.814,0.9400000000000001,1.054,1.11,1.306,1.356,1.401
113.0,3,0.0,0.0,0.0,0.0,0.0,0.0,0.0,0.0,0.0,0.0,0.0,0.0,0.0,0.0,0.0,0.0,0.0,0.0,0.0,0.0,0.0,0.0,0.0
113.0,4,0.0,0.0,0.0,0.0,0.0,0.0,0.0,0.0,0.0,0.0,0.0,0.0,0.0,0.0,0.0,0.0,0.0,0.0,0.0,0.001,0.001,0.001,0.001
114.0,1,0.0,0.0,0.0,0.0,0.0,0.0,0.0,0.0,0.0,0.0,0.010000000000000002,0.067,0.248,0.381,0.9999999999999999,1.1720000000000002,1.5530000000000002,1.8860000000000001,2.125,2.125,2.201,2.201,2.22
114.0,2,0.0,0.0,0.0,0.0,0.0,0.0,0.0,0.009000000000000001,0.019000000000000003,0.03799999999999999,0.17099999999999999,0.343,0.457,0.524,0.733,1.124,1.228,1.419,1.5900000000000003,1.6760000000000002,1.971,2.0469999999999997,2.114
114.0,3,0.0,0.0,0.0,0.0,0.0,0.0,0.0,0.0,0.0,0.0,0.0,0.0,0.0,0.0,0.0,0.0,0.001,0.001,0.001,0.001,0.001,0.001,0.001
114.0,4,0.0,0.0,0.0,0.0,0.0,0.0,0.0,0.0,0.0,0.0,0.0,0.0,0.0,0.0,0.0,0.0,0.0,0.0,0.001,0.001,0.002,0.002,0.002
115.0,1,0.0,0.0,0.0,0.0,0.0,0.0,0.0,0.0,0.0,0.0,0.004,0.028999999999999998,0.108,0.16599999999999998,0.43600000000000005,0.51,0.676,0.822,0.9249999999999999,0.9249999999999999,0.959,0.959,0.967
115.0,2,0.0,0.0,0.0,0.0,0.0,0.0,0.0,0.004,0.009000000000000001,0.017,0.075,0.15,0.199,0.22799999999999998,0.32,0.49,0.535,0.618,0.6930000000000001,0.73,0.859,0.892,0.921
115.0,3,0.0,0.0,0.0,0.0,0.0,0.0,0.0,0.0,0.0,0.0,0.0,0.0,0.0,0.0,0.0,0.0,0.001,0.001,0.001,0.001,0.001,0.001,0.001
115.0,4,0.0,0.0,0.0,0.0,0.0,0.0,0.0,0.0,0.0,0.0,0.0,0.0,0.0,0.0,0.0,0.0,0.0,0.0,0.001,0.001,0.001,0.001,0.001
116.0,1,0.0,0.0,0.0,0.0,0.0,0.0,0.0,0.0,0.0,0.0,0.019000000000000003,0.134,0.495,0.762,1.998,2.341,3.103,3.7700000000000005,4.2459999999999996,4.2459999999999996,4.398,4.398,4.436
116.0,2,0.0,0.0,0.0,0.0,0.0,0.0,0.0,0.019000000000000003,0.038000000000000006,0.075,0.34199999999999997,0.6849999999999999,0.914,1.047,1.466,2.246,2.454,2.8350000000000004,3.178,3.349,3.939,4.090999999999999,4.225
116.0,3,0.0,0.0,0.0,0.0,0.0,0.0,0.0,0.0,0.0,0.0,0.0,0.0,0.0,0.0,0.0,0.0009999999999999992,0.0009999999999999992,0.0009999999999999992,0.0009999999999999992,0.0009999999999999992,0.0009999999999999992,0.0009999999999999992,0.0009999999999999992
116.0,4,0.0,0.0,0.0,0.0,0.0,0.0,0.0,0.0,0.0,0.0009999999999999992,0.0009999999999999992,0.0009999999999999992,0.0009999999999999992,0.0009999999999999992,0.0009999999999999992,0.0009999999999999992,0.0009999999999999992,0.0009999999999999992,0.0009999999999999992,0.003000000000000001,0.003000000000000001,0.003000000000000001,0.003000000000000001
117.0,1,0.0,0.0,0.0,0.0,0.0,0.0,0.0,0.0,0.0,0.0,0.008,0.056999999999999995,0.212,0.327,0.857,1.0050000000000001,1.332,1.618,1.822,1.822,1.8880000000000001,1.8880000000000001,1.904
117.0,2,0.0,0.0,0.0,0.0,0.0,0.0,0.0,0.008,0.016,0.032,0.146,0.294,0.392,0.449,0.629,0.9640000000000001,1.0530000000000002,1.217,1.364,1.437,1.691,1.7560000000000002,1.813
117.0,3,0.0,0.0,0.0,0.0,0.0,0.0,0.0,0.0,0.0,0.0,0.0,0.0,0.0,0.0,0.0,0.0,0.0,0.0,0.0,0.0,0.0,0.0,0.0
117.0,4,0.0,0.0,0.0,0.0,0.0,0.0,0.0,0.0,0.0,0.0,0.0,0.0,0.0,0.0,0.0,0.0,0.0,0.0,0.0,0.001,0.001,0.001,0.001
118.0,1,0.0,0.0,0.0,0.0,0.0,0.0,0.0,0.0,0.0,0.0,0.0,0.0,0.0,0.0,0.0,0.0,0.0,0.0,0.0,0.0,0.0,0.0,0.0
118.0,2,0.0,0.0,0.0,0.0,0.0,0.0,0.0,0.0,0.0,0.0,0.0,0.0,0.0,0.0,0.0,0.0,0.0,0.0,0.0,0.0,0.0,0.0,0.0
118.0,3,0.0,0.0,0.0,0.0,0.0,0.0,0.0,0.0,0.0,0.0,0.0,0.0,0.0,0.0,0.0,0.0,0.0,0.0,0.0,0.0,0.0,0.0,0.0
118.0,4,0.0,0.0,0.0,0.0,0.0,0.0,0.0,0.0,0.0,0.0,0.0,0.0,0.0,0.0,0.0,0.0,0.0,0.0,0.0,0.0,0.0,0.0,0.0
119.0,1,0.0,0.0,0.0,0.0,0.0,0.0,0.0,0.0,0.0,0.0,0.0,0.0,0.0,0.0,0.0,0.0,0.0,0.0,0.0,0.0,0.0,0.0,0.0
119.0,2,0.0,0.0,0.0,0.0,0.0,0.0,0.0,0.0,0.0,0.0,0.0,0.0,0.0,0.0,0.0,0.0,0.0,0.0,0.0,0.0,0.0,0.0,0.0
119.0,3,0.0,0.0,0.0,0.0,0.0,0.0,0.0,0.0,0.0,0.0,0.0,0.0,0.0,0.0,0.0,0.0,0.0,0.0,0.0,0.0,0.0,0.0,0.0
119.0,4,0.0,0.0,0.0,0.0,0.0,0.0,0.0,0.0,0.0,0.0,0.0,0.0,0.0,0.0,0.0,0.0,0.0,0.0,0.0,0.0,0.0,0.0,0.0
120.0,1,0.0,0.0,0.0,0.0,0.0,0.0,0.0,0.0,0.0,0.0,0.002,0.01,0.035,0.053,0.139,0.162,0.215,0.261,0.294,0.294,0.304,0.304,0.307
120.0,2,0.0,0.0,0.0,0.0,0.0,0.0,0.0,0.002,0.003,0.006,0.024,0.048,0.064,0.073,0.102,0.156,0.17,0.196,0.22,0.23199999999999998,0.273,0.28300000000000003,0.292
120.0,3,0.0,0.0,0.0,0.0,0.0,0.0,0.0,0.0,0.0,0.0,0.0,0.0,0.0,0.0,0.0,0.0,0.001,0.001,0.001,0.001,0.001,0.001,0.001
120.0,4,0.0,0.0,0.0,0.0,0.0,0.0,0.0,0.0,0.0,0.0,0.0,0.0,0.0,0.0,0.0,0.0,0.0,0.0,0.001,0.001,0.001,0.001,0.001
121.0,1,0.0,0.0,0.0,0.0,0.0,0.0,0.0,0.0,0.0,0.0,0.001,0.004,0.013999999999999999,0.022000000000000002,0.057,0.067,0.08900000000000001,0.10800000000000001,0.121,0.121,0.126,0.126,0.127
121.0,2,0.0,0.0,0.0,0.0,0.0,0.0,0.0,0.001,0.001,0.002,0.01,0.02,0.026000000000000002,0.03,0.042,0.064,0.07,0.081,0.091,0.096,0.113,0.11699999999999999,0.121
121.0,3,0.0,0.0,0.0,0.0,0.0,0.0,0.0,0.0,0.0,0.0,0.0,0.0,0.0,0.0,0.0,0.0,0.0,0.0,0.0,0.0,0.0,0.0,0.0
121.0,4,0.0,0.0,0.0,0.0,0.0,0.0,0.0,0.0,0.0,0.0,0.0,0.0,0.0,0.0,0.0,0.0,0.0,0.0,0.0,0.0,0.0,0.0,0.0
122.0,1,0.0,0.0,0.0,0.0,0.0,0.0,0.0,0.0,0.0,0.0,0.015,0.108,0.39899999999999997,0.614,1.611,1.8880000000000001,2.502,3.04,3.423,3.423,3.5460000000000003,3.5460000000000003,3.5760000000000005
122.0,2,0.0,0.0,0.0,0.0,0.0,0.0,0.0,0.015,0.030000000000000002,0.061000000000000006,0.275,0.552,0.737,0.8440000000000001,1.1820000000000002,1.811,1.979,2.286,2.562,2.7,3.176,3.299,3.406
122.0,3,0.0,0.0,0.0,0.0,0.0,0.0,0.0,0.0,0.0,0.0,0.0,0.0,0.0,0.0,0.0,0.0,0.001,0.001,0.001,0.001,0.001,0.001,0.001
122.0,4,0.0,0.0,0.0,0.0,0.0,0.0,0.0,0.0,0.0,0.0,0.0,0.0,0.0,0.0,0.0,0.0,0.0,0.0,0.001,0.001999999999999999,0.001999999999999999,0.001999999999999999,0.001999999999999999
123.0,1,0.0,0.0,0.0,0.0,0.0,0.0,0.0,0.0,0.0,0.0,0.010000000000000002,0.06999999999999999,0.259,0.399,1.0460000000000003,1.2260000000000002,1.6239999999999999,1.973,2.222,2.222,2.302,2.302,2.322
123.0,2,0.0,0.0,0.0,0.0,0.0,0.0,0.0,0.010000000000000002,0.02,0.039999999999999994,0.179,0.35900000000000004,0.47900000000000004,0.548,0.767,1.1760000000000002,1.2850000000000001,1.484,1.663,1.7530000000000001,2.062,2.142,2.211
123.0,3,0.0,0.0,0.0,0.0,0.0,0.0,0.0,0.0,0.0,0.0,0.0,0.0,0.0,0.0,0.0,0.0,0.001,0.001,0.001,0.001,0.001,0.001,0.001
123.0,4,0.0,0.0,0.0,0.0,0.0,0.0,0.0,0.0,0.0,0.0,0.0,0.0,0.0,0.0,0.0,0.0,0.0,0.0,0.001,0.002,0.002,0.002,0.002
124.0,1,0.0,0.0,0.0,0.0,0.0,0.0,0.0,0.0,0.0,0.0,0.011,0.073,0.269,0.41400000000000003,1.0850000000000002,1.2710000000000001,1.6850000000000003,2.046,2.305,2.305,2.387,2.387,2.408
124.0,2,0.0,0.0,0.0,0.0,0.0,0.0,0.0,0.010000000000000002,0.021,0.041,0.18599999999999997,0.372,0.496,0.5690000000000001,0.796,1.219,1.332,1.539,1.7250000000000003,1.818,2.138,2.221,2.2929999999999997
124.0,3,0.0,0.0,0.0,0.0,0.0,0.0,0.0,0.0,0.0,0.0,0.0,0.0,0.0,0.0,0.0,0.001,0.001,0.001,0.001,0.001,0.001,0.001,0.001
124.0,4,0.0,0.0,0.0,0.0,0.0,0.0,0.0,0.0,0.0,0.001,0.001,0.001,0.001,0.001,0.001,0.001,0.001,0.001,0.001,0.002,0.002,0.002,0.002
125.0,1,0.0,0.0,0.0,0.0,0.0,0.0,0.0,0.0,0.0,0.0,0.009000000000000001,0.065,0.24300000000000002,0.373,0.98,1.1480000000000001,1.522,1.848,2.082,2.082,2.157,2.157,2.175
125.0,2,0.0,0.0,0.0,0.0,0.0,0.0,0.0,0.009000000000000001,0.018000000000000002,0.037,0.167,0.33599999999999997,0.448,0.513,0.719,1.1010000000000002,1.203,1.3900000000000001,1.558,1.6420000000000001,1.9320000000000002,2.006,2.072
125.0,3,0.0,0.0,0.0,0.0,0.0,0.0,0.0,0.0,0.0,0.0,0.0,0.0,0.0,0.0,0.0,0.0,0.001,0.001,0.001,0.001,0.001,0.001,0.001
125.0,4,0.0,0.0,0.0,0.0,0.0,0.0,0.0,0.0,0.0,0.0,0.0,0.0,0.0,0.0,0.0,0.0,0.0,0.0,0.001,0.001,0.001,0.001,0.001
126.0,1,0.0,0.0,0.0,0.0,0.0,0.0,0.0,0.0,0.0,0.0,0.004999999999999999,0.038,0.143,0.221,0.579,0.678,0.8989999999999999,1.092,1.23,1.23,1.274,1.274,1.285
126.0,2,0.0,0.0,0.0,0.0,0.0,0.0,0.0,0.004999999999999999,0.011000000000000001,0.022,0.09899999999999999,0.198,0.265,0.303,0.424,0.651,0.711,0.821,0.9209999999999999,0.97,1.141,1.185,1.224
126.0,3,0.0,0.0,0.0,0.0,0.0,0.0,0.0,0.0,0.0,0.0,0.0,0.0,0.0,0.0,0.0,0.0,0.0,0.0,0.0,0.0,0.0,0.0,0.0
126.0,4,0.0,0.0,0.0,0.0,0.0,0.0,0.0,0.0,0.0,0.0,0.0,0.0,0.0,0.0,0.0,0.0,0.0,0.0,0.0,0.001,0.001,0.001,0.001
127.0,1,0.0,0.0,0.0,0.0,0.0,0.0,0.0,0.0,0.0,0.0,0.007000000000000001,0.048999999999999995,0.182,0.27999999999999997,0.734,0.86,1.1400000000000001,1.384,1.559,1.559,1.615,1.615,1.629
127.0,2,0.0,0.0,0.0,0.0,0.0,0.0,0.0,0.007000000000000001,0.014,0.027999999999999997,0.126,0.252,0.33599999999999997,0.385,0.538,0.8250000000000001,0.901,1.041,1.167,1.23,1.447,1.502,1.5510000000000002
127.0,3,0.0,0.0,0.0,0.0,0.0,0.0,0.0,0.0,0.0,0.0,0.0,0.0,0.0,0.0,0.0,0.0,0.001,0.001,0.001,0.001,0.001,0.001,0.001
127.0,4,0.0,0.0,0.0,0.0,0.0,0.0,0.0,0.0,0.0,0.0,0.0,0.0,0.0,0.0,0.0,0.0,0.0,0.0,0.001,0.001,0.001,0.001,0.001
128.0,1,0.0,0.0,0.0,0.0,0.0,0.0,0.0,0.0,0.0,0.0,0.017,0.124,0.461,0.709,1.8599999999999999,2.18,2.8890000000000002,3.5100000000000002,3.953,3.953,4.095,4.095,4.13
128.0,2,0.0,0.0,0.0,0.0,0.0,0.0,0.0,0.017,0.034999999999999996,0.06999999999999999,0.318,0.638,0.851,0.975,1.364,2.091,2.285,2.6400000000000006,2.959,3.118,3.668,3.8100000000000005,3.934
128.0,3,0.0,0.0,0.0,0.0,0.0,0.0,0.0,0.0,0.0,0.0,0.0,0.0,0.0,0.0,0.0,0.0,0.0009999999999999992,0.0009999999999999992,0.0009999999999999992,0.0009999999999999992,0.0009999999999999992,0.0009999999999999992,0.0009999999999999992
128.0,4,0.0,0.0,0.0,0.0,0.0,0.0,0.0,0.0,0.0,0.0,0.0,0.0,0.0,0.0,0.0,0.0,0.0,0.0,0.0009999999999999992,0.002,0.002,0.002,0.002
